[Licensing::Module] Trying to connect to existing licensing client channel...
Built from '6000.5/staging' branch; Version is '6000.5.8f1 (5cb7df797b7d) revision 6076383'; Using compiler version '194234433'; Build Type 'Release'
[Licensing::IpcConnector] Successfully connected to: "LicenseClient-krank" at "2026-09-09T06:36:29.4232689Z"
OS: 'Windows 11  (10.0.26220) Professional' Language: 'en' Physical Memory: 65165 MB
BatchMode: 0, IsHumanControllingUs: 1, StartBugReporterOnCrash: 1, Is64bit: 1
System  architecture: x64
Process architecture: x64
Date: 2026-09-09T06:36:29Z
[Licensing::Client] Code 10 while verifying Licensing Client signature (process Id: 30420, path: "C:/Program Files/Unity Hub/UnityLicensingClient_V1/Unity.Licensing.Client.exe")
[Licensing::Module] LicensingClient has failed validation; ignoring
[Licensing::Client] Handshaking with LicensingClient:
  Version:                 1.18.3+d7ffd15
  Session Id:              769211e1464843ebb35a4fdd6ae691c3
  Correlation Id:          919659ab012ebcd250260faf075247c9
  External correlation Id: 3191447252468459004
  Machine Id:              tZrLmtu1YNEJ3A39E52V3q1A25E=
[Licensing::Module] Successfully connected to LicensingClient on channel: "LicenseClient-krank" (connect: 0.00s, validation: 0.00s, handshake: 0.05s)
[Licensing::IpcConnector] Successfully connected to: "LicenseClient-krank-notifications" at "2026-09-09T06:36:29.4743085Z"
[Licensing::Client] Successfully updated the access token
[Licensing::Module] Successfully updated the access token kuCO6hOaLn...
[Licensing::Client] Successfully resolved entitlement details
[Licensing::Module] License group:
  Id: 1782019-UnityPersXXXX
  Product: Unity Personal
  Type: Assigned
  Expiration: Unlimited
[Licensing::Client] Successfully updated license, isAsync: True, time: 0.00
[Licensing::Client] Successfully resolved entitlement details
[Licensing::Module] Licensing Background thread has ended after 0.06s

COMMAND LINE ARGUMENTS:
C:\Program Files\Unity\Hub\Editor\6000.5.8f1\Editor\Unity.exe
-projectpath
C:\DEV\NTI\2026-2027 Programmering\TIA 2dshooter
-acceptSoftwareTermsForThisRunOnly
-useHub
-hubIPC
-cloudEnvironment
production
-licensingIpc
LicenseClient-krank
-hubSessionId
22edb26d-7d32-4707-8336-734aa7b1ad26
-accessToken
kuCO6hOaLnAxwUlZbgAV9PvIJXk-CZPPh-yiRnMqfA8005f
Successfully changed project path to: C:\DEV\NTI\2026-2027 Programmering\TIA 2dshooter
C:/DEV/NTI/2026-2027 Programmering/TIA 2dshooter
[UnityMemory] Configuration Parameters - Can be set up in boot.config
    "memorysetup-temp-allocator-size-gi-baking-worker=262144"
    "memorysetup-temp-allocator-size-gi-baking-worker=262144"
    "memorysetup-temp-allocator-size-gi-baking-worker=262144"
    "memorysetup-temp-allocator-size-gi-baking-worker=262144"
    "memorysetup-temp-allocator-size-gi-baking-worker=262144"
    "memorysetup-temp-allocator-size-nav-mesh-worker=65536"
    "memorysetup-temp-allocator-size-audio-worker=65536"
    "memorysetup-temp-allocator-size-cloud-worker=32768"
    "memorysetup-temp-allocator-size-gfx=262144"
    "memorysetup-temp-allocator-size-preload-manager=33554432"
    "memorysetup-allocator-temp-initial-block-size-main=262144"
    "memorysetup-allocator-temp-initial-block-size-worker=262144"
    "memorysetup-temp-allocator-size-job-worker=262144"
    "memorysetup-temp-allocator-size-background-worker=32768"
    "memorysetup-bucket-allocator-granularity=16"
    "memorysetup-bucket-allocator-bucket-count=8"
    "memorysetup-bucket-allocator-block-size=33554432"
    "memorysetup-bucket-allocator-block-count=8"
    "memorysetup-main-allocator-block-size=16777216"
    "memorysetup-thread-allocator-block-size=16777216"
    "memorysetup-main-allocator-mimalloc-enabled=0"
    "memorysetup-gfx-main-allocator-block-size=16777216"
    "memorysetup-gfx-thread-allocator-block-size=16777216"
    "memorysetup-cache-allocator-block-size=4194304"
    "memorysetup-typetree-allocator-block-size=2097152"
    "memorysetup-profiler-bucket-allocator-granularity=16"
    "memorysetup-profiler-bucket-allocator-bucket-count=8"
    "memorysetup-profiler-bucket-allocator-block-size=33554432"
    "memorysetup-profiler-bucket-allocator-block-count=8"
    "memorysetup-profiler-allocator-block-size=16777216"
    "memorysetup-profiler-editor-allocator-block-size=1048576"
    "memorysetup-temp-allocator-size-main=16777216"
    "memorysetup-job-temp-allocator-block-size=2097152"
    "memorysetup-job-temp-allocator-block-size-background=1048576"
    "memorysetup-job-temp-allocator-reduction-small-platforms=262144"
Player connection [34148]  Target information:

Player connection [34148]  * "[IP] 172.17.32.1 [Port] 55504 [Flags] 2 [Guid] 3439115558 [EditorId] 3439115558 [Version] 1048832 [Id] WindowsEditor(7,Monster) [Debug] 1 [PackageName] WindowsEditor [ProjectName] Editor" 

Player connection [34148]  * "[IP] 10.131.168.44 [Port] 55504 [Flags] 2 [Guid] 3439115558 [EditorId] 3439115558 [Version] 1048832 [Id] WindowsEditor(7,Monster) [Debug] 1 [PackageName] WindowsEditor [ProjectName] Editor" 

Player connection [34148] Host joined multi-casting on [225.0.0.222:54997]...
Player connection [34148] Host joined alternative multi-casting on [225.0.0.222:34997]...
Input System module state changed to: Initialized.
[Physics::Module] Initialized fallback backend.
[Physics::Module] Id: 0xdecafbad
[Package Manager] Connected to IPC stream "Upm-34412" after 0.3 seconds.
[Licensing::Client] Successfully resolved entitlement details
Library Redirect Path: Library/
[Physics::Module] Selected backend.
[Physics::Module] Name: PhysX
[Physics::Module] Id: 0xf2b8ea05
[Physics::Module] SDK Version: 4.1.2
[Physics::Module] Integration Version: 1.0.0
[Physics::Module] Threading Mode: Multi-Threaded
Initialize engine version: 6000.5.8f1 (5cb7df797b7d)
[Subsystems] Discovering subsystems at path C:/Program Files/Unity/Hub/Editor/6000.5.8f1/Editor/Data/Resources/UnitySubsystems
[Subsystems] Discovering subsystems at path C:/DEV/NTI/2026-2027 Programmering/TIA 2dshooter/Assets
GfxDevice: creating device client; kGfxThreadingModeThreaded
Direct3D:
    Version:  Direct3D 11.0 [level 11.1]
    Renderer: NVIDIA GeForce RTX 4050 Laptop GPU (ID=0x28e1)
    Vendor:   NVIDIA
    VRAM:     5920 MB
    Driver:   32.0.16.1664
Initialize mono
Mono path[0] = 'C:/Program Files/Unity/Hub/Editor/6000.5.8f1/Editor/Data/Managed'
Mono path[1] = 'C:/Program Files/Unity/Hub/Editor/6000.5.8f1/Editor/Data/BCLExtensions/runtime/netstandard2.1'
Mono path[2] = 'C:/Program Files/Unity/Hub/Editor/6000.5.8f1/Editor/Data/MonoBleedingEdge/lib/mono/unityjit-win32'
Mono config path = 'C:/Program Files/Unity/Hub/Editor/6000.5.8f1/Editor/Data/MonoBleedingEdge/etc'
Using monoOptions --debugger-agent=transport=dt_socket,embedding=1,server=y,suspend=n,address=127.0.0.1:56412
CodeReloadManager initialized
ImportWorker Server TCP listen port: 0
AcceleratorClientConnectionCallback - disconnected - :0
Begin MonoManager ReloadAssembly
Registering precompiled unity dll's ...
Register platform support module: C:/Program Files/Unity/Hub/Editor/6000.5.8f1/Editor/Data/PlaybackEngines/WindowsStandaloneSupport/UnityEditor.WindowsStandalone.Extensions.dll
Registered in 0.003263 seconds.
Native extension for WindowsStandalone target not found
Package Manager log level set to [2]
ScheduleIndexationOnStartup MainProcess:False IndexOnStartup:True
Mono: successfully reloaded assembly
- Finished resetting the current domain, in  0.626 seconds
Domain Reload Profiling: 1160ms
	BeginReloadAssembly (154ms)
		CreateAndSetChildDomain (6ms)
	RebuildCommonClasses (6ms)
	RebuildNativeTypeToScriptingClass (14ms)
	initialDomainReloadingComplete (76ms)
	LoadAllAssembliesAndSetupDomain (283ms)
		LoadAssemblies (142ms)
		AnalyzeDomain (200ms)
			TypeCache.Refresh (199ms)
				TypeCache.ScanAssembly (184ms)
	FinalizeReload (627ms)
		SetupLoadedEditorAssemblies (0ms)
			BeforeProcessingInitializeOnLoad (92ms)
			ProcessInitializeOnLoadAttributes (94ms)
			ProcessInitializeOnLoadMethodAttributes (373ms)
[Licensing::Client] Successfully resolved entitlement details
Application.AssetDatabase Initial Refresh Start
[Package Manager] Restoring resolved packages state from cache
[Licensing::Client] Successfully resolved entitlement details
[Package Manager] Registered 54 packages:
  Packages from [https://packages.unity.com]:
    com.unity.ide.visualstudio@2.0.26 (location: C:\DEV\NTI\2026-2027 Programmering\TIA 2dshooter\Library\PackageCache\com.unity.ide.visualstudio@a99d56dec63f)
    com.unity.inputsystem@1.20.0 (location: C:\DEV\NTI\2026-2027 Programmering\TIA 2dshooter\Library\PackageCache\com.unity.inputsystem@7a4e1a2a8194)
    com.unity.timeline@1.8.12 (location: C:\DEV\NTI\2026-2027 Programmering\TIA 2dshooter\Library\PackageCache\com.unity.timeline@8cd8509afae5)
    com.unity.searcher@4.9.5 (location: C:\DEV\NTI\2026-2027 Programmering\TIA 2dshooter\Library\PackageCache\com.unity.searcher@a463122f2c00)
    com.unity.burst@1.8.30 (location: C:\DEV\NTI\2026-2027 Programmering\TIA 2dshooter\Library\PackageCache\com.unity.burst@2f3d916873ea)
    com.unity.nuget.mono-cecil@1.11.6 (location: C:\DEV\NTI\2026-2027 Programmering\TIA 2dshooter\Library\PackageCache\com.unity.nuget.mono-cecil@ecb9724e46ff)
    com.unity.test-framework.performance@3.5.0 (location: C:\DEV\NTI\2026-2027 Programmering\TIA 2dshooter\Library\PackageCache\com.unity.test-framework.performance@8b56083ec0f0)
  Built-in packages:
    com.unity.2d.sprite@1.0.0 (location: C:\DEV\NTI\2026-2027 Programmering\TIA 2dshooter\Library\PackageCache\com.unity.2d.sprite@053a968eab56)
    com.unity.2d.tilemap@1.0.0 (location: C:\DEV\NTI\2026-2027 Programmering\TIA 2dshooter\Library\PackageCache\com.unity.2d.tilemap@b959501fd678)
    com.unity.render-pipelines.universal@17.5.0 (location: C:\DEV\NTI\2026-2027 Programmering\TIA 2dshooter\Library\PackageCache\com.unity.render-pipelines.universal@73b4c4ff130e)
    com.unity.test-framework@1.7.0 (location: C:\DEV\NTI\2026-2027 Programmering\TIA 2dshooter\Library\PackageCache\com.unity.test-framework@1405238725ab)
    com.unity.ugui@2.5.0 (location: C:\DEV\NTI\2026-2027 Programmering\TIA 2dshooter\Library\PackageCache\com.unity.ugui@1c4864518158)
    com.unity.modules.accessibility@1.0.0 (location: C:\DEV\NTI\2026-2027 Programmering\TIA 2dshooter\Library\PackageCache\com.unity.modules.accessibility)
    com.unity.modules.adaptiveperformance@1.0.0 (location: C:\DEV\NTI\2026-2027 Programmering\TIA 2dshooter\Library\PackageCache\com.unity.modules.adaptiveperformance)
    com.unity.modules.ai@1.0.0 (location: C:\DEV\NTI\2026-2027 Programmering\TIA 2dshooter\Library\PackageCache\com.unity.modules.ai)
    com.unity.modules.androidjni@1.0.0 (location: C:\DEV\NTI\2026-2027 Programmering\TIA 2dshooter\Library\PackageCache\com.unity.modules.androidjni)
    com.unity.modules.animation@1.0.0 (location: C:\DEV\NTI\2026-2027 Programmering\TIA 2dshooter\Library\PackageCache\com.unity.modules.animation)
    com.unity.modules.assetbundle@1.0.0 (location: C:\DEV\NTI\2026-2027 Programmering\TIA 2dshooter\Library\PackageCache\com.unity.modules.assetbundle)
    com.unity.modules.audio@1.0.0 (location: C:\DEV\NTI\2026-2027 Programmering\TIA 2dshooter\Library\PackageCache\com.unity.modules.audio)
    com.unity.modules.cloth@1.0.0 (location: C:\DEV\NTI\2026-2027 Programmering\TIA 2dshooter\Library\PackageCache\com.unity.modules.cloth)
    com.unity.modules.director@1.0.0 (location: C:\DEV\NTI\2026-2027 Programmering\TIA 2dshooter\Library\PackageCache\com.unity.modules.director)
    com.unity.modules.imageconversion@1.0.0 (location: C:\DEV\NTI\2026-2027 Programmering\TIA 2dshooter\Library\PackageCache\com.unity.modules.imageconversion)
    com.unity.modules.imgui@1.0.0 (location: C:\DEV\NTI\2026-2027 Programmering\TIA 2dshooter\Library\PackageCache\com.unity.modules.imgui)
    com.unity.modules.jsonserialize@1.0.0 (location: C:\DEV\NTI\2026-2027 Programmering\TIA 2dshooter\Library\PackageCache\com.unity.modules.jsonserialize)
    com.unity.modules.particlesystem@1.0.0 (location: C:\DEV\NTI\2026-2027 Programmering\TIA 2dshooter\Library\PackageCache\com.unity.modules.particlesystem)
    com.unity.modules.physics@1.0.0 (location: C:\DEV\NTI\2026-2027 Programmering\TIA 2dshooter\Library\PackageCache\com.unity.modules.physics)
    com.unity.modules.physics2d@1.0.0 (location: C:\DEV\NTI\2026-2027 Programmering\TIA 2dshooter\Library\PackageCache\com.unity.modules.physics2d)
    com.unity.modules.physicscore2d@1.0.0 (location: C:\DEV\NTI\2026-2027 Programmering\TIA 2dshooter\Library\PackageCache\com.unity.modules.physicscore2d)
    com.unity.modules.screencapture@1.0.0 (location: C:\DEV\NTI\2026-2027 Programmering\TIA 2dshooter\Library\PackageCache\com.unity.modules.screencapture)
    com.unity.modules.terrain@1.0.0 (location: C:\DEV\NTI\2026-2027 Programmering\TIA 2dshooter\Library\PackageCache\com.unity.modules.terrain)
    com.unity.modules.terrainphysics@1.0.0 (location: C:\DEV\NTI\2026-2027 Programmering\TIA 2dshooter\Library\PackageCache\com.unity.modules.terrainphysics)
    com.unity.modules.tilemap@1.0.0 (location: C:\DEV\NTI\2026-2027 Programmering\TIA 2dshooter\Library\PackageCache\com.unity.modules.tilemap)
    com.unity.modules.ui@1.0.0 (location: C:\DEV\NTI\2026-2027 Programmering\TIA 2dshooter\Library\PackageCache\com.unity.modules.ui)
    com.unity.modules.uielements@1.0.0 (location: C:\DEV\NTI\2026-2027 Programmering\TIA 2dshooter\Library\PackageCache\com.unity.modules.uielements)
    com.unity.modules.umbra@1.0.0 (location: C:\DEV\NTI\2026-2027 Programmering\TIA 2dshooter\Library\PackageCache\com.unity.modules.umbra)
    com.unity.modules.unityanalytics@1.0.0 (location: C:\DEV\NTI\2026-2027 Programmering\TIA 2dshooter\Library\PackageCache\com.unity.modules.unityanalytics)
    com.unity.modules.unitywebrequest@1.0.0 (location: C:\DEV\NTI\2026-2027 Programmering\TIA 2dshooter\Library\PackageCache\com.unity.modules.unitywebrequest)
    com.unity.modules.unitywebrequestassetbundle@1.0.0 (location: C:\DEV\NTI\2026-2027 Programmering\TIA 2dshooter\Library\PackageCache\com.unity.modules.unitywebrequestassetbundle)
    com.unity.modules.unitywebrequestaudio@1.0.0 (location: C:\DEV\NTI\2026-2027 Programmering\TIA 2dshooter\Library\PackageCache\com.unity.modules.unitywebrequestaudio)
    com.unity.modules.unitywebrequesttexture@1.0.0 (location: C:\DEV\NTI\2026-2027 Programmering\TIA 2dshooter\Library\PackageCache\com.unity.modules.unitywebrequesttexture)
    com.unity.modules.unitywebrequestwww@1.0.0 (location: C:\DEV\NTI\2026-2027 Programmering\TIA 2dshooter\Library\PackageCache\com.unity.modules.unitywebrequestwww)
    com.unity.modules.vectorgraphics@1.0.0 (location: C:\DEV\NTI\2026-2027 Programmering\TIA 2dshooter\Library\PackageCache\com.unity.modules.vectorgraphics)
    com.unity.modules.vehicles@1.0.0 (location: C:\DEV\NTI\2026-2027 Programmering\TIA 2dshooter\Library\PackageCache\com.unity.modules.vehicles)
    com.unity.modules.video@1.0.0 (location: C:\DEV\NTI\2026-2027 Programmering\TIA 2dshooter\Library\PackageCache\com.unity.modules.video)
    com.unity.modules.wind@1.0.0 (location: C:\DEV\NTI\2026-2027 Programmering\TIA 2dshooter\Library\PackageCache\com.unity.modules.wind)
    com.unity.modules.xr@1.0.0 (location: C:\DEV\NTI\2026-2027 Programmering\TIA 2dshooter\Library\PackageCache\com.unity.modules.xr)
    com.unity.modules.subsystems@1.0.0 (location: C:\DEV\NTI\2026-2027 Programmering\TIA 2dshooter\Library\PackageCache\com.unity.modules.subsystems)
    com.unity.modules.hierarchycore@1.0.0 (location: C:\DEV\NTI\2026-2027 Programmering\TIA 2dshooter\Library\PackageCache\com.unity.modules.hierarchycore)
    com.unity.ext.nunit@2.1.0 (location: C:\DEV\NTI\2026-2027 Programmering\TIA 2dshooter\Library\PackageCache\com.unity.ext.nunit@44f7d31723bd)
    com.unity.render-pipelines.core@17.5.0 (location: C:\DEV\NTI\2026-2027 Programmering\TIA 2dshooter\Library\PackageCache\com.unity.render-pipelines.core@a4c9a9793789)
    com.unity.shadergraph@17.5.0 (location: C:\DEV\NTI\2026-2027 Programmering\TIA 2dshooter\Library\PackageCache\com.unity.shadergraph@8d7376ec43ee)
    com.unity.render-pipelines.universal-config@17.5.0 (location: C:\DEV\NTI\2026-2027 Programmering\TIA 2dshooter\Library\PackageCache\com.unity.render-pipelines.universal-config@fdda01c80fe3)
    com.unity.collections@6.5.0 (location: C:\DEV\NTI\2026-2027 Programmering\TIA 2dshooter\Library\PackageCache\com.unity.collections@ec2c217e4cb2)
    com.unity.mathematics@1.4.0 (location: C:\DEV\NTI\2026-2027 Programmering\TIA 2dshooter\Library\PackageCache\com.unity.mathematics@981956d94fb6)
[Subsystems] No new subsystems found in resolved package list.
[Package Manager] Done registering packages in 0.03 seconds
info: Microsoft.Hosting.Lifetime[14]
      Now listening on: http://localhost:80
info: Microsoft.Hosting.Lifetime[0]
      Application started. Press Ctrl+C to shut down.
info: Microsoft.Hosting.Lifetime[0]
      Hosting environment: Production
info: Microsoft.Hosting.Lifetime[0]
      Content root path: C:\DEV\NTI\2026-2027 Programmering\TIA 2dshooter
info: Microsoft.AspNetCore.Hosting.Diagnostics[1]
      Request starting HTTP/2 POST http://ilpp/UnityILPP.PostProcessing/Ping - application/grpc -
info: Microsoft.AspNetCore.Routing.EndpointMiddleware[0]
      Executing endpoint 'gRPC - /UnityILPP.PostProcessing/Ping'
info: Microsoft.AspNetCore.Routing.EndpointMiddleware[1]
      Executed endpoint 'gRPC - /UnityILPP.PostProcessing/Ping'
info: Microsoft.AspNetCore.Hosting.Diagnostics[2]
      Request finished HTTP/2 POST http://ilpp/UnityILPP.PostProcessing/Ping - 200 - application/grpc 26.9412ms
Starting: C:\Program Files\Unity\Hub\Editor\6000.5.8f1\Editor\Data\Tools\BuildPipeline\bee_backend.exe --ipc --defer-dag-verification --dagfile="Library/Bee/1900b0aE.dag" --continue-on-failure --profile="Library/Bee/backend1.traceevents" ScriptAssemblies
WorkingDir: C:/DEV/NTI/2026-2027 Programmering/TIA 2dshooter
info: Microsoft.AspNetCore.Hosting.Diagnostics[1]
      Request starting HTTP/2 POST http://ilpp/UnityILPP.PostProcessing/ConfigurePostProcessors - application/grpc -
info: Microsoft.AspNetCore.Routing.EndpointMiddleware[0]
      Executing endpoint 'gRPC - /UnityILPP.PostProcessing/ConfigurePostProcessors'
warn: Unity.ILPP.Runner.PostProcessingAssemblyLoadContext[0]
      Assembly system.runtime.interopservices.windowsruntime has duplicate hint path. Ignoring "C:\Program Files\Unity\Hub\Editor\6000.5.8f1\Editor\Data\UnityReferenceAssemblies\unity-4.8-api\Facades\System.Runtime.InteropServices.WindowsRuntime.dll" in favor of "C:\Program Files\Unity\Hub\Editor\6000.5.8f1\Editor\Data\NetStandard\Extensions\2.0.0\System.Runtime.InteropServices.WindowsRuntime.dll"
warn: Unity.ILPP.Runner.PostProcessingAssemblyLoadContext[0]
      Assembly system.componentmodel.composition has duplicate hint path. Ignoring "C:\Program Files\Unity\Hub\Editor\6000.5.8f1\Editor\Data\UnityReferenceAssemblies\unity-4.8-api\System.ComponentModel.Composition.dll" in favor of "C:\Program Files\Unity\Hub\Editor\6000.5.8f1\Editor\Data\NetStandard\compat\2.1.0\shims\netfx\System.ComponentModel.Composition.dll"
info: Unity.ILPP.Runner.PostProcessingAssemblyLoadContext[0]
      Resolved Unity.Burst.Cecil, Version=0.11.6.0, Culture=neutral, PublicKeyToken=50cebf1cceb9d05e with Library\PackageCache\com.unity.burst@2f3d916873ea\Unity.Burst.CodeGen\Unity.Burst.Cecil.dll
info: Unity.ILPP.Runner.PostProcessingAssemblyLoadContext[0]
      Resolved Mono.Cecil, Version=0.11.5.0, Culture=neutral, PublicKeyToken=50cebf1cceb9d05e with Library\PackageCache\com.unity.nuget.mono-cecil@ecb9724e46ff\Mono.Cecil.dll
info: Microsoft.AspNetCore.Routing.EndpointMiddleware[1]
      Executed endpoint 'gRPC - /UnityILPP.PostProcessing/ConfigurePostProcessors'
info: Microsoft.AspNetCore.Hosting.Diagnostics[2]
      Request finished HTTP/2 POST http://ilpp/UnityILPP.PostProcessing/ConfigurePostProcessors - 200 - application/grpc 55.2653ms
ExitCode: 0 Duration: 0s370ms
[582/727    0s] ILPP-Configuration Library/ilpp-configuration.nevergeneratedoutput
*** Tundra build success (0.33 seconds), 1 items updated, 727 evaluated
AssetDatabase: script compilation time: 0.786563s
Begin MonoManager ReloadAssembly
Native extension for WindowsStandalone target not found
ScheduleIndexationOnStartup MainProcess:True IndexOnStartup:True
Mono: successfully reloaded assembly
- Finished resetting the current domain, in  2.844 seconds
Domain Reload Profiling: 4070ms
	BeginReloadAssembly (466ms)
		DisableScriptedObjects (55ms)
		CreateAndSetChildDomain (159ms)
	RebuildCommonClasses (11ms)
	RebuildNativeTypeToScriptingClass (21ms)
	initialDomainReloadingComplete (88ms)
	LoadAllAssembliesAndSetupDomain (638ms)
		LoadAssemblies (424ms)
		AnalyzeDomain (185ms)
			TypeCache.Refresh (118ms)
				TypeCache.ScanAssembly (109ms)
			BuildScriptInfoCaches (53ms)
			ResolveRequiredComponents (11ms)
	FinalizeReload (2845ms)
		SetupLoadedEditorAssemblies (0ms)
			BeforeProcessingInitializeOnLoad (115ms)
			ProcessInitializeOnLoadAttributes (2071ms)
			ProcessInitializeOnLoadMethodAttributes (231ms)
			AfterProcessingInitializeOnLoad (13ms)
		AwakeInstancesAfterBackupRestoration (39ms)
Starting new worker id: 0 with log in C:/DEV/NTI/2026-2027 Programmering/TIA 2dshooter/Logs/AssetImportWorkerHW0.log

Asset Pipeline Refresh (id=17361dd8eaf83e340a64c43b99d7681f): Total: 5.748 seconds - Initiated by InitialRefreshV2(ForceSynchronousImport)
	(Values over 0.05ms)
	Summary:
		Imports: total=0 (actual=0, local cache=0, cache server=0)
		Asset DB Process Time: managed=0 ms, native=3357 ms
		Asset DB Callback time: managed=212 ms, native=28 ms
		Scripting: domain reloads=1, domain reload time=1309 ms, compile time=790 ms, other=49 ms
		Project Asset Count: scripts=980, non-scripts=1925
		Asset File Changes: new=0, changed=0, moved=0, deleted=0
		Scan Filter Count: 0
	InvokePackagesCallback: 31.578ms
	ApplyChangesToAssetFolders: 0.676ms
	Scan: 145.552ms
	Collect global state as custom dependencies: 10.091ms
	CategorizeScriptCompilationAssets: 21.321ms
	ProcessAssetsWithTransientArtifactChanges: 82.916ms
	CategorizeAssets: 45.243ms
	CompileScripts: 790.043ms
	ImportOutOfDateAssets: 2910.021ms (2854.938ms without children)
		UnloadImportedAssets: 0.190ms
		EnsureUptoDateAssetsAreRegisteredWithGuidPM: 0.459ms
		ImportSchedulerStart: 54.428ms
	PostProcessAllAssets: 212.133ms
		MonoPostProcessAllAssets: 212.084ms
			UniversalRenderPipelineGlobalSettingsPostprocessor.OnPostprocessAllAssets 176.943ms
			SyncVS.PostprocessSyncProject 15.156ms
			WindowAssetPostprocessingWatcher.OnPostprocessAllAssets 2.464ms
			SpeedTree9Postprocessor.OnPostprocessAllAssets 2.310ms
			EditModeScopePostprocessor.OnPostprocessAllAssets 1.230ms
			ShaderReflectionAssetPostProcessor.OnPostprocessAllAssets 0.374ms
			InputActionAssetPostprocessor.OnPostprocessAllAssets 0.333ms
			ReferencedClipsPostProcessor.OnPostprocessAllAssets 0.311ms
			TerrainToolbarOverlayPostProcessor.OnPostprocessAllAssets 0.308ms
			ProjectSettingsPostprocessor.OnPostprocessAllAssets 0.227ms
			AssetDatabaseCallbacks.OnPostprocessAllAssets 0.209ms
			RenderPipelineGlobalSettingsPostprocessor.OnPostprocessAllAssets 0.104ms
	UnloadStreamsBegin: 2.637ms
	PersistCurrentRevisions: 0.104ms
	GenerateScriptTypeHashes: 2.611ms
	GenerateScriptTypeSerializationHashes: 4.947ms
	Untracked: 1480.157ms

Application.AssetDatabase Initial Refresh End
Launched and connected shader compiler UnityShaderCompiler.exe after 0.02 seconds
Scanning for USB devices : 1.921ms
Initializing Unity extensions:
[MODES] ModeService[none].Initialize
[MODES] ModeService[none].LoadModes
[MODES] Loading mode Default (0) for mode-current-id-ShooterBase
LightingSettings: switching bake backend from 2 to 1.
Unloading 143 Unused Serialized files (Serialized files now loaded: 0)
Loaded scene 'Assets/Main.unity'
	Deserialize:            18.591 ms
	Integration:            299.961 ms
	Integration of assets:  3.743 ms
	Thread Wait Time:       0.320 ms
	Total Operation Time:   322.614 ms
Unloading 4159 unused Assets / (6.0 MB). Loaded Objects now: 5236.
Memory consumption went from 364.2 MB to 358.2 MB.
Total: 19.447600 ms (FindLiveObjects: 0.670800 ms CreateObjectMapping: 2.481200 ms MarkObjects: 6.996000 ms  DeleteObjects: 9.294000 ms)

[LAYOUT] About to load UserSettings\Layouts\default-6000.dwlt, keepMainWindow=False
[LAYOUT] About to save layout C:\DEV\NTI\2026-2027 Programmering\TIA 2dshooter\UserSettings\Layouts\default-6000.dwlt
[LAYOUT] About to save layout C:/Users/krank/AppData/Roaming/Unity/Editor-5.x/Preferences\Layouts\current\default-6000.dwlt
[MODES] ModeService[default].InitializeCurrentMode
[MODES] ModeService[default].RaiseModeChanged(default, default)
This project uses Input Manager, which is marked for deprecation. To manage input in your project, use the <a href="https://docs.unity3d.com/Packages/com.unity.inputsystem@latest">Input System package</a> instead.
<RI> Initializing input.
Using Windows.Gaming.Input
<RI> Input initialized.
[Project] Loading completed in 10.473 seconds
	Project init time: 				8.756 seconds
		Template init time: 		0.000 seconds
		Package Manager init time: 		0.294 seconds
		Asset Database init time: 		0.358 seconds
		Global illumination init time: 	0.003 seconds
		Assemblies load time: 			1.216 seconds
		Unity extensions init time: 	0.029 seconds
		Asset Database refresh time: 	5.748 seconds
	Scene opening time: 			1.416 seconds
##utp:{"type":"ProjectInfo","version":2,"phase":"Immediate","time":1788935799884,"processId":34412,"projectLoad":10.4726658,"projectInit":8.7559045,"templateInit":0.0,"packageManagerInit":0.2944403,"assetDatabaseInit":0.3579144,"globalIlluminationInit":0.0031551,"assembliesLoad":1.2164893,"unityExtensionsInit":0.0287996,"assetDatabaseRefresh":5.7479754,"sceneOpening":1.4161353}
##utp:{"type":"EditorInfo","version":2,"phase":"Immediate","time":1788935799884,"processId":34412,"editorVersion":"6000.5.8f1 (5cb7df797b7d)","branch":"6000.5/staging","buildType":"Release","platform":"Windows"}
Worker ready: AssetImportWorkerHW0 0
Asset Pipeline Refresh (id=d10d48b7c58418d4f95fdfeb5bb1887f): Total: 0.090 seconds - Initiated by RefreshV2(AllowForceSynchronousImport)
Dynamic Batching is deprecated and will be removed in a future release. Use GPU Instancing instead. Disable Dynamic Batching in Project Settings > Player > Other Settings to remove this warning.
UnityEngine.Debug:ExtractStackTraceNoAlloc (byte*,int,string)
UnityEngine.StackTraceUtility:ExtractStackTrace ()
UnityEngine.DebugLogHandler:Internal_Log (UnityEngine.LogType,UnityEngine.LogOption,string,UnityEngine.Object)
UnityEngine.DebugLogHandler:LogFormat (UnityEngine.LogType,UnityEngine.Object,string,object[])
UnityEngine.Logger:Log (UnityEngine.LogType,object)
UnityEngine.Debug:LogWarning (object)
UnityEditor.PlayerSettingsBatchingWarning:WarnIfDynamicBatchingEnabled ()
UnityEditor.EditorApplication:Internal_CallUpdateFunctions ()

Created GICache directory at C:/Users/krank/AppData/LocalLow/Unity/Caches/GiCache. Took: 0.030s, timestamps: [11.504 - 11.534]
[Licensing::Client] Successfully resolved entitlement details
[Licensing::Client] Successfully updated the access token
[Licensing::Module] Successfully updated access token: "kuCO6hOa"... (expires: 2026-09-09T08:23:03Z)
[Licensing::Client] Successfully resolved entitlement details
[Licensing::Client] Successfully resolved entitlement details
[Licensing::Client] Successfully resolved entitlement details
TrimDiskCacheJob: Current cache size 0mb
Asset Pipeline Refresh (id=74181c985a4ac1245be13335f8d3a112): Total: 0.013 seconds - Initiated by RefreshV2(AllowForceSynchronousImport)
Start Indexing on Editor startup
[Indexing] Starting Initial Indexing for Assets
Asset Pipeline Refresh (id=b05ea538407dab443bb09a91e8c689f3): Total: 0.010 seconds - Initiated by RefreshV2(AllowForceSynchronousImport)
Asset Pipeline Refresh (id=f8ef67bc7efdb984cacca6b89126f1bc): Total: 0.006 seconds - Initiated by RefreshV2(AllowForceSynchronousImport)
Asset Pipeline Refresh (id=300d5870ac164fe4d8a4c5d9523940d1): Total: 0.005 seconds - Initiated by RefreshV2(AllowForceSynchronousImport)
Asset Pipeline Refresh (id=756b5afdd926ad748b4d2400f1702c65): Total: 0.009 seconds - Initiated by RefreshV2(AllowForceSynchronousImport)
[Licensing::Client] Successfully resolved entitlement details

Asset Pipeline Refresh (id=1491ff46dc25b5b45b41a3cde89b4466): Total: 0.008 seconds - Initiated by RefreshV2(AllowForceSynchronousImport)
Asset Pipeline Refresh (id=0dc627367de801546948cb28f11d54e5): Total: 0.006 seconds - Initiated by RefreshV2(AllowForceSynchronousImport)
Asset Pipeline Refresh (id=e9de52b41e9ed9e4fbcc7ef1bc6612b9): Total: 0.011 seconds - Initiated by RefreshV2(NoUpdateAssetOptions)
SpriteAtlasPacking completed in 0.017145 sec
Reloading assemblies for play mode.
Reloading assemblies after forced synchronous recompile.
[Licensing::Client] Successfully resolved entitlement details
Begin MonoManager ReloadAssembly
Native extension for WindowsStandalone target not found
ScheduleIndexationOnStartup MainProcess:True IndexOnStartup:True
[MODES] ModeService[none].Initialize
[MODES] ModeService[none].LoadModes
Mono: successfully reloaded assembly
- Finished resetting the current domain, in  1.678 seconds
Domain Reload Profiling: 2641ms
	BeginReloadAssembly (716ms)
		DisableScriptedObjects (150ms)
		CreateAndSetChildDomain (361ms)
	RebuildCommonClasses (9ms)
	RebuildNativeTypeToScriptingClass (14ms)
	initialDomainReloadingComplete (61ms)
	LoadAllAssembliesAndSetupDomain (161ms)
		LoadAssemblies (140ms)
		AnalyzeDomain (31ms)
			TypeCache.Refresh (5ms)
			ResolveRequiredComponents (24ms)
	FinalizeReload (1679ms)
		SetupLoadedEditorAssemblies (0ms)
			BeforeProcessingInitializeOnLoad (92ms)
			ProcessInitializeOnLoadAttributes (384ms)
			ProcessInitializeOnLoadMethodAttributes (201ms)
			AfterProcessingInitializeOnLoad (12ms)
		AwakeInstancesAfterBackupRestoration (591ms)
No restricted APIs configured; Validation skipped.
Checking 11 assemblies for restricted APIs found 0 usage(s) in 4 ms

Asset Pipeline Refresh (id=667ba7f81a790c745a135746e741cdb2): Total: 3.652 seconds - Initiated by StopAssetImportingV2(ForceSynchronousImport | ForceDomainReload)
	(Values over 0.05ms)
	Summary:
		Imports: total=0 (actual=0, local cache=0, cache server=0)
		Asset DB Process Time: managed=0 ms, native=1895 ms
		Asset DB Callback time: managed=478 ms, native=249 ms
		Scripting: domain reloads=1, domain reload time=1025 ms, compile time=3 ms, other=0 ms
		Project Asset Count: scripts=980, non-scripts=1925
		Asset File Changes: new=0, changed=0, moved=0, deleted=0
		Scan Filter Count: 0
	InvokePackagesCallback: 2.612ms
	ApplyChangesToAssetFolders: 0.267ms
	Collect global state as custom dependencies: 1.166ms
	ProcessAssetsWithTransientArtifactChanges: 103.058ms
	CategorizeAssets: 33.267ms
	CompileScripts: 2.715ms
	ImportOutOfDateAssets: 1715.625ms (1686.588ms without children)
		CollectScriptTypesHashes: 1.608ms
		ReloadNativeAssets: 1.042ms
		UnloadImportedAssets: 1.476ms
		EnsureUptoDateAssetsAreRegisteredWithGuidPM: 0.480ms
		ImportSchedulerStart: 26.024ms
	PostProcessAllAssets: 717.120ms
		AssemblyValidation.PostprocessAllAssets 9.370ms
		PostProcessCallbackCreateDeferredMaterials 7.994ms
		PostprocessAssetsUpdateCachedIcon 6.782ms
		ComputeShaderImportPostprocess 4.694ms
		RaytracingShaderImportPostprocess 4.027ms
		ShaderAssetModifiedCallback 3.973ms
		SpeedTreeImporter.PostprocessAllAssets 2.856ms
		LocalizationDatabase.AssetDatabasePostprocessCallback 2.385ms
		BlockShaderImporter.PostprocessAllAssets 1.812ms
		XRBuildSystem.XRAssetImported 0.147ms
		MonoPostProcessAllAssets: 475.540ms
			SyncVS.PostprocessSyncProject 188.378ms
			ShaderGraphAssetPostProcessor.OnPostprocessAllAssets 94.585ms
			PostProcessor.OnPostprocessAllAssets 22.894ms
			InputActionAssetPostprocessor.OnPostprocessAllAssets 22.007ms
			AssetPostprocessor.OnPostprocessAllAssets 18.700ms
			InputActionJsonNameModifierAssetProcessor.OnPostprocessAllAssets 17.498ms
			MaterialPostprocessor.OnPostprocessAllAssets 16.242ms
			SpriteSlicePostprocessor.OnPostprocessAllAssets 12.532ms
			UniversalRenderPipelineGlobalSettingsPostprocessor.OnPostprocessAllAssets 11.602ms
			TextAssetPostProcessor.OnPostprocessAllAssets 10.462ms
			AssetChangedListener.OnPostprocessAllAssets 9.899ms
			BuilderAssetPostprocessor.OnPostprocessAllAssets 5.025ms
			SpeedTree9Postprocessor.OnPostprocessAllAssets 3.259ms
			RetainedModeAssetPostprocessor.OnPostprocessAllAssets 2.162ms
			WindowAssetPostprocessingWatcher.OnPostprocessAllAssets 1.925ms
			ProjectSettingsPostprocessor.OnPostprocessAllAssets 0.925ms
			ArtifactBrowserPostProcessor.OnPostprocessAllAssets 0.526ms
			SpriteEditorTexturePostprocessor.OnPostprocessAllAssets 0.508ms
			ShaderReflectionAssetPostProcessor.OnPostprocessAllAssets 0.415ms
			EditModeScopePostprocessor.OnPostprocessAllAssets 0.377ms
			TMPro_TexturePostProcessor.OnPostprocessAllAssets 0.359ms
			AssetProcessor.OnPostprocessAllAssets 0.340ms
			SampleDependencyImporterPostProcessor.OnPostprocessAllAssets 0.340ms
			StyleCatalogPostProcessor.OnPostprocessAllAssets 0.280ms
			ReferencedClipsPostProcessor.OnPostprocessAllAssets 0.249ms
			AudioMixerPostprocessor.OnPostprocessAllAssets 0.240ms
			SpeedTreePostProcessor.OnPostprocessAllAssets 0.193ms
			AssetEvents.OnPostprocessAllAssets 0.191ms
			RenderPipelineGlobalSettingsPostprocessor.OnPostprocessAllAssets 0.180ms
			SamplePostprocessor.OnPostprocessAllAssets 0.145ms
			ConfigAssetsTracker.OnPostprocessAllAssets 0.130ms
			TerrainToolbarOverlayPostProcessor.OnPostprocessAllAssets 0.128ms
			AssetDatabaseCallbacks.OnPostprocessAllAssets 0.122ms
			ScenarioDriftAssetsTracker.OnPostprocessAllAssets 0.118ms
			AudioContainerPostProcessor.OnPostprocessAllAssets 0.067ms
	PostAssetChangesProfiler: 10.636ms
	GatherAllCurrentPrimaryImportResultRevisions: 0.122ms
	PersistCurrentRevisions: 0.114ms
	GenerateScriptTypeHashes: 2.863ms
	GenerateScriptTypeSerializationHashes: 4.806ms
	Untracked: 1054.428ms

LightingSettings: switching bake backend from 2 to 1.
Loaded scene 'Temp/__Backupscenes/0.backup'
	Deserialize:            1.449 ms
	Integration:            197.452 ms
	Integration of assets:  0.002 ms
	Thread Wait Time:       0.023 ms
	Total Operation Time:   198.925 ms
[Licensing::Client] Successfully resolved entitlement details
[Licensing::Client] Successfully resolved entitlement details
LightingSettings: switching bake backend from 2 to 1.
Unloading 5 Unused Serialized files (Serialized files now loaded: 0)
Loaded scene 'Temp/__Backupscenes/0.backup'
	Deserialize:            0.925 ms
	Integration:            150.582 ms
	Integration of assets:  0.001 ms
	Thread Wait Time:       0.069 ms
	Total Operation Time:   151.577 ms
Unloading 3625 unused Assets / (24.7 MB). Loaded Objects now: 6355.
Memory consumption went from 0.60 GB to 0.57 GB.
Total: 21.414300 ms (FindLiveObjects: 0.469600 ms CreateObjectMapping: 1.100500 ms MarkObjects: 10.948600 ms  DeleteObjects: 8.893700 ms)

[Licensing::Client] Successfully resolved entitlement details
[ScriptCompilation] Requested script compilation because: AssetDatabase observed changes in script compilation related files
Asset Pipeline Refresh (id=c221b520310c5a74fb2d7a744d2d9f91): Total: 0.137 seconds - Initiated by RefreshV2(NoUpdateAssetOptions)
[Licensing::Client] Successfully resolved entitlement details
info: Microsoft.AspNetCore.Hosting.Diagnostics[1]
      Request starting HTTP/2 POST http://ilpp/UnityILPP.PostProcessing/Ping - application/grpc -
info: Microsoft.AspNetCore.Routing.EndpointMiddleware[0]
      Executing endpoint 'gRPC - /UnityILPP.PostProcessing/Ping'
info: Microsoft.AspNetCore.Routing.EndpointMiddleware[1]
      Executed endpoint 'gRPC - /UnityILPP.PostProcessing/Ping'
info: Microsoft.AspNetCore.Hosting.Diagnostics[2]
      Request finished HTTP/2 POST http://ilpp/UnityILPP.PostProcessing/Ping - 200 - application/grpc 0.8177ms
Starting: C:\Program Files\Unity\Hub\Editor\6000.5.8f1\Editor\Data\Tools\BuildPipeline\bee_backend.exe --ipc --defer-dag-verification --dagfile="Library/Bee/1900b0aE.dag" --continue-on-failure --profile="Library/Bee/backend1.traceevents" ScriptAssemblies
WorkingDir: C:/DEV/NTI/2026-2027 Programmering/TIA 2dshooter
info: Microsoft.AspNetCore.Hosting.Diagnostics[1]
      Request starting HTTP/2 POST http://ilpp/UnityILPP.PostProcessing/ConfigurePostProcessors - application/grpc -
info: Microsoft.AspNetCore.Routing.EndpointMiddleware[0]
      Executing endpoint 'gRPC - /UnityILPP.PostProcessing/ConfigurePostProcessors'
info: Unity.ILPP.Runner.PostProcessingAssemblyLoadContext[0]
      Current configuration matches the requested one, skipping
info: Microsoft.AspNetCore.Routing.EndpointMiddleware[1]
      Executed endpoint 'gRPC - /UnityILPP.PostProcessing/ConfigurePostProcessors'
info: Microsoft.AspNetCore.Hosting.Diagnostics[2]
      Request finished HTTP/2 POST http://ilpp/UnityILPP.PostProcessing/ConfigurePostProcessors - 200 - application/grpc 7.4231ms
info: Microsoft.AspNetCore.Hosting.Diagnostics[1]
      Request starting HTTP/2 POST http://ilpp/UnityILPP.PostProcessing/PostProcessAssembly - application/grpc -
info: Microsoft.AspNetCore.Routing.EndpointMiddleware[0]
      Executing endpoint 'gRPC - /UnityILPP.PostProcessing/PostProcessAssembly'
info: Unity.ILPP.Runner.PostProcessingPipeline[0]
      Processing assembly Library/Bee/artifacts/1900b0aE.dag/Assembly-CSharp.dll, with 142 defines and 323 references
info: Unity.ILPP.Runner.PostProcessingPipeline[0]
      processors: Unity.Jobs.CodeGen.JobsILPostProcessor, zzzUnity.Burst.CodeGen.BurstILPostProcessor
info: Unity.ILPP.Runner.PostProcessingPipeline[0]
      running Unity.Jobs.CodeGen.JobsILPostProcessor
info: Unity.ILPP.Runner.PostProcessingAssemblyLoadContext[0]
      Resolved Unity.Collections, Version=0.0.0.0, Culture=neutral, PublicKeyToken=null with Library\Bee\artifacts\1900b0aE.dag\Unity.Collections.dll
info: Unity.ILPP.Runner.PostProcessingAssemblyLoadContext[0]
      Resolved UnityEditor.CoreModule, Version=0.0.0.0, Culture=neutral, PublicKeyToken=null with C:\Program Files\Unity\Hub\Editor\6000.5.8f1\Editor\Data\Managed\UnityEngine\UnityEditor.CoreModule.dll
info: Unity.ILPP.Runner.PostProcessingAssemblyLoadContext[0]
      Resolved UnityEngine.CoreModule, Version=0.0.0.0, Culture=neutral, PublicKeyToken=null with C:\Program Files\Unity\Hub\Editor\6000.5.8f1\Editor\Data\Managed\UnityEngine\UnityEngine.CoreModule.dll
info: Unity.ILPP.Runner.PostProcessingAssemblyLoadContext[0]
      Resolved Unity.Scripting, Version=0.0.0.0, Culture=neutral, PublicKeyToken=null with C:\Program Files\Unity\Hub\Editor\6000.5.8f1\Editor\Data\Managed\UnityEngine\Unity.Scripting.dll
info: Unity.ILPP.Runner.PostProcessingPipeline[0]
      running zzzUnity.Burst.CodeGen.BurstILPostProcessor
info: Unity.ILPP.Runner.PostProcessingAssemblyLoadContext[0]
      Resolved Unity.Burst.Cecil.Rocks, Version=0.11.6.0, Culture=neutral, PublicKeyToken=50cebf1cceb9d05e with Library\PackageCache\com.unity.burst@2f3d916873ea\Unity.Burst.CodeGen\Unity.Burst.Cecil.Rocks.dll
info: Microsoft.AspNetCore.Routing.EndpointMiddleware[1]
      Executed endpoint 'gRPC - /UnityILPP.PostProcessing/PostProcessAssembly'
info: Microsoft.AspNetCore.Hosting.Diagnostics[2]
      Request finished HTTP/2 POST http://ilpp/UnityILPP.PostProcessing/PostProcessAssembly - 200 - application/grpc 2385.2935ms
ExitCode: 0 Duration: 5s212ms
[581/727    0s] ILPP-Configuration Library/ilpp-configuration.nevergeneratedoutput
[723/727    2s] Csc Library/Bee/artifacts/1900b0aE.dag/Assembly-CSharp.dll (+2 others)
[724/727    2s] ILPostProcess Library/Bee/artifacts/1900b0aE.dag/post-processed/Assembly-CSharp.dll (+pdb)
Processing assembly Library/Bee/artifacts/1900b0aE.dag/Assembly-CSharp.dll, with 142 defines and 323 references

processors: Unity.Jobs.CodeGen.JobsILPostProcessor, zzzUnity.Burst.CodeGen.BurstILPostProcessor

running Unity.Jobs.CodeGen.JobsILPostProcessor

running zzzUnity.Burst.CodeGen.BurstILPostProcessor
[725/727    0s] CopyFiles Library/ScriptAssemblies/Assembly-CSharp.pdb
[726/727    0s] CopyFiles Library/ScriptAssemblies/Assembly-CSharp.dll
*** Tundra build success (5.17 seconds), 5 items updated, 727 evaluated
Reloading assemblies after finishing script compilation.
Reloading assemblies after forced synchronous recompile.
Begin MonoManager ReloadAssembly
Native extension for WindowsStandalone target not found
[MODES] ModeService[none].Initialize
[MODES] ModeService[none].LoadModes
ScheduleIndexationOnStartup MainProcess:True IndexOnStartup:True
Mono: successfully reloaded assembly
- Finished resetting the current domain, in  2.848 seconds
Domain Reload Profiling: 4647ms
	BeginReloadAssembly (1188ms)
		DisableScriptedObjects (240ms)
		CreateAndSetChildDomain (438ms)
	RebuildCommonClasses (13ms)
	RebuildNativeTypeToScriptingClass (20ms)
	initialDomainReloadingComplete (92ms)
	LoadAllAssembliesAndSetupDomain (486ms)
		LoadAssemblies (220ms)
		AnalyzeDomain (269ms)
			TypeCache.Refresh (12ms)
			BuildScriptInfoCaches (198ms)
			ResolveRequiredComponents (55ms)
	FinalizeReload (2849ms)
		SetupLoadedEditorAssemblies (0ms)
			BeforeProcessingInitializeOnLoad (359ms)
			ProcessInitializeOnLoadAttributes (682ms)
			ProcessInitializeOnLoadMethodAttributes (277ms)
			AfterProcessingInitializeOnLoad (13ms)
		AwakeInstancesAfterBackupRestoration (795ms)

Asset Pipeline Refresh (id=d41aac4fea72f724a8f807a5698ce2e5): Total: 5.020 seconds - Initiated by StopAssetImportingV2(ForceSynchronousImport | ForceDomainReload)
	(Values over 0.05ms)
	Summary:
		Imports: total=0 (actual=0, local cache=0, cache server=0)
		Asset DB Process Time: managed=0 ms, native=3044 ms
		Asset DB Callback time: managed=52 ms, native=0 ms
		Scripting: domain reloads=1, domain reload time=1918 ms, compile time=4 ms, other=0 ms
		Project Asset Count: scripts=980, non-scripts=1925
		Asset File Changes: new=0, changed=0, moved=0, deleted=0
		Scan Filter Count: 0
	InvokePackagesCallback: 4.189ms
	ApplyChangesToAssetFolders: 0.523ms
	Collect global state as custom dependencies: 2.286ms
	ProcessAssetsWithTransientArtifactChanges: 2.471ms
	CategorizeAssets: 54.959ms
	CompileScripts: 4.051ms
	ImportOutOfDateAssets: 2910.657ms (2860.543ms without children)
		CollectScriptTypesHashes: 6.918ms
		ReloadNativeAssets: 1.251ms
		UnloadImportedAssets: 0.422ms
		EnsureUptoDateAssetsAreRegisteredWithGuidPM: 0.683ms
		ImportSchedulerStart: 47.738ms
	PostProcessAllAssets: 52.705ms
		MonoPostProcessAllAssets: 52.700ms
			UniversalRenderPipelineGlobalSettingsPostprocessor.OnPostprocessAllAssets 15.229ms
			SyncVS.PostprocessSyncProject 15.143ms
			AssetChangedListener.OnPostprocessAllAssets 4.040ms
			SpeedTree9Postprocessor.OnPostprocessAllAssets 3.765ms
			AssetPostprocessor.OnPostprocessAllAssets 3.537ms
			WindowAssetPostprocessingWatcher.OnPostprocessAllAssets 1.963ms
			ProjectSettingsPostprocessor.OnPostprocessAllAssets 1.307ms
			EditModeScopePostprocessor.OnPostprocessAllAssets 0.938ms
			ShaderReflectionAssetPostProcessor.OnPostprocessAllAssets 0.620ms
			ReferencedClipsPostProcessor.OnPostprocessAllAssets 0.526ms
			InputActionAssetPostprocessor.OnPostprocessAllAssets 0.480ms
			AssetDatabaseCallbacks.OnPostprocessAllAssets 0.438ms
			TerrainToolbarOverlayPostProcessor.OnPostprocessAllAssets 0.271ms
			RenderPipelineGlobalSettingsPostprocessor.OnPostprocessAllAssets 0.185ms
			SpriteEditorTexturePostprocessor.OnPostprocessAllAssets 0.129ms
			ShaderGraphAssetPostProcessor.OnPostprocessAllAssets 0.120ms
	GatherAllCurrentPrimaryImportResultRevisions: 0.166ms
	PersistCurrentRevisions: 0.141ms
	GenerateScriptTypeHashes: 2.994ms
	GenerateScriptTypeSerializationHashes: 5.170ms
	Untracked: 1970.698ms

[Licensing::Client] Successfully resolved entitlement details
[Licensing::Client] Successfully resolved entitlement details
[ScriptCompilation] Requested script compilation because: AssetDatabase observed changes in script compilation related files
Asset Pipeline Refresh (id=b86365b038d4f8c4a8a645c4fa72aa8d): Total: 0.145 seconds - Initiated by RefreshV2(NoUpdateAssetOptions)
info: Microsoft.AspNetCore.Hosting.Diagnostics[1]
      Request starting HTTP/2 POST http://ilpp/UnityILPP.PostProcessing/Ping - application/grpc -
info: Microsoft.AspNetCore.Routing.EndpointMiddleware[0]
      Executing endpoint 'gRPC - /UnityILPP.PostProcessing/Ping'
info: Microsoft.AspNetCore.Routing.EndpointMiddleware[1]
      Executed endpoint 'gRPC - /UnityILPP.PostProcessing/Ping'
info: Microsoft.AspNetCore.Hosting.Diagnostics[2]
      Request finished HTTP/2 POST http://ilpp/UnityILPP.PostProcessing/Ping - 200 - application/grpc 0.2690ms
Starting: C:\Program Files\Unity\Hub\Editor\6000.5.8f1\Editor\Data\Tools\BuildPipeline\bee_backend.exe --ipc --defer-dag-verification --dagfile="Library/Bee/1900b0aE.dag" --continue-on-failure --profile="Library/Bee/backend1.traceevents" ScriptAssemblies
WorkingDir: C:/DEV/NTI/2026-2027 Programmering/TIA 2dshooter
info: Microsoft.AspNetCore.Hosting.Diagnostics[1]
      Request starting HTTP/2 POST http://ilpp/UnityILPP.PostProcessing/ConfigurePostProcessors - application/grpc -
info: Microsoft.AspNetCore.Routing.EndpointMiddleware[0]
      Executing endpoint 'gRPC - /UnityILPP.PostProcessing/ConfigurePostProcessors'
info: Unity.ILPP.Runner.PostProcessingAssemblyLoadContext[0]
      Current configuration matches the requested one, skipping
info: Microsoft.AspNetCore.Routing.EndpointMiddleware[1]
      Executed endpoint 'gRPC - /UnityILPP.PostProcessing/ConfigurePostProcessors'
info: Microsoft.AspNetCore.Hosting.Diagnostics[2]
      Request finished HTTP/2 POST http://ilpp/UnityILPP.PostProcessing/ConfigurePostProcessors - 200 - application/grpc 2.2240ms
info: Microsoft.AspNetCore.Hosting.Diagnostics[1]
      Request starting HTTP/2 POST http://ilpp/UnityILPP.PostProcessing/PostProcessAssembly - application/grpc -
info: Microsoft.AspNetCore.Routing.EndpointMiddleware[0]
      Executing endpoint 'gRPC - /UnityILPP.PostProcessing/PostProcessAssembly'
info: Unity.ILPP.Runner.PostProcessingPipeline[0]
      Processing assembly Library/Bee/artifacts/1900b0aE.dag/Assembly-CSharp.dll, with 142 defines and 323 references
info: Unity.ILPP.Runner.PostProcessingPipeline[0]
      processors: Unity.Jobs.CodeGen.JobsILPostProcessor, zzzUnity.Burst.CodeGen.BurstILPostProcessor
info: Unity.ILPP.Runner.PostProcessingPipeline[0]
      running Unity.Jobs.CodeGen.JobsILPostProcessor
info: Unity.ILPP.Runner.PostProcessingPipeline[0]
      running zzzUnity.Burst.CodeGen.BurstILPostProcessor
info: Microsoft.AspNetCore.Routing.EndpointMiddleware[1]
      Executed endpoint 'gRPC - /UnityILPP.PostProcessing/PostProcessAssembly'
info: Microsoft.AspNetCore.Hosting.Diagnostics[2]
      Request finished HTTP/2 POST http://ilpp/UnityILPP.PostProcessing/PostProcessAssembly - 200 - application/grpc 18.9342ms
ExitCode: 0 Duration: 0s644ms
[581/727    0s] ILPP-Configuration Library/ilpp-configuration.nevergeneratedoutput
[723/727    0s] Csc Library/Bee/artifacts/1900b0aE.dag/Assembly-CSharp.dll (+2 others)
[724/727    0s] ILPostProcess Library/Bee/artifacts/1900b0aE.dag/post-processed/Assembly-CSharp.dll (+pdb)
Processing assembly Library/Bee/artifacts/1900b0aE.dag/Assembly-CSharp.dll, with 142 defines and 323 references

processors: Unity.Jobs.CodeGen.JobsILPostProcessor, zzzUnity.Burst.CodeGen.BurstILPostProcessor

running Unity.Jobs.CodeGen.JobsILPostProcessor

running zzzUnity.Burst.CodeGen.BurstILPostProcessor
[725/727    0s] CopyFiles Library/ScriptAssemblies/Assembly-CSharp.pdb
[726/727    0s] CopyFiles Library/ScriptAssemblies/Assembly-CSharp.dll
*** Tundra build success (0.60 seconds), 5 items updated, 727 evaluated
Reloading assemblies after finishing script compilation.
Reloading assemblies after forced synchronous recompile.
Begin MonoManager ReloadAssembly
Native extension for WindowsStandalone target not found
[MODES] ModeService[none].Initialize
[MODES] ModeService[none].LoadModes
ScheduleIndexationOnStartup MainProcess:True IndexOnStartup:True
Mono: successfully reloaded assembly
- Finished resetting the current domain, in  2.664 seconds
Domain Reload Profiling: 4289ms
	BeginReloadAssembly (1162ms)
		DisableScriptedObjects (274ms)
		CreateAndSetChildDomain (435ms)
	RebuildCommonClasses (12ms)
	RebuildNativeTypeToScriptingClass (17ms)
	initialDomainReloadingComplete (104ms)
	LoadAllAssembliesAndSetupDomain (330ms)
		LoadAssemblies (230ms)
		AnalyzeDomain (154ms)
			TypeCache.Refresh (8ms)
			BuildScriptInfoCaches (118ms)
			ResolveRequiredComponents (26ms)
	FinalizeReload (2665ms)
		SetupLoadedEditorAssemblies (0ms)
			BeforeProcessingInitializeOnLoad (277ms)
			ProcessInitializeOnLoadAttributes (564ms)
			ProcessInitializeOnLoadMethodAttributes (285ms)
			AfterProcessingInitializeOnLoad (15ms)
		AwakeInstancesAfterBackupRestoration (800ms)

Asset Pipeline Refresh (id=185227f85199ca9488894b7f712d6ec9): Total: 4.687 seconds - Initiated by StopAssetImportingV2(ForceSynchronousImport | ForceDomainReload)
	(Values over 0.05ms)
	Summary:
		Imports: total=0 (actual=0, local cache=0, cache server=0)
		Asset DB Process Time: managed=0 ms, native=2866 ms
		Asset DB Callback time: managed=54 ms, native=0 ms
		Scripting: domain reloads=1, domain reload time=1760 ms, compile time=5 ms, other=0 ms
		Project Asset Count: scripts=980, non-scripts=1925
		Asset File Changes: new=0, changed=0, moved=0, deleted=0
		Scan Filter Count: 0
	InvokePackagesCallback: 4.299ms
	ApplyChangesToAssetFolders: 0.390ms
	Collect global state as custom dependencies: 1.883ms
	ProcessAssetsWithTransientArtifactChanges: 3.974ms
	CategorizeAssets: 56.277ms
	CompileScripts: 4.532ms
	ImportOutOfDateAssets: 2722.747ms (2676.880ms without children)
		CollectScriptTypesHashes: 1.459ms
		ReloadNativeAssets: 1.156ms
		UnloadImportedAssets: 0.312ms
		EnsureUptoDateAssetsAreRegisteredWithGuidPM: 0.617ms
		ImportSchedulerStart: 43.762ms
	PostProcessAllAssets: 54.346ms
		MonoPostProcessAllAssets: 54.340ms
			UniversalRenderPipelineGlobalSettingsPostprocessor.OnPostprocessAllAssets 15.687ms
			SyncVS.PostprocessSyncProject 13.548ms
			AssetChangedListener.OnPostprocessAllAssets 7.204ms
			BuilderAssetPostprocessor.OnPostprocessAllAssets 6.977ms
			SpriteSlicePostprocessor.OnPostprocessAllAssets 4.936ms
			AssetPostprocessor.OnPostprocessAllAssets 4.404ms
			WindowAssetPostprocessingWatcher.OnPostprocessAllAssets 3.259ms
			ShaderGraphAssetPostProcessor.OnPostprocessAllAssets 2.647ms
			SpeedTree9Postprocessor.OnPostprocessAllAssets 2.603ms
			EditModeScopePostprocessor.OnPostprocessAllAssets 1.638ms
			ProjectSettingsPostprocessor.OnPostprocessAllAssets 1.180ms
			SpriteEditorTexturePostprocessor.OnPostprocessAllAssets 1.168ms
			RetainedModeAssetPostprocessor.OnPostprocessAllAssets 0.997ms
			TMPro_TexturePostProcessor.OnPostprocessAllAssets 0.781ms
			MaterialPostprocessor.OnPostprocessAllAssets 0.616ms
			ArtifactBrowserPostProcessor.OnPostprocessAllAssets 0.550ms
			InputActionJsonNameModifierAssetProcessor.OnPostprocessAllAssets 0.527ms
			ReferencedClipsPostProcessor.OnPostprocessAllAssets 0.501ms
			SampleDependencyImporterPostProcessor.OnPostprocessAllAssets 0.443ms
			AudioMixerPostprocessor.OnPostprocessAllAssets 0.425ms
			InputActionAssetPostprocessor.OnPostprocessAllAssets 0.423ms
			AssetEvents.OnPostprocessAllAssets 0.423ms
			StyleCatalogPostProcessor.OnPostprocessAllAssets 0.412ms
			TextAssetPostProcessor.OnPostprocessAllAssets 0.362ms
			PostProcessor.OnPostprocessAllAssets 0.362ms
			ShaderReflectionAssetPostProcessor.OnPostprocessAllAssets 0.352ms
			SpeedTreePostProcessor.OnPostprocessAllAssets 0.293ms
			AssetDatabaseCallbacks.OnPostprocessAllAssets 0.270ms
			ConfigAssetsTracker.OnPostprocessAllAssets 0.212ms
			ScenarioDriftAssetsTracker.OnPostprocessAllAssets 0.207ms
			TerrainToolbarOverlayPostProcessor.OnPostprocessAllAssets 0.199ms
			SamplePostprocessor.OnPostprocessAllAssets 0.164ms
			RenderPipelineGlobalSettingsPostprocessor.OnPostprocessAllAssets 0.135ms
			AudioContainerPostProcessor.OnPostprocessAllAssets 0.080ms
			AssetProcessor.OnPostprocessAllAssets 0.060ms
	GatherAllCurrentPrimaryImportResultRevisions: 0.252ms
	PersistCurrentRevisions: 0.158ms
	GenerateScriptTypeHashes: 3.443ms
	GenerateScriptTypeSerializationHashes: 6.135ms
	Untracked: 1823.984ms

[Licensing::Client] Successfully resolved entitlement details
[Licensing::Client] Successfully resolved entitlement details
[ScriptCompilation] Requested script compilation because: AssetDatabase observed changes in script compilation related files
Asset Pipeline Refresh (id=55a234afa73929e49b06085587c75107): Total: 0.196 seconds - Initiated by RefreshV2(NoUpdateAssetOptions)
info: Microsoft.AspNetCore.Hosting.Diagnostics[1]
      Request starting HTTP/2 POST http://ilpp/UnityILPP.PostProcessing/Ping - application/grpc -
info: Microsoft.AspNetCore.Routing.EndpointMiddleware[0]
      Executing endpoint 'gRPC - /UnityILPP.PostProcessing/Ping'
info: Microsoft.AspNetCore.Routing.EndpointMiddleware[1]
      Executed endpoint 'gRPC - /UnityILPP.PostProcessing/Ping'
info: Microsoft.AspNetCore.Hosting.Diagnostics[2]
      Request finished HTTP/2 POST http://ilpp/UnityILPP.PostProcessing/Ping - 200 - application/grpc 0.3450ms
Starting: C:\Program Files\Unity\Hub\Editor\6000.5.8f1\Editor\Data\Tools\BuildPipeline\bee_backend.exe --ipc --defer-dag-verification --dagfile="Library/Bee/1900b0aE.dag" --continue-on-failure --profile="Library/Bee/backend1.traceevents" ScriptAssemblies
WorkingDir: C:/DEV/NTI/2026-2027 Programmering/TIA 2dshooter
info: Microsoft.AspNetCore.Hosting.Diagnostics[1]
      Request starting HTTP/2 POST http://ilpp/UnityILPP.PostProcessing/ConfigurePostProcessors - application/grpc -
info: Microsoft.AspNetCore.Routing.EndpointMiddleware[0]
      Executing endpoint 'gRPC - /UnityILPP.PostProcessing/ConfigurePostProcessors'
info: Unity.ILPP.Runner.PostProcessingAssemblyLoadContext[0]
      Current configuration matches the requested one, skipping
info: Microsoft.AspNetCore.Routing.EndpointMiddleware[1]
      Executed endpoint 'gRPC - /UnityILPP.PostProcessing/ConfigurePostProcessors'
info: Microsoft.AspNetCore.Hosting.Diagnostics[2]
      Request finished HTTP/2 POST http://ilpp/UnityILPP.PostProcessing/ConfigurePostProcessors - 200 - application/grpc 2.1071ms
info: Microsoft.AspNetCore.Hosting.Diagnostics[1]
      Request starting HTTP/2 POST http://ilpp/UnityILPP.PostProcessing/PostProcessAssembly - application/grpc -
info: Microsoft.AspNetCore.Routing.EndpointMiddleware[0]
      Executing endpoint 'gRPC - /UnityILPP.PostProcessing/PostProcessAssembly'
info: Unity.ILPP.Runner.PostProcessingPipeline[0]
      Processing assembly Library/Bee/artifacts/1900b0aE.dag/Assembly-CSharp.dll, with 142 defines and 323 references
info: Unity.ILPP.Runner.PostProcessingPipeline[0]
      processors: Unity.Jobs.CodeGen.JobsILPostProcessor, zzzUnity.Burst.CodeGen.BurstILPostProcessor
info: Unity.ILPP.Runner.PostProcessingPipeline[0]
      running Unity.Jobs.CodeGen.JobsILPostProcessor
info: Unity.ILPP.Runner.PostProcessingPipeline[0]
      running zzzUnity.Burst.CodeGen.BurstILPostProcessor
info: Microsoft.AspNetCore.Routing.EndpointMiddleware[1]
      Executed endpoint 'gRPC - /UnityILPP.PostProcessing/PostProcessAssembly'
info: Microsoft.AspNetCore.Hosting.Diagnostics[2]
      Request finished HTTP/2 POST http://ilpp/UnityILPP.PostProcessing/PostProcessAssembly - 200 - application/grpc 20.8725ms
ExitCode: 0 Duration: 0s648ms
[581/727    0s] ILPP-Configuration Library/ilpp-configuration.nevergeneratedoutput
[723/727    0s] Csc Library/Bee/artifacts/1900b0aE.dag/Assembly-CSharp.dll (+2 others)
[724/727    0s] ILPostProcess Library/Bee/artifacts/1900b0aE.dag/post-processed/Assembly-CSharp.dll (+pdb)
Processing assembly Library/Bee/artifacts/1900b0aE.dag/Assembly-CSharp.dll, with 142 defines and 323 references

processors: Unity.Jobs.CodeGen.JobsILPostProcessor, zzzUnity.Burst.CodeGen.BurstILPostProcessor

running Unity.Jobs.CodeGen.JobsILPostProcessor

running zzzUnity.Burst.CodeGen.BurstILPostProcessor
[725/727    0s] CopyFiles Library/ScriptAssemblies/Assembly-CSharp.pdb
[726/727    0s] CopyFiles Library/ScriptAssemblies/Assembly-CSharp.dll
*** Tundra build success (0.61 seconds), 5 items updated, 727 evaluated
Reloading assemblies after finishing script compilation.
Reloading assemblies after forced synchronous recompile.
Begin MonoManager ReloadAssembly
Native extension for WindowsStandalone target not found
[MODES] ModeService[none].Initialize
[MODES] ModeService[none].LoadModes
ScheduleIndexationOnStartup MainProcess:True IndexOnStartup:True
Mono: successfully reloaded assembly
- Finished resetting the current domain, in  2.940 seconds
Domain Reload Profiling: 4595ms
	BeginReloadAssembly (1097ms)
		DisableScriptedObjects (265ms)
		CreateAndSetChildDomain (414ms)
	RebuildCommonClasses (18ms)
	RebuildNativeTypeToScriptingClass (26ms)
	initialDomainReloadingComplete (100ms)
	LoadAllAssembliesAndSetupDomain (412ms)
		LoadAssemblies (214ms)
		AnalyzeDomain (217ms)
			TypeCache.Refresh (13ms)
			BuildScriptInfoCaches (167ms)
			ResolveRequiredComponents (35ms)
	FinalizeReload (2941ms)
		SetupLoadedEditorAssemblies (0ms)
			InitializePlatformSupportModulesInManaged (4ms)
			BeforeProcessingInitializeOnLoad (276ms)
			ProcessInitializeOnLoadAttributes (599ms)
			ProcessInitializeOnLoadMethodAttributes (307ms)
			AfterProcessingInitializeOnLoad (29ms)
		AwakeInstancesAfterBackupRestoration (891ms)

Asset Pipeline Refresh (id=05900e071d5e7264f9be78f210455ecc): Total: 4.942 seconds - Initiated by StopAssetImportingV2(ForceSynchronousImport | ForceDomainReload)
	(Values over 0.05ms)
	Summary:
		Imports: total=0 (actual=0, local cache=0, cache server=0)
		Asset DB Process Time: managed=0 ms, native=3092 ms
		Asset DB Callback time: managed=47 ms, native=1 ms
		Scripting: domain reloads=1, domain reload time=1795 ms, compile time=4 ms, other=0 ms
		Project Asset Count: scripts=980, non-scripts=1925
		Asset File Changes: new=0, changed=0, moved=0, deleted=0
		Scan Filter Count: 0
	InvokePackagesCallback: 5.482ms
	ApplyChangesToAssetFolders: 0.441ms
	Collect global state as custom dependencies: 2.295ms
	ProcessAssetsWithTransientArtifactChanges: 2.728ms
	CategorizeAssets: 42.508ms
	CompileScripts: 3.732ms
	ImportOutOfDateAssets: 2983.189ms (2948.261ms without children)
		CollectScriptTypesHashes: 1.680ms
		ReloadNativeAssets: 0.771ms
		UnloadImportedAssets: 0.337ms
		EnsureUptoDateAssetsAreRegisteredWithGuidPM: 0.444ms
		ImportSchedulerStart: 33.348ms
	PostProcessAllAssets: 47.911ms
		MonoPostProcessAllAssets: 47.905ms
			UniversalRenderPipelineGlobalSettingsPostprocessor.OnPostprocessAllAssets 16.261ms
			BuilderAssetPostprocessor.OnPostprocessAllAssets 14.418ms
			AssetChangedListener.OnPostprocessAllAssets 11.671ms
			SyncVS.PostprocessSyncProject 11.167ms
			AssetPostprocessor.OnPostprocessAllAssets 7.506ms
			SpriteSlicePostprocessor.OnPostprocessAllAssets 4.270ms
			ShaderGraphAssetPostProcessor.OnPostprocessAllAssets 2.933ms
			WindowAssetPostprocessingWatcher.OnPostprocessAllAssets 2.545ms
			RetainedModeAssetPostprocessor.OnPostprocessAllAssets 2.139ms
			SpeedTree9Postprocessor.OnPostprocessAllAssets 1.897ms
			TMPro_TexturePostProcessor.OnPostprocessAllAssets 1.599ms
			EditModeScopePostprocessor.OnPostprocessAllAssets 1.283ms
			ArtifactBrowserPostProcessor.OnPostprocessAllAssets 1.277ms
			SampleDependencyImporterPostProcessor.OnPostprocessAllAssets 1.217ms
			SpriteEditorTexturePostprocessor.OnPostprocessAllAssets 1.034ms
			MaterialPostprocessor.OnPostprocessAllAssets 0.943ms
			AudioMixerPostprocessor.OnPostprocessAllAssets 0.870ms
			ProjectSettingsPostprocessor.OnPostprocessAllAssets 0.770ms
			TextAssetPostProcessor.OnPostprocessAllAssets 0.552ms
			StyleCatalogPostProcessor.OnPostprocessAllAssets 0.501ms
			ReferencedClipsPostProcessor.OnPostprocessAllAssets 0.467ms
			PostProcessor.OnPostprocessAllAssets 0.466ms
			AssetEvents.OnPostprocessAllAssets 0.446ms
			InputActionJsonNameModifierAssetProcessor.OnPostprocessAllAssets 0.433ms
			ShaderReflectionAssetPostProcessor.OnPostprocessAllAssets 0.359ms
			ConfigAssetsTracker.OnPostprocessAllAssets 0.298ms
			InputActionAssetPostprocessor.OnPostprocessAllAssets 0.279ms
			ScenarioDriftAssetsTracker.OnPostprocessAllAssets 0.264ms
			SpeedTreePostProcessor.OnPostprocessAllAssets 0.264ms
			AssetDatabaseCallbacks.OnPostprocessAllAssets 0.257ms
			SamplePostprocessor.OnPostprocessAllAssets 0.243ms
			AudioContainerPostProcessor.OnPostprocessAllAssets 0.206ms
			TerrainToolbarOverlayPostProcessor.OnPostprocessAllAssets 0.162ms
			RenderPipelineGlobalSettingsPostprocessor.OnPostprocessAllAssets 0.128ms
			AssetProcessor.OnPostprocessAllAssets 0.102ms
	GatherAllCurrentPrimaryImportResultRevisions: 0.423ms
	UnloadStreamsBegin: 0.069ms
	PersistCurrentRevisions: 0.132ms
	GenerateScriptTypeHashes: 2.360ms
	GenerateScriptTypeSerializationHashes: 4.100ms
	Untracked: 1842.577ms

[Licensing::Client] Successfully resolved entitlement details
[Licensing::Client] Successfully resolved entitlement details
Asset Pipeline Refresh (id=7db1dbe3ad8ecfd4ba2f451cf6b026e3): Total: 0.020 seconds - Initiated by RefreshV2(AllowForceSynchronousImport)
Importing 'GUID: f365f0b6fef2eda438cb729e6a9020e7 - Path: Assets/Main.unity' with importer (DefaultImporter)
Imported 'GUID: f365f0b6fef2eda438cb729e6a9020e7' -> (Import Result ID: '383509b3a8f3234741bbbfa41f29e5d5') in 0.006 seconds [static dependencies only]. Details - ImportResultOutputID=87b2738b17297f81c6f85b756b2ca9ed DependenciesID=c17346b08258bf45945f9f7fd7c10eeb StaticDependenciesID=a8706f8ab51974a94b108e65e978c28f 
Asset Pipeline Refresh (id=2ccf1be3635129f49a4fe0438c17e81e): Total: 0.119 seconds - Initiated by StopAssetImportingV2(NoUpdateAssetOptions)
Asset Pipeline Refresh (id=7c5de41afe8eeef44940c1700a9684e5): Total: 0.019 seconds - Initiated by RefreshV2(AllowForceSynchronousImport)
Importing 'GUID: f365f0b6fef2eda438cb729e6a9020e7 - Path: Assets/Main.unity' with importer (DefaultImporter)
Imported 'GUID: f365f0b6fef2eda438cb729e6a9020e7' -> (Import Result ID: '0064a8d58a2aeda72a5aa8d87cb8fe92') in 0.001 seconds [static dependencies only]. Details - ImportResultOutputID=87b2738b17297f81c6f85b756b2ca9ed DependenciesID=37257ebfade5210afdc5fa255c3e3969 StaticDependenciesID=5ec02029a0558ebef83dbffc6b45d78b 
Asset Pipeline Refresh (id=af016f08feececc4f98155a2ae793ede): Total: 0.069 seconds - Initiated by StopAssetImportingV2(NoUpdateAssetOptions)
[ScriptCompilation] Requested script compilation because: AssetDatabase observed changes in script compilation related files
Asset Pipeline Refresh (id=6ef0ce14c299b684da926485450f8a2d): Total: 0.146 seconds - Initiated by RefreshV2(NoUpdateAssetOptions)
[Licensing::Client] Successfully resolved entitlement details
info: Microsoft.AspNetCore.Hosting.Diagnostics[1]
      Request starting HTTP/2 POST http://ilpp/UnityILPP.PostProcessing/Ping - application/grpc -
info: Microsoft.AspNetCore.Routing.EndpointMiddleware[0]
      Executing endpoint 'gRPC - /UnityILPP.PostProcessing/Ping'
info: Microsoft.AspNetCore.Routing.EndpointMiddleware[1]
      Executed endpoint 'gRPC - /UnityILPP.PostProcessing/Ping'
info: Microsoft.AspNetCore.Hosting.Diagnostics[2]
      Request finished HTTP/2 POST http://ilpp/UnityILPP.PostProcessing/Ping - 200 - application/grpc 0.5003ms
Starting: C:\Program Files\Unity\Hub\Editor\6000.5.8f1\Editor\Data\Tools\BuildPipeline\bee_backend.exe --ipc --defer-dag-verification --dagfile="Library/Bee/1900b0aE.dag" --continue-on-failure --profile="Library/Bee/backend1.traceevents" ScriptAssemblies
WorkingDir: C:/DEV/NTI/2026-2027 Programmering/TIA 2dshooter
info: Microsoft.AspNetCore.Hosting.Diagnostics[1]
      Request starting HTTP/2 POST http://ilpp/UnityILPP.PostProcessing/ConfigurePostProcessors - application/grpc -
info: Microsoft.AspNetCore.Routing.EndpointMiddleware[0]
      Executing endpoint 'gRPC - /UnityILPP.PostProcessing/ConfigurePostProcessors'
info: Unity.ILPP.Runner.PostProcessingAssemblyLoadContext[0]
      Current configuration matches the requested one, skipping
info: Microsoft.AspNetCore.Routing.EndpointMiddleware[1]
      Executed endpoint 'gRPC - /UnityILPP.PostProcessing/ConfigurePostProcessors'
info: Microsoft.AspNetCore.Hosting.Diagnostics[2]
      Request finished HTTP/2 POST http://ilpp/UnityILPP.PostProcessing/ConfigurePostProcessors - 200 - application/grpc 2.5257ms
info: Microsoft.AspNetCore.Hosting.Diagnostics[1]
      Request starting HTTP/2 POST http://ilpp/UnityILPP.PostProcessing/PostProcessAssembly - application/grpc -
info: Microsoft.AspNetCore.Routing.EndpointMiddleware[0]
      Executing endpoint 'gRPC - /UnityILPP.PostProcessing/PostProcessAssembly'
info: Unity.ILPP.Runner.PostProcessingPipeline[0]
      Processing assembly Library/Bee/artifacts/1900b0aE.dag/Assembly-CSharp.dll, with 142 defines and 323 references
info: Unity.ILPP.Runner.PostProcessingPipeline[0]
      processors: Unity.Jobs.CodeGen.JobsILPostProcessor, zzzUnity.Burst.CodeGen.BurstILPostProcessor
info: Unity.ILPP.Runner.PostProcessingPipeline[0]
      running Unity.Jobs.CodeGen.JobsILPostProcessor
info: Unity.ILPP.Runner.PostProcessingPipeline[0]
      running zzzUnity.Burst.CodeGen.BurstILPostProcessor
info: Microsoft.AspNetCore.Routing.EndpointMiddleware[1]
      Executed endpoint 'gRPC - /UnityILPP.PostProcessing/PostProcessAssembly'
info: Microsoft.AspNetCore.Hosting.Diagnostics[2]
      Request finished HTTP/2 POST http://ilpp/UnityILPP.PostProcessing/PostProcessAssembly - 200 - application/grpc 27.9389ms
ExitCode: 0 Duration: 2s674ms
[581/727    0s] ILPP-Configuration Library/ilpp-configuration.nevergeneratedoutput
[723/727    2s] Csc Library/Bee/artifacts/1900b0aE.dag/Assembly-CSharp.dll (+2 others)
[724/727    0s] ILPostProcess Library/Bee/artifacts/1900b0aE.dag/post-processed/Assembly-CSharp.dll (+pdb)
Processing assembly Library/Bee/artifacts/1900b0aE.dag/Assembly-CSharp.dll, with 142 defines and 323 references

processors: Unity.Jobs.CodeGen.JobsILPostProcessor, zzzUnity.Burst.CodeGen.BurstILPostProcessor

running Unity.Jobs.CodeGen.JobsILPostProcessor

running zzzUnity.Burst.CodeGen.BurstILPostProcessor
[725/727    0s] CopyFiles Library/ScriptAssemblies/Assembly-CSharp.pdb
[726/727    0s] CopyFiles Library/ScriptAssemblies/Assembly-CSharp.dll
*** Tundra build success (2.63 seconds), 5 items updated, 727 evaluated
Reloading assemblies after finishing script compilation.
Reloading assemblies after forced synchronous recompile.
Begin MonoManager ReloadAssembly
Native extension for WindowsStandalone target not found
[MODES] ModeService[none].Initialize
[MODES] ModeService[none].LoadModes
ScheduleIndexationOnStartup MainProcess:True IndexOnStartup:True
Mono: successfully reloaded assembly
- Finished resetting the current domain, in  2.751 seconds
Domain Reload Profiling: 4484ms
	BeginReloadAssembly (1138ms)
		DisableScriptedObjects (322ms)
		CreateAndSetChildDomain (439ms)
	RebuildCommonClasses (18ms)
	RebuildNativeTypeToScriptingClass (27ms)
	initialDomainReloadingComplete (96ms)
	LoadAllAssembliesAndSetupDomain (451ms)
		LoadAssemblies (208ms)
		AnalyzeDomain (248ms)
			TypeCache.Refresh (16ms)
			BuildScriptInfoCaches (190ms)
			ResolveRequiredComponents (39ms)
	FinalizeReload (2753ms)
		SetupLoadedEditorAssemblies (0ms)
			InitializePlatformSupportModulesInManaged (3ms)
			BeforeProcessingInitializeOnLoad (232ms)
			ProcessInitializeOnLoadAttributes (592ms)
			ProcessInitializeOnLoadMethodAttributes (271ms)
			AfterProcessingInitializeOnLoad (15ms)
		AwakeInstancesAfterBackupRestoration (967ms)

Asset Pipeline Refresh (id=de1343948490d1540b1105b89c5e62c4): Total: 4.888 seconds - Initiated by StopAssetImportingV2(ForceSynchronousImport | ForceDomainReload)
	(Values over 0.05ms)
	Summary:
		Imports: total=0 (actual=0, local cache=0, cache server=0)
		Asset DB Process Time: managed=0 ms, native=2941 ms
		Asset DB Callback time: managed=63 ms, native=0 ms
		Scripting: domain reloads=1, domain reload time=1877 ms, compile time=5 ms, other=0 ms
		Project Asset Count: scripts=980, non-scripts=1925
		Asset File Changes: new=0, changed=0, moved=0, deleted=0
		Scan Filter Count: 0
	InvokePackagesCallback: 5.110ms
	ApplyChangesToAssetFolders: 0.427ms
	Collect global state as custom dependencies: 1.868ms
	ProcessAssetsWithTransientArtifactChanges: 5.240ms
	CategorizeAssets: 59.687ms
	CompileScripts: 5.219ms
	ImportOutOfDateAssets: 2814.873ms (2766.519ms without children)
		CollectScriptTypesHashes: 2.341ms
		ReloadNativeAssets: 1.470ms
		UnloadImportedAssets: 0.282ms
		EnsureUptoDateAssetsAreRegisteredWithGuidPM: 0.704ms
		ImportSchedulerStart: 45.873ms
	PostProcessAllAssets: 63.003ms
		MonoPostProcessAllAssets: 62.996ms
			UniversalRenderPipelineGlobalSettingsPostprocessor.OnPostprocessAllAssets 20.300ms
			SyncVS.PostprocessSyncProject 13.947ms
			SpeedTree9Postprocessor.OnPostprocessAllAssets 3.623ms
			WindowAssetPostprocessingWatcher.OnPostprocessAllAssets 3.172ms
			ProjectSettingsPostprocessor.OnPostprocessAllAssets 1.534ms
			EditModeScopePostprocessor.OnPostprocessAllAssets 1.331ms
			ReferencedClipsPostProcessor.OnPostprocessAllAssets 0.782ms
			ShaderReflectionAssetPostProcessor.OnPostprocessAllAssets 0.622ms
			AssetDatabaseCallbacks.OnPostprocessAllAssets 0.515ms
			InputActionAssetPostprocessor.OnPostprocessAllAssets 0.453ms
			TerrainToolbarOverlayPostProcessor.OnPostprocessAllAssets 0.256ms
			ShaderGraphAssetPostProcessor.OnPostprocessAllAssets 0.149ms
			SpriteEditorTexturePostprocessor.OnPostprocessAllAssets 0.140ms
			RenderPipelineGlobalSettingsPostprocessor.OnPostprocessAllAssets 0.134ms
			AssetPostprocessor.OnPostprocessAllAssets 0.093ms
			AssetChangedListener.OnPostprocessAllAssets 0.079ms
	GatherAllCurrentPrimaryImportResultRevisions: 0.186ms
	PersistCurrentRevisions: 0.135ms
	GenerateScriptTypeHashes: 3.865ms
	GenerateScriptTypeSerializationHashes: 6.765ms
	Untracked: 1920.187ms

[Licensing::Client] Successfully resolved entitlement details
[Licensing::Client] Successfully resolved entitlement details
[ScriptCompilation] Requested script compilation because: AssetDatabase observed changes in script compilation related files
Asset Pipeline Refresh (id=baebdc7350b075141ad0043d0645e64f): Total: 0.132 seconds - Initiated by RefreshV2(NoUpdateAssetOptions)
[Licensing::Client] Successfully resolved entitlement details
info: Microsoft.AspNetCore.Hosting.Diagnostics[1]
      Request starting HTTP/2 POST http://ilpp/UnityILPP.PostProcessing/Ping - application/grpc -
info: Microsoft.AspNetCore.Routing.EndpointMiddleware[0]
      Executing endpoint 'gRPC - /UnityILPP.PostProcessing/Ping'
info: Microsoft.AspNetCore.Routing.EndpointMiddleware[1]
      Executed endpoint 'gRPC - /UnityILPP.PostProcessing/Ping'
info: Microsoft.AspNetCore.Hosting.Diagnostics[2]
      Request finished HTTP/2 POST http://ilpp/UnityILPP.PostProcessing/Ping - 200 - application/grpc 0.2532ms
Starting: C:\Program Files\Unity\Hub\Editor\6000.5.8f1\Editor\Data\Tools\BuildPipeline\bee_backend.exe --ipc --defer-dag-verification --dagfile="Library/Bee/1900b0aE.dag" --continue-on-failure --profile="Library/Bee/backend1.traceevents" ScriptAssemblies
WorkingDir: C:/DEV/NTI/2026-2027 Programmering/TIA 2dshooter
info: Microsoft.AspNetCore.Hosting.Diagnostics[1]
      Request starting HTTP/2 POST http://ilpp/UnityILPP.PostProcessing/ConfigurePostProcessors - application/grpc -
info: Microsoft.AspNetCore.Routing.EndpointMiddleware[0]
      Executing endpoint 'gRPC - /UnityILPP.PostProcessing/ConfigurePostProcessors'
info: Unity.ILPP.Runner.PostProcessingAssemblyLoadContext[0]
      Current configuration matches the requested one, skipping
info: Microsoft.AspNetCore.Routing.EndpointMiddleware[1]
      Executed endpoint 'gRPC - /UnityILPP.PostProcessing/ConfigurePostProcessors'
info: Microsoft.AspNetCore.Hosting.Diagnostics[2]
      Request finished HTTP/2 POST http://ilpp/UnityILPP.PostProcessing/ConfigurePostProcessors - 200 - application/grpc 2.1780ms
info: Microsoft.AspNetCore.Hosting.Diagnostics[1]
      Request starting HTTP/2 POST http://ilpp/UnityILPP.PostProcessing/PostProcessAssembly - application/grpc -
info: Microsoft.AspNetCore.Routing.EndpointMiddleware[0]
      Executing endpoint 'gRPC - /UnityILPP.PostProcessing/PostProcessAssembly'
info: Unity.ILPP.Runner.PostProcessingPipeline[0]
      Processing assembly Library/Bee/artifacts/1900b0aE.dag/Assembly-CSharp.dll, with 142 defines and 323 references
info: Unity.ILPP.Runner.PostProcessingPipeline[0]
      processors: Unity.Jobs.CodeGen.JobsILPostProcessor, zzzUnity.Burst.CodeGen.BurstILPostProcessor
info: Unity.ILPP.Runner.PostProcessingPipeline[0]
      running Unity.Jobs.CodeGen.JobsILPostProcessor
info: Unity.ILPP.Runner.PostProcessingPipeline[0]
      running zzzUnity.Burst.CodeGen.BurstILPostProcessor
info: Microsoft.AspNetCore.Routing.EndpointMiddleware[1]
      Executed endpoint 'gRPC - /UnityILPP.PostProcessing/PostProcessAssembly'
info: Microsoft.AspNetCore.Hosting.Diagnostics[2]
      Request finished HTTP/2 POST http://ilpp/UnityILPP.PostProcessing/PostProcessAssembly - 200 - application/grpc 17.1496ms
ExitCode: 0 Duration: 0s710ms
[581/727    0s] ILPP-Configuration Library/ilpp-configuration.nevergeneratedoutput
[723/727    0s] Csc Library/Bee/artifacts/1900b0aE.dag/Assembly-CSharp.dll (+2 others)
[724/727    0s] ILPostProcess Library/Bee/artifacts/1900b0aE.dag/post-processed/Assembly-CSharp.dll (+pdb)
Processing assembly Library/Bee/artifacts/1900b0aE.dag/Assembly-CSharp.dll, with 142 defines and 323 references

processors: Unity.Jobs.CodeGen.JobsILPostProcessor, zzzUnity.Burst.CodeGen.BurstILPostProcessor

running Unity.Jobs.CodeGen.JobsILPostProcessor

running zzzUnity.Burst.CodeGen.BurstILPostProcessor
[725/727    0s] CopyFiles Library/ScriptAssemblies/Assembly-CSharp.dll
[726/727    0s] CopyFiles Library/ScriptAssemblies/Assembly-CSharp.pdb
*** Tundra build success (0.67 seconds), 5 items updated, 727 evaluated
Reloading assemblies after finishing script compilation.
Reloading assemblies after forced synchronous recompile.
Begin MonoManager ReloadAssembly
Native extension for WindowsStandalone target not found
[MODES] ModeService[none].Initialize
[MODES] ModeService[none].LoadModes
ScheduleIndexationOnStartup MainProcess:True IndexOnStartup:True
Mono: successfully reloaded assembly
- Finished resetting the current domain, in  2.932 seconds
Domain Reload Profiling: 4705ms
	BeginReloadAssembly (1162ms)
		DisableScriptedObjects (300ms)
		CreateAndSetChildDomain (438ms)
	RebuildCommonClasses (11ms)
	RebuildNativeTypeToScriptingClass (18ms)
	initialDomainReloadingComplete (125ms)
	LoadAllAssembliesAndSetupDomain (454ms)
		LoadAssemblies (220ms)
		AnalyzeDomain (205ms)
			TypeCache.Refresh (12ms)
			BuildScriptInfoCaches (162ms)
			ResolveRequiredComponents (29ms)
	FinalizeReload (2934ms)
		SetupLoadedEditorAssemblies (0ms)
			InitializePlatformSupportModulesInManaged (3ms)
			BeforeProcessingInitializeOnLoad (264ms)
			ProcessInitializeOnLoadAttributes (608ms)
			ProcessInitializeOnLoadMethodAttributes (305ms)
			AfterProcessingInitializeOnLoad (12ms)
		AwakeInstancesAfterBackupRestoration (939ms)

Asset Pipeline Refresh (id=90ed76118eb5f504fa57bd66cf6ce11a): Total: 5.123 seconds - Initiated by StopAssetImportingV2(ForceSynchronousImport | ForceDomainReload)
	(Values over 0.05ms)
	Summary:
		Imports: total=0 (actual=0, local cache=0, cache server=0)
		Asset DB Process Time: managed=0 ms, native=3135 ms
		Asset DB Callback time: managed=64 ms, native=1 ms
		Scripting: domain reloads=1, domain reload time=1915 ms, compile time=7 ms, other=0 ms
		Project Asset Count: scripts=980, non-scripts=1925
		Asset File Changes: new=0, changed=0, moved=0, deleted=0
		Scan Filter Count: 0
	InvokePackagesCallback: 6.466ms
	ApplyChangesToAssetFolders: 0.476ms
	Collect global state as custom dependencies: 2.740ms
	ProcessAssetsWithTransientArtifactChanges: 4.822ms
	CategorizeAssets: 59.098ms
	CompileScripts: 6.640ms
	ImportOutOfDateAssets: 2991.568ms (2947.816ms without children)
		CollectScriptTypesHashes: 2.303ms
		ReloadNativeAssets: 0.817ms
		UnloadImportedAssets: 0.554ms
		EnsureUptoDateAssetsAreRegisteredWithGuidPM: 0.729ms
		ImportSchedulerStart: 41.620ms
	PostProcessAllAssets: 64.160ms
		MonoPostProcessAllAssets: 64.150ms
			UniversalRenderPipelineGlobalSettingsPostprocessor.OnPostprocessAllAssets 18.850ms
			SyncVS.PostprocessSyncProject 16.929ms
			AssetChangedListener.OnPostprocessAllAssets 7.238ms
			BuilderAssetPostprocessor.OnPostprocessAllAssets 6.619ms
			AssetPostprocessor.OnPostprocessAllAssets 6.449ms
			SpriteSlicePostprocessor.OnPostprocessAllAssets 3.821ms
			WindowAssetPostprocessingWatcher.OnPostprocessAllAssets 3.459ms
			SpeedTree9Postprocessor.OnPostprocessAllAssets 3.166ms
			RetainedModeAssetPostprocessor.OnPostprocessAllAssets 1.825ms
			ShaderGraphAssetPostProcessor.OnPostprocessAllAssets 1.820ms
			EditModeScopePostprocessor.OnPostprocessAllAssets 1.764ms
			ProjectSettingsPostprocessor.OnPostprocessAllAssets 1.387ms
			SpriteEditorTexturePostprocessor.OnPostprocessAllAssets 1.315ms
			MaterialPostprocessor.OnPostprocessAllAssets 0.764ms
			TextAssetPostProcessor.OnPostprocessAllAssets 0.751ms
			TMPro_TexturePostProcessor.OnPostprocessAllAssets 0.689ms
			ShaderReflectionAssetPostProcessor.OnPostprocessAllAssets 0.583ms
			ReferencedClipsPostProcessor.OnPostprocessAllAssets 0.560ms
			ArtifactBrowserPostProcessor.OnPostprocessAllAssets 0.541ms
			InputActionAssetPostprocessor.OnPostprocessAllAssets 0.513ms
			InputActionJsonNameModifierAssetProcessor.OnPostprocessAllAssets 0.460ms
			SampleDependencyImporterPostProcessor.OnPostprocessAllAssets 0.439ms
			AssetDatabaseCallbacks.OnPostprocessAllAssets 0.324ms
			SpeedTreePostProcessor.OnPostprocessAllAssets 0.323ms
			AudioMixerPostprocessor.OnPostprocessAllAssets 0.317ms
			TerrainToolbarOverlayPostProcessor.OnPostprocessAllAssets 0.247ms
			AssetEvents.OnPostprocessAllAssets 0.237ms
			StyleCatalogPostProcessor.OnPostprocessAllAssets 0.232ms
			PostProcessor.OnPostprocessAllAssets 0.224ms
			RenderPipelineGlobalSettingsPostprocessor.OnPostprocessAllAssets 0.172ms
			ConfigAssetsTracker.OnPostprocessAllAssets 0.172ms
			ScenarioDriftAssetsTracker.OnPostprocessAllAssets 0.157ms
			SamplePostprocessor.OnPostprocessAllAssets 0.140ms
			AudioContainerPostProcessor.OnPostprocessAllAssets 0.073ms
			AssetProcessor.OnPostprocessAllAssets 0.053ms
	GatherAllCurrentPrimaryImportResultRevisions: 0.273ms
	PersistCurrentRevisions: 0.149ms
	GenerateScriptTypeHashes: 3.626ms
	GenerateScriptTypeSerializationHashes: 6.671ms
	Untracked: 1972.579ms

[Licensing::Client] Successfully resolved entitlement details
[Licensing::Client] Successfully resolved entitlement details
[ScriptCompilation] Requested script compilation because: AssetDatabase observed changes in script compilation related files
Asset Pipeline Refresh (id=25453c5410f61514c808fa03b61e278d): Total: 0.146 seconds - Initiated by RefreshV2(NoUpdateAssetOptions)
info: Microsoft.AspNetCore.Hosting.Diagnostics[1]
      Request starting HTTP/2 POST http://ilpp/UnityILPP.PostProcessing/Ping - application/grpc -
info: Microsoft.AspNetCore.Routing.EndpointMiddleware[0]
      Executing endpoint 'gRPC - /UnityILPP.PostProcessing/Ping'
info: Microsoft.AspNetCore.Routing.EndpointMiddleware[1]
      Executed endpoint 'gRPC - /UnityILPP.PostProcessing/Ping'
info: Microsoft.AspNetCore.Hosting.Diagnostics[2]
      Request finished HTTP/2 POST http://ilpp/UnityILPP.PostProcessing/Ping - 200 - application/grpc 0.2638ms
Starting: C:\Program Files\Unity\Hub\Editor\6000.5.8f1\Editor\Data\Tools\BuildPipeline\bee_backend.exe --ipc --defer-dag-verification --dagfile="Library/Bee/1900b0aE.dag" --continue-on-failure --profile="Library/Bee/backend1.traceevents" ScriptAssemblies
WorkingDir: C:/DEV/NTI/2026-2027 Programmering/TIA 2dshooter
info: Microsoft.AspNetCore.Hosting.Diagnostics[1]
      Request starting HTTP/2 POST http://ilpp/UnityILPP.PostProcessing/ConfigurePostProcessors - application/grpc -
info: Microsoft.AspNetCore.Routing.EndpointMiddleware[0]
      Executing endpoint 'gRPC - /UnityILPP.PostProcessing/ConfigurePostProcessors'
info: Unity.ILPP.Runner.PostProcessingAssemblyLoadContext[0]
      Current configuration matches the requested one, skipping
info: Microsoft.AspNetCore.Routing.EndpointMiddleware[1]
      Executed endpoint 'gRPC - /UnityILPP.PostProcessing/ConfigurePostProcessors'
info: Microsoft.AspNetCore.Hosting.Diagnostics[2]
      Request finished HTTP/2 POST http://ilpp/UnityILPP.PostProcessing/ConfigurePostProcessors - 200 - application/grpc 2.0671ms
info: Microsoft.AspNetCore.Hosting.Diagnostics[1]
      Request starting HTTP/2 POST http://ilpp/UnityILPP.PostProcessing/PostProcessAssembly - application/grpc -
info: Microsoft.AspNetCore.Routing.EndpointMiddleware[0]
      Executing endpoint 'gRPC - /UnityILPP.PostProcessing/PostProcessAssembly'
info: Unity.ILPP.Runner.PostProcessingPipeline[0]
      Processing assembly Library/Bee/artifacts/1900b0aE.dag/Assembly-CSharp.dll, with 142 defines and 323 references
info: Unity.ILPP.Runner.PostProcessingPipeline[0]
      processors: Unity.Jobs.CodeGen.JobsILPostProcessor, zzzUnity.Burst.CodeGen.BurstILPostProcessor
info: Unity.ILPP.Runner.PostProcessingPipeline[0]
      running Unity.Jobs.CodeGen.JobsILPostProcessor
info: Unity.ILPP.Runner.PostProcessingPipeline[0]
      running zzzUnity.Burst.CodeGen.BurstILPostProcessor
info: Microsoft.AspNetCore.Routing.EndpointMiddleware[1]
      Executed endpoint 'gRPC - /UnityILPP.PostProcessing/PostProcessAssembly'
info: Microsoft.AspNetCore.Hosting.Diagnostics[2]
      Request finished HTTP/2 POST http://ilpp/UnityILPP.PostProcessing/PostProcessAssembly - 200 - application/grpc 22.7307ms
ExitCode: 0 Duration: 0s646ms
[581/727    0s] ILPP-Configuration Library/ilpp-configuration.nevergeneratedoutput
[723/727    0s] Csc Library/Bee/artifacts/1900b0aE.dag/Assembly-CSharp.dll (+2 others)
[724/727    0s] ILPostProcess Library/Bee/artifacts/1900b0aE.dag/post-processed/Assembly-CSharp.dll (+pdb)
Processing assembly Library/Bee/artifacts/1900b0aE.dag/Assembly-CSharp.dll, with 142 defines and 323 references

processors: Unity.Jobs.CodeGen.JobsILPostProcessor, zzzUnity.Burst.CodeGen.BurstILPostProcessor

running Unity.Jobs.CodeGen.JobsILPostProcessor

running zzzUnity.Burst.CodeGen.BurstILPostProcessor
[725/727    0s] CopyFiles Library/ScriptAssemblies/Assembly-CSharp.pdb
[726/727    0s] CopyFiles Library/ScriptAssemblies/Assembly-CSharp.dll
*** Tundra build success (0.60 seconds), 5 items updated, 727 evaluated
Reloading assemblies after finishing script compilation.
Reloading assemblies after forced synchronous recompile.
Begin MonoManager ReloadAssembly
Native extension for WindowsStandalone target not found
[MODES] ModeService[none].Initialize
[MODES] ModeService[none].LoadModes
ScheduleIndexationOnStartup MainProcess:True IndexOnStartup:True
Mono: successfully reloaded assembly
- Finished resetting the current domain, in  3.145 seconds
Domain Reload Profiling: 5058ms
	BeginReloadAssembly (1155ms)
		DisableScriptedObjects (271ms)
		CreateAndSetChildDomain (442ms)
	RebuildCommonClasses (10ms)
	RebuildNativeTypeToScriptingClass (17ms)
	initialDomainReloadingComplete (179ms)
	LoadAllAssembliesAndSetupDomain (550ms)
		LoadAssemblies (226ms)
		AnalyzeDomain (283ms)
			TypeCache.Refresh (14ms)
			BuildScriptInfoCaches (211ms)
			ResolveRequiredComponents (56ms)
	FinalizeReload (3146ms)
		SetupLoadedEditorAssemblies (0ms)
			BeforeProcessingInitializeOnLoad (342ms)
			ProcessInitializeOnLoadAttributes (715ms)
			ProcessInitializeOnLoadMethodAttributes (290ms)
			AfterProcessingInitializeOnLoad (22ms)
		AwakeInstancesAfterBackupRestoration (925ms)

Asset Pipeline Refresh (id=dd6ab1bc405df1b45a811a7596ec16a9): Total: 5.459 seconds - Initiated by StopAssetImportingV2(ForceSynchronousImport | ForceDomainReload)
	(Values over 0.05ms)
	Summary:
		Imports: total=0 (actual=0, local cache=0, cache server=0)
		Asset DB Process Time: managed=0 ms, native=3331 ms
		Asset DB Callback time: managed=50 ms, native=1 ms
		Scripting: domain reloads=1, domain reload time=2071 ms, compile time=4 ms, other=0 ms
		Project Asset Count: scripts=980, non-scripts=1925
		Asset File Changes: new=0, changed=0, moved=0, deleted=0
		Scan Filter Count: 0
	InvokePackagesCallback: 6.532ms
	ApplyChangesToAssetFolders: 0.626ms
	Collect global state as custom dependencies: 3.802ms
	ProcessAssetsWithTransientArtifactChanges: 5.206ms
	CategorizeAssets: 48.616ms
	CompileScripts: 3.873ms
	ImportOutOfDateAssets: 3196.819ms (3154.593ms without children)
		CollectScriptTypesHashes: 2.219ms
		ReloadNativeAssets: 0.809ms
		UnloadImportedAssets: 0.325ms
		EnsureUptoDateAssetsAreRegisteredWithGuidPM: 0.457ms
		ImportSchedulerStart: 40.608ms
	PostProcessAllAssets: 50.414ms
		MonoPostProcessAllAssets: 50.409ms
			UniversalRenderPipelineGlobalSettingsPostprocessor.OnPostprocessAllAssets 13.889ms
			SyncVS.PostprocessSyncProject 13.131ms
			AssetChangedListener.OnPostprocessAllAssets 8.258ms
			BuilderAssetPostprocessor.OnPostprocessAllAssets 8.214ms
			AssetPostprocessor.OnPostprocessAllAssets 7.482ms
			SpriteSlicePostprocessor.OnPostprocessAllAssets 3.668ms
			SpeedTree9Postprocessor.OnPostprocessAllAssets 3.218ms
			ShaderGraphAssetPostProcessor.OnPostprocessAllAssets 2.778ms
			WindowAssetPostprocessingWatcher.OnPostprocessAllAssets 2.030ms
			EditModeScopePostprocessor.OnPostprocessAllAssets 1.728ms
			RetainedModeAssetPostprocessor.OnPostprocessAllAssets 1.675ms
			TMPro_TexturePostProcessor.OnPostprocessAllAssets 1.089ms
			SpriteEditorTexturePostprocessor.OnPostprocessAllAssets 1.000ms
			ProjectSettingsPostprocessor.OnPostprocessAllAssets 0.850ms
			MaterialPostprocessor.OnPostprocessAllAssets 0.711ms
			InputActionAssetPostprocessor.OnPostprocessAllAssets 0.660ms
			ShaderReflectionAssetPostProcessor.OnPostprocessAllAssets 0.592ms
			TextAssetPostProcessor.OnPostprocessAllAssets 0.578ms
			SampleDependencyImporterPostProcessor.OnPostprocessAllAssets 0.570ms
			ArtifactBrowserPostProcessor.OnPostprocessAllAssets 0.543ms
			AudioMixerPostprocessor.OnPostprocessAllAssets 0.482ms
			InputActionJsonNameModifierAssetProcessor.OnPostprocessAllAssets 0.459ms
			PostProcessor.OnPostprocessAllAssets 0.353ms
			ScenarioDriftAssetsTracker.OnPostprocessAllAssets 0.334ms
			StyleCatalogPostProcessor.OnPostprocessAllAssets 0.311ms
			ConfigAssetsTracker.OnPostprocessAllAssets 0.302ms
			SpeedTreePostProcessor.OnPostprocessAllAssets 0.274ms
			AssetEvents.OnPostprocessAllAssets 0.267ms
			TerrainToolbarOverlayPostProcessor.OnPostprocessAllAssets 0.265ms
			ReferencedClipsPostProcessor.OnPostprocessAllAssets 0.256ms
			SamplePostprocessor.OnPostprocessAllAssets 0.232ms
			AudioContainerPostProcessor.OnPostprocessAllAssets 0.218ms
			AssetProcessor.OnPostprocessAllAssets 0.128ms
			AssetDatabaseCallbacks.OnPostprocessAllAssets 0.112ms
			RenderPipelineGlobalSettingsPostprocessor.OnPostprocessAllAssets 0.069ms
	GatherAllCurrentPrimaryImportResultRevisions: 0.248ms
	PersistCurrentRevisions: 0.131ms
	GenerateScriptTypeHashes: 3.954ms
	GenerateScriptTypeSerializationHashes: 6.758ms
	Untracked: 2130.533ms

[Licensing::Client] Successfully resolved entitlement details
[Licensing::Client] Successfully resolved entitlement details
[ScriptCompilation] Requested script compilation because: AssetDatabase observed changes in script compilation related files
Asset Pipeline Refresh (id=64c5e9f3a834cf7478a7d220206a01d3): Total: 0.152 seconds - Initiated by RefreshV2(NoUpdateAssetOptions)
info: Microsoft.AspNetCore.Hosting.Diagnostics[1]
      Request starting HTTP/2 POST http://ilpp/UnityILPP.PostProcessing/Ping - application/grpc -
info: Microsoft.AspNetCore.Routing.EndpointMiddleware[0]
      Executing endpoint 'gRPC - /UnityILPP.PostProcessing/Ping'
info: Microsoft.AspNetCore.Routing.EndpointMiddleware[1]
      Executed endpoint 'gRPC - /UnityILPP.PostProcessing/Ping'
info: Microsoft.AspNetCore.Hosting.Diagnostics[2]
      Request finished HTTP/2 POST http://ilpp/UnityILPP.PostProcessing/Ping - 200 - application/grpc 0.1786ms
Starting: C:\Program Files\Unity\Hub\Editor\6000.5.8f1\Editor\Data\Tools\BuildPipeline\bee_backend.exe --ipc --defer-dag-verification --dagfile="Library/Bee/1900b0aE.dag" --continue-on-failure --profile="Library/Bee/backend1.traceevents" ScriptAssemblies
WorkingDir: C:/DEV/NTI/2026-2027 Programmering/TIA 2dshooter
info: Microsoft.AspNetCore.Hosting.Diagnostics[1]
      Request starting HTTP/2 POST http://ilpp/UnityILPP.PostProcessing/ConfigurePostProcessors - application/grpc -
info: Microsoft.AspNetCore.Routing.EndpointMiddleware[0]
      Executing endpoint 'gRPC - /UnityILPP.PostProcessing/ConfigurePostProcessors'
info: Unity.ILPP.Runner.PostProcessingAssemblyLoadContext[0]
      Current configuration matches the requested one, skipping
info: Microsoft.AspNetCore.Routing.EndpointMiddleware[1]
      Executed endpoint 'gRPC - /UnityILPP.PostProcessing/ConfigurePostProcessors'
info: Microsoft.AspNetCore.Hosting.Diagnostics[2]
      Request finished HTTP/2 POST http://ilpp/UnityILPP.PostProcessing/ConfigurePostProcessors - 200 - application/grpc 2.1030ms
info: Microsoft.AspNetCore.Hosting.Diagnostics[1]
      Request starting HTTP/2 POST http://ilpp/UnityILPP.PostProcessing/PostProcessAssembly - application/grpc -
info: Microsoft.AspNetCore.Routing.EndpointMiddleware[0]
      Executing endpoint 'gRPC - /UnityILPP.PostProcessing/PostProcessAssembly'
info: Unity.ILPP.Runner.PostProcessingPipeline[0]
      Processing assembly Library/Bee/artifacts/1900b0aE.dag/Assembly-CSharp.dll, with 142 defines and 323 references
info: Unity.ILPP.Runner.PostProcessingPipeline[0]
      processors: Unity.Jobs.CodeGen.JobsILPostProcessor, zzzUnity.Burst.CodeGen.BurstILPostProcessor
info: Unity.ILPP.Runner.PostProcessingPipeline[0]
      running Unity.Jobs.CodeGen.JobsILPostProcessor
info: Unity.ILPP.Runner.PostProcessingPipeline[0]
      running zzzUnity.Burst.CodeGen.BurstILPostProcessor
info: Microsoft.AspNetCore.Routing.EndpointMiddleware[1]
      Executed endpoint 'gRPC - /UnityILPP.PostProcessing/PostProcessAssembly'
info: Microsoft.AspNetCore.Hosting.Diagnostics[2]
      Request finished HTTP/2 POST http://ilpp/UnityILPP.PostProcessing/PostProcessAssembly - 200 - application/grpc 23.9710ms
ExitCode: 0 Duration: 0s644ms
[581/727    0s] ILPP-Configuration Library/ilpp-configuration.nevergeneratedoutput
[723/727    0s] Csc Library/Bee/artifacts/1900b0aE.dag/Assembly-CSharp.dll (+2 others)
[724/727    0s] ILPostProcess Library/Bee/artifacts/1900b0aE.dag/post-processed/Assembly-CSharp.dll (+pdb)
Processing assembly Library/Bee/artifacts/1900b0aE.dag/Assembly-CSharp.dll, with 142 defines and 323 references

processors: Unity.Jobs.CodeGen.JobsILPostProcessor, zzzUnity.Burst.CodeGen.BurstILPostProcessor

running Unity.Jobs.CodeGen.JobsILPostProcessor

running zzzUnity.Burst.CodeGen.BurstILPostProcessor
[725/727    0s] CopyFiles Library/ScriptAssemblies/Assembly-CSharp.dll
[726/727    0s] CopyFiles Library/ScriptAssemblies/Assembly-CSharp.pdb
*** Tundra build success (0.61 seconds), 5 items updated, 727 evaluated
Reloading assemblies after finishing script compilation.
Reloading assemblies after forced synchronous recompile.
Begin MonoManager ReloadAssembly
Native extension for WindowsStandalone target not found
[MODES] ModeService[none].Initialize
[MODES] ModeService[none].LoadModes
ScheduleIndexationOnStartup MainProcess:True IndexOnStartup:True
Mono: successfully reloaded assembly
- Finished resetting the current domain, in  3.081 seconds
Domain Reload Profiling: 5067ms
	BeginReloadAssembly (1152ms)
		DisableScriptedObjects (265ms)
		CreateAndSetChildDomain (466ms)
	RebuildCommonClasses (15ms)
	RebuildNativeTypeToScriptingClass (22ms)
	initialDomainReloadingComplete (110ms)
	LoadAllAssembliesAndSetupDomain (686ms)
		LoadAssemblies (213ms)
		AnalyzeDomain (353ms)
			TypeCache.Refresh (14ms)
			BuildScriptInfoCaches (276ms)
			ResolveRequiredComponents (58ms)
	FinalizeReload (3082ms)
		SetupLoadedEditorAssemblies (0ms)
			BeforeProcessingInitializeOnLoad (296ms)
			ProcessInitializeOnLoadAttributes (688ms)
			ProcessInitializeOnLoadMethodAttributes (321ms)
			AfterProcessingInitializeOnLoad (23ms)
		AwakeInstancesAfterBackupRestoration (907ms)

Asset Pipeline Refresh (id=14f45036c36e9f540b4f1a44e39b3fb2): Total: 5.474 seconds - Initiated by StopAssetImportingV2(ForceSynchronousImport | ForceDomainReload)
	(Values over 0.05ms)
	Summary:
		Imports: total=0 (actual=0, local cache=0, cache server=0)
		Asset DB Process Time: managed=0 ms, native=3283 ms
		Asset DB Callback time: managed=52 ms, native=0 ms
		Scripting: domain reloads=1, domain reload time=2134 ms, compile time=3 ms, other=0 ms
		Project Asset Count: scripts=980, non-scripts=1925
		Asset File Changes: new=0, changed=0, moved=0, deleted=0
		Scan Filter Count: 0
	InvokePackagesCallback: 4.848ms
	ApplyChangesToAssetFolders: 0.409ms
	Collect global state as custom dependencies: 2.051ms
	ProcessAssetsWithTransientArtifactChanges: 7.402ms
	CategorizeAssets: 54.985ms
	CompileScripts: 2.998ms
	ImportOutOfDateAssets: 3138.787ms (3096.558ms without children)
		CollectScriptTypesHashes: 1.764ms
		ReloadNativeAssets: 1.205ms
		UnloadImportedAssets: 0.388ms
		EnsureUptoDateAssetsAreRegisteredWithGuidPM: 0.762ms
		ImportSchedulerStart: 39.853ms
	PostProcessAllAssets: 52.044ms
		MonoPostProcessAllAssets: 52.039ms
			UniversalRenderPipelineGlobalSettingsPostprocessor.OnPostprocessAllAssets 12.787ms
			SyncVS.PostprocessSyncProject 12.104ms
			AssetChangedListener.OnPostprocessAllAssets 7.541ms
			BuilderAssetPostprocessor.OnPostprocessAllAssets 7.317ms
			AssetPostprocessor.OnPostprocessAllAssets 4.858ms
			SpriteSlicePostprocessor.OnPostprocessAllAssets 3.454ms
			WindowAssetPostprocessingWatcher.OnPostprocessAllAssets 3.139ms
			SpeedTree9Postprocessor.OnPostprocessAllAssets 2.959ms
			EditModeScopePostprocessor.OnPostprocessAllAssets 2.293ms
			ShaderGraphAssetPostProcessor.OnPostprocessAllAssets 1.928ms
			RetainedModeAssetPostprocessor.OnPostprocessAllAssets 1.479ms
			ProjectSettingsPostprocessor.OnPostprocessAllAssets 1.087ms
			SpriteEditorTexturePostprocessor.OnPostprocessAllAssets 0.935ms
			TMPro_TexturePostProcessor.OnPostprocessAllAssets 0.861ms
			ArtifactBrowserPostProcessor.OnPostprocessAllAssets 0.795ms
			MaterialPostprocessor.OnPostprocessAllAssets 0.527ms
			SampleDependencyImporterPostProcessor.OnPostprocessAllAssets 0.515ms
			ShaderReflectionAssetPostProcessor.OnPostprocessAllAssets 0.500ms
			ReferencedClipsPostProcessor.OnPostprocessAllAssets 0.498ms
			InputActionAssetPostprocessor.OnPostprocessAllAssets 0.485ms
			AudioMixerPostprocessor.OnPostprocessAllAssets 0.407ms
			InputActionJsonNameModifierAssetProcessor.OnPostprocessAllAssets 0.326ms
			TextAssetPostProcessor.OnPostprocessAllAssets 0.308ms
			ConfigAssetsTracker.OnPostprocessAllAssets 0.269ms
			AssetDatabaseCallbacks.OnPostprocessAllAssets 0.260ms
			ScenarioDriftAssetsTracker.OnPostprocessAllAssets 0.257ms
			PostProcessor.OnPostprocessAllAssets 0.245ms
			StyleCatalogPostProcessor.OnPostprocessAllAssets 0.243ms
			TerrainToolbarOverlayPostProcessor.OnPostprocessAllAssets 0.222ms
			AssetEvents.OnPostprocessAllAssets 0.192ms
			SamplePostprocessor.OnPostprocessAllAssets 0.159ms
			SpeedTreePostProcessor.OnPostprocessAllAssets 0.146ms
			RenderPipelineGlobalSettingsPostprocessor.OnPostprocessAllAssets 0.136ms
			AudioContainerPostProcessor.OnPostprocessAllAssets 0.112ms
			AssetProcessor.OnPostprocessAllAssets 0.051ms
	GatherAllCurrentPrimaryImportResultRevisions: 0.154ms
	PersistCurrentRevisions: 0.125ms
	GenerateScriptTypeHashes: 3.543ms
	GenerateScriptTypeSerializationHashes: 5.987ms
	Untracked: 2198.738ms

[Licensing::Client] Successfully resolved entitlement details
[Licensing::Client] Successfully resolved entitlement details
Asset Pipeline Refresh (id=84f883298ceafb541bd229618782ed14): Total: 0.018 seconds - Initiated by RefreshV2(AllowForceSynchronousImport)
Asset Pipeline Refresh (id=61b65f1878bc9124b912b8ec387985c6): Total: 0.011 seconds - Initiated by RefreshV2(NoUpdateAssetOptions)
SpriteAtlasPacking completed in 0.015501 sec
Reloading assemblies for play mode.
Reloading assemblies after forced synchronous recompile.
Begin MonoManager ReloadAssembly
Native extension for WindowsStandalone target not found
ScheduleIndexationOnStartup MainProcess:True IndexOnStartup:True
[MODES] ModeService[none].Initialize
[MODES] ModeService[none].LoadModes
Mono: successfully reloaded assembly
- Finished resetting the current domain, in  1.689 seconds
Domain Reload Profiling: 2618ms
	BeginReloadAssembly (692ms)
		DisableScriptedObjects (155ms)
		CreateAndSetChildDomain (333ms)
	RebuildCommonClasses (9ms)
	RebuildNativeTypeToScriptingClass (14ms)
	initialDomainReloadingComplete (62ms)
	LoadAllAssembliesAndSetupDomain (151ms)
		LoadAssemblies (129ms)
		AnalyzeDomain (30ms)
			TypeCache.Refresh (5ms)
			ResolveRequiredComponents (22ms)
	FinalizeReload (1690ms)
		SetupLoadedEditorAssemblies (0ms)
			BeforeProcessingInitializeOnLoad (91ms)
			ProcessInitializeOnLoadAttributes (368ms)
			ProcessInitializeOnLoadMethodAttributes (197ms)
			AfterProcessingInitializeOnLoad (10ms)
		AwakeInstancesAfterBackupRestoration (571ms)

Asset Pipeline Refresh (id=dd660e8615559444e93f7017757e09a8): Total: 2.824 seconds - Initiated by StopAssetImportingV2(ForceSynchronousImport | ForceDomainReload)
	(Values over 0.05ms)
	Summary:
		Imports: total=0 (actual=0, local cache=0, cache server=0)
		Asset DB Process Time: managed=0 ms, native=1800 ms
		Asset DB Callback time: managed=36 ms, native=0 ms
		Scripting: domain reloads=1, domain reload time=983 ms, compile time=3 ms, other=0 ms
		Project Asset Count: scripts=980, non-scripts=1925
		Asset File Changes: new=0, changed=0, moved=0, deleted=0
		Scan Filter Count: 0
	InvokePackagesCallback: 2.866ms
	ApplyChangesToAssetFolders: 0.341ms
	Collect global state as custom dependencies: 1.356ms
	ProcessAssetsWithTransientArtifactChanges: 0.078ms
	CategorizeAssets: 31.048ms
	CompileScripts: 2.554ms
	ImportOutOfDateAssets: 1725.564ms (1696.762ms without children)
		CollectScriptTypesHashes: 0.997ms
		ReloadNativeAssets: 0.733ms
		UnloadImportedAssets: 0.133ms
		EnsureUptoDateAssetsAreRegisteredWithGuidPM: 0.355ms
		ImportSchedulerStart: 27.563ms
	PostProcessAllAssets: 36.476ms
		MonoPostProcessAllAssets: 36.471ms
			UniversalRenderPipelineGlobalSettingsPostprocessor.OnPostprocessAllAssets 10.562ms
			SyncVS.PostprocessSyncProject 9.970ms
			AssetChangedListener.OnPostprocessAllAssets 7.541ms
			BuilderAssetPostprocessor.OnPostprocessAllAssets 7.317ms
			AssetPostprocessor.OnPostprocessAllAssets 4.858ms
			SpriteSlicePostprocessor.OnPostprocessAllAssets 3.454ms
			WindowAssetPostprocessingWatcher.OnPostprocessAllAssets 2.213ms
			ShaderGraphAssetPostProcessor.OnPostprocessAllAssets 1.928ms
			SpeedTree9Postprocessor.OnPostprocessAllAssets 1.871ms
			RetainedModeAssetPostprocessor.OnPostprocessAllAssets 1.479ms
			SpriteEditorTexturePostprocessor.OnPostprocessAllAssets 0.935ms
			TMPro_TexturePostProcessor.OnPostprocessAllAssets 0.861ms
			ProjectSettingsPostprocessor.OnPostprocessAllAssets 0.816ms
			ArtifactBrowserPostProcessor.OnPostprocessAllAssets 0.795ms
			EditModeScopePostprocessor.OnPostprocessAllAssets 0.638ms
			MaterialPostprocessor.OnPostprocessAllAssets 0.527ms
			SampleDependencyImporterPostProcessor.OnPostprocessAllAssets 0.515ms
			AudioMixerPostprocessor.OnPostprocessAllAssets 0.407ms
			ShaderReflectionAssetPostProcessor.OnPostprocessAllAssets 0.387ms
			InputActionJsonNameModifierAssetProcessor.OnPostprocessAllAssets 0.326ms
			ReferencedClipsPostProcessor.OnPostprocessAllAssets 0.312ms
			TextAssetPostProcessor.OnPostprocessAllAssets 0.308ms
			ConfigAssetsTracker.OnPostprocessAllAssets 0.269ms
			ScenarioDriftAssetsTracker.OnPostprocessAllAssets 0.257ms
			InputActionAssetPostprocessor.OnPostprocessAllAssets 0.251ms
			PostProcessor.OnPostprocessAllAssets 0.245ms
			StyleCatalogPostProcessor.OnPostprocessAllAssets 0.243ms
			AssetEvents.OnPostprocessAllAssets 0.192ms
			SamplePostprocessor.OnPostprocessAllAssets 0.159ms
			SpeedTreePostProcessor.OnPostprocessAllAssets 0.146ms
			AssetDatabaseCallbacks.OnPostprocessAllAssets 0.144ms
			TerrainToolbarOverlayPostProcessor.OnPostprocessAllAssets 0.133ms
			AudioContainerPostProcessor.OnPostprocessAllAssets 0.112ms
			RenderPipelineGlobalSettingsPostprocessor.OnPostprocessAllAssets 0.097ms
			AssetProcessor.OnPostprocessAllAssets 0.051ms
	GatherAllCurrentPrimaryImportResultRevisions: 0.184ms
	UnloadStreamsBegin: 0.075ms
	PersistCurrentRevisions: 0.124ms
	GenerateScriptTypeHashes: 1.917ms
	GenerateScriptTypeSerializationHashes: 3.331ms
	Untracked: 1013.409ms

LightingSettings: switching bake backend from 2 to 1.
Loaded scene 'Temp/__Backupscenes/0.backup'
	Deserialize:            2.240 ms
	Integration:            217.391 ms
	Integration of assets:  0.004 ms
	Thread Wait Time:       0.047 ms
	Total Operation Time:   219.680 ms
[Licensing::Client] Successfully resolved entitlement details
[Licensing::Client] Successfully resolved entitlement details
LightingSettings: switching bake backend from 2 to 1.
Unloading 5 Unused Serialized files (Serialized files now loaded: 0)
Loaded scene 'Temp/__Backupscenes/0.backup'
	Deserialize:            1.022 ms
	Integration:            144.581 ms
	Integration of assets:  0.006 ms
	Thread Wait Time:       0.073 ms
	Total Operation Time:   145.682 ms
Unloading 162 unused Assets / (0.8 MB). Loaded Objects now: 6377.
Memory consumption went from 0.65 GB to 0.65 GB.
Total: 13.542700 ms (FindLiveObjects: 0.316800 ms CreateObjectMapping: 0.658200 ms MarkObjects: 11.175900 ms  DeleteObjects: 1.389900 ms)

[Licensing::Client] Successfully resolved entitlement details
Asset Pipeline Refresh (id=9722fb6b0641e0a4d96e21a6f6ef0b20): Total: 0.024 seconds - Initiated by RefreshV2(AllowForceSynchronousImport)
Importing 'GUID: 012449b2a06296040b0011710459fe19 - Path: Assets/ShooterBase.inputactions' with importer (ScriptedImporter : Unity.InputSystem:UnityEngine.InputSystem.Editor:InputActionImporter)
Imported 'GUID: 012449b2a06296040b0011710459fe19' -> (Import Result ID: '6388efc407fca74e9d8bd70539b74d99') in 0.020 seconds [static and dynamic dependencies]. Details - ImportResultOutputID=1da42e3c4c31a1cad00100c8e3ad31b6 DependenciesID=3ecb9925031681835f16ee7c86a690ef StaticDependenciesID=ab5ee5ab5c312b9e1b34979bc9e84a6a 
Asset Pipeline Refresh (id=036a11076efc21744b7211c79db63d92): Total: 0.129 seconds - Initiated by StopAssetImportingV2(NoUpdateAssetOptions)
Starting new worker id: 1 with log in C:/DEV/NTI/2026-2027 Programmering/TIA 2dshooter/Logs/AssetImportWorkerHW1.log
[Worker0] Imported GUID: 012449b2a06296040b0011710459fe19 - Path: Assets/ShooterBase.inputactions - Importer: PreviewImporter -> (ImportResultId: 'd6f97e908c562825527ca4fcac60a561') in 0.0836242 seconds
Worker ready: AssetImportWorkerHW1 1
[ScriptCompilation] Requested script compilation because: AssetDatabase observed changes in script compilation related files
Asset Pipeline Refresh (id=25e90bcedd56ee34690d52e13ac3ec8a): Total: 0.152 seconds - Initiated by RefreshV2(NoUpdateAssetOptions)
[Licensing::Client] Successfully resolved entitlement details
info: Microsoft.AspNetCore.Hosting.Diagnostics[1]
      Request starting HTTP/2 POST http://ilpp/UnityILPP.PostProcessing/Ping - application/grpc -
info: Microsoft.AspNetCore.Routing.EndpointMiddleware[0]
      Executing endpoint 'gRPC - /UnityILPP.PostProcessing/Ping'
info: Microsoft.AspNetCore.Routing.EndpointMiddleware[1]
      Executed endpoint 'gRPC - /UnityILPP.PostProcessing/Ping'
info: Microsoft.AspNetCore.Hosting.Diagnostics[2]
      Request finished HTTP/2 POST http://ilpp/UnityILPP.PostProcessing/Ping - 200 - application/grpc 0.2955ms
Starting: C:\Program Files\Unity\Hub\Editor\6000.5.8f1\Editor\Data\Tools\BuildPipeline\bee_backend.exe --ipc --defer-dag-verification --dagfile="Library/Bee/1900b0aE.dag" --continue-on-failure --profile="Library/Bee/backend1.traceevents" ScriptAssemblies
WorkingDir: C:/DEV/NTI/2026-2027 Programmering/TIA 2dshooter
info: Microsoft.AspNetCore.Hosting.Diagnostics[1]
      Request starting HTTP/2 POST http://ilpp/UnityILPP.PostProcessing/ConfigurePostProcessors - application/grpc -
info: Microsoft.AspNetCore.Routing.EndpointMiddleware[0]
      Executing endpoint 'gRPC - /UnityILPP.PostProcessing/ConfigurePostProcessors'
info: Unity.ILPP.Runner.PostProcessingAssemblyLoadContext[0]
      Current configuration matches the requested one, skipping
info: Microsoft.AspNetCore.Routing.EndpointMiddleware[1]
      Executed endpoint 'gRPC - /UnityILPP.PostProcessing/ConfigurePostProcessors'
info: Microsoft.AspNetCore.Hosting.Diagnostics[2]
      Request finished HTTP/2 POST http://ilpp/UnityILPP.PostProcessing/ConfigurePostProcessors - 200 - application/grpc 1.9857ms
info: Microsoft.AspNetCore.Hosting.Diagnostics[1]
      Request starting HTTP/2 POST http://ilpp/UnityILPP.PostProcessing/PostProcessAssembly - application/grpc -
info: Microsoft.AspNetCore.Routing.EndpointMiddleware[0]
      Executing endpoint 'gRPC - /UnityILPP.PostProcessing/PostProcessAssembly'
info: Unity.ILPP.Runner.PostProcessingPipeline[0]
      Processing assembly Library/Bee/artifacts/1900b0aE.dag/Assembly-CSharp.dll, with 142 defines and 323 references
info: Unity.ILPP.Runner.PostProcessingPipeline[0]
      processors: Unity.Jobs.CodeGen.JobsILPostProcessor, zzzUnity.Burst.CodeGen.BurstILPostProcessor
info: Unity.ILPP.Runner.PostProcessingPipeline[0]
      running Unity.Jobs.CodeGen.JobsILPostProcessor
info: Unity.ILPP.Runner.PostProcessingPipeline[0]
      running zzzUnity.Burst.CodeGen.BurstILPostProcessor
info: Microsoft.AspNetCore.Routing.EndpointMiddleware[1]
      Executed endpoint 'gRPC - /UnityILPP.PostProcessing/PostProcessAssembly'
info: Microsoft.AspNetCore.Hosting.Diagnostics[2]
      Request finished HTTP/2 POST http://ilpp/UnityILPP.PostProcessing/PostProcessAssembly - 200 - application/grpc 15.3288ms
ExitCode: 0 Duration: 2s720ms
[581/727    0s] ILPP-Configuration Library/ilpp-configuration.nevergeneratedoutput
[723/727    2s] Csc Library/Bee/artifacts/1900b0aE.dag/Assembly-CSharp.dll (+2 others)
[724/727    0s] ILPostProcess Library/Bee/artifacts/1900b0aE.dag/post-processed/Assembly-CSharp.dll (+pdb)
Processing assembly Library/Bee/artifacts/1900b0aE.dag/Assembly-CSharp.dll, with 142 defines and 323 references

processors: Unity.Jobs.CodeGen.JobsILPostProcessor, zzzUnity.Burst.CodeGen.BurstILPostProcessor

running Unity.Jobs.CodeGen.JobsILPostProcessor

running zzzUnity.Burst.CodeGen.BurstILPostProcessor
[725/727    0s] CopyFiles Library/ScriptAssemblies/Assembly-CSharp.pdb
[726/727    0s] CopyFiles Library/ScriptAssemblies/Assembly-CSharp.dll
*** Tundra build success (2.68 seconds), 5 items updated, 727 evaluated
Reloading assemblies after finishing script compilation.
Reloading assemblies after forced synchronous recompile.
Begin MonoManager ReloadAssembly
Native extension for WindowsStandalone target not found
[MODES] ModeService[none].Initialize
[MODES] ModeService[none].LoadModes
ScheduleIndexationOnStartup MainProcess:True IndexOnStartup:True
Mono: successfully reloaded assembly
- Finished resetting the current domain, in  2.846 seconds
Domain Reload Profiling: 4749ms
	BeginReloadAssembly (1294ms)
		DisableScriptedObjects (241ms)
		CreateAndSetChildDomain (543ms)
	RebuildCommonClasses (17ms)
	RebuildNativeTypeToScriptingClass (32ms)
	initialDomainReloadingComplete (98ms)
	LoadAllAssembliesAndSetupDomain (460ms)
		LoadAssemblies (246ms)
		AnalyzeDomain (194ms)
			TypeCache.Refresh (13ms)
			BuildScriptInfoCaches (135ms)
			ResolveRequiredComponents (43ms)
	FinalizeReload (2848ms)
		SetupLoadedEditorAssemblies (0ms)
			BeforeProcessingInitializeOnLoad (281ms)
			ProcessInitializeOnLoadAttributes (680ms)
			ProcessInitializeOnLoadMethodAttributes (291ms)
			AfterProcessingInitializeOnLoad (11ms)
		AwakeInstancesAfterBackupRestoration (737ms)

Asset Pipeline Refresh (id=b1433cb8d664c7a41b4a18507f3e60db): Total: 5.186 seconds - Initiated by StopAssetImportingV2(ForceSynchronousImport | ForceDomainReload)
	(Values over 0.05ms)
	Summary:
		Imports: total=0 (actual=0, local cache=0, cache server=0)
		Asset DB Process Time: managed=0 ms, native=3058 ms
		Asset DB Callback time: managed=73 ms, native=1 ms
		Scripting: domain reloads=1, domain reload time=2048 ms, compile time=4 ms, other=0 ms
		Project Asset Count: scripts=980, non-scripts=1925
		Asset File Changes: new=0, changed=0, moved=0, deleted=0
		Scan Filter Count: 0
	InvokePackagesCallback: 5.550ms
	ApplyChangesToAssetFolders: 0.506ms
	Collect global state as custom dependencies: 2.401ms
	ProcessAssetsWithTransientArtifactChanges: 7.396ms
	CategorizeAssets: 64.011ms
	CompileScripts: 4.241ms
	ImportOutOfDateAssets: 2903.565ms (2859.209ms without children)
		CollectScriptTypesHashes: 2.553ms
		ReloadNativeAssets: 1.069ms
		UnloadImportedAssets: 0.400ms
		EnsureUptoDateAssetsAreRegisteredWithGuidPM: 0.661ms
		ImportSchedulerStart: 42.205ms
	PostProcessAllAssets: 73.887ms
		MonoPostProcessAllAssets: 73.880ms
			UniversalRenderPipelineGlobalSettingsPostprocessor.OnPostprocessAllAssets 20.404ms
			SyncVS.PostprocessSyncProject 20.161ms
			WindowAssetPostprocessingWatcher.OnPostprocessAllAssets 4.376ms
			SpeedTree9Postprocessor.OnPostprocessAllAssets 3.825ms
			ProjectSettingsPostprocessor.OnPostprocessAllAssets 1.797ms
			EditModeScopePostprocessor.OnPostprocessAllAssets 1.693ms
			ShaderReflectionAssetPostProcessor.OnPostprocessAllAssets 0.705ms
			InputActionAssetPostprocessor.OnPostprocessAllAssets 0.666ms
			ReferencedClipsPostProcessor.OnPostprocessAllAssets 0.528ms
			TerrainToolbarOverlayPostProcessor.OnPostprocessAllAssets 0.341ms
			AssetDatabaseCallbacks.OnPostprocessAllAssets 0.241ms
			AssetChangedListener.OnPostprocessAllAssets 0.228ms
			RenderPipelineGlobalSettingsPostprocessor.OnPostprocessAllAssets 0.159ms
			ShaderGraphAssetPostProcessor.OnPostprocessAllAssets 0.129ms
			InputActionJsonNameModifierAssetProcessor.OnPostprocessAllAssets 0.129ms
			SpriteEditorTexturePostprocessor.OnPostprocessAllAssets 0.121ms
			AssetPostprocessor.OnPostprocessAllAssets 0.076ms
	GatherAllCurrentPrimaryImportResultRevisions: 0.177ms
	UnloadStreamsBegin: 0.052ms
	PersistCurrentRevisions: 0.141ms
	GenerateScriptTypeHashes: 2.819ms
	GenerateScriptTypeSerializationHashes: 4.920ms
	Untracked: 2112.776ms

[Licensing::Client] Successfully resolved entitlement details
[Licensing::Client] Successfully resolved entitlement details
[ScriptCompilation] Requested script compilation because: AssetDatabase observed changes in script compilation related files
Asset Pipeline Refresh (id=8f852f31ce176c94baec69526475317a): Total: 0.164 seconds - Initiated by RefreshV2(NoUpdateAssetOptions)
[Licensing::Client] Successfully resolved entitlement details
info: Microsoft.AspNetCore.Hosting.Diagnostics[1]
      Request starting HTTP/2 POST http://ilpp/UnityILPP.PostProcessing/Ping - application/grpc -
info: Microsoft.AspNetCore.Routing.EndpointMiddleware[0]
      Executing endpoint 'gRPC - /UnityILPP.PostProcessing/Ping'
info: Microsoft.AspNetCore.Routing.EndpointMiddleware[1]
      Executed endpoint 'gRPC - /UnityILPP.PostProcessing/Ping'
info: Microsoft.AspNetCore.Hosting.Diagnostics[2]
      Request finished HTTP/2 POST http://ilpp/UnityILPP.PostProcessing/Ping - 200 - application/grpc 0.3197ms
Starting: C:\Program Files\Unity\Hub\Editor\6000.5.8f1\Editor\Data\Tools\BuildPipeline\bee_backend.exe --ipc --defer-dag-verification --dagfile="Library/Bee/1900b0aE.dag" --continue-on-failure --profile="Library/Bee/backend1.traceevents" ScriptAssemblies
WorkingDir: C:/DEV/NTI/2026-2027 Programmering/TIA 2dshooter
info: Microsoft.AspNetCore.Hosting.Diagnostics[1]
      Request starting HTTP/2 POST http://ilpp/UnityILPP.PostProcessing/ConfigurePostProcessors - application/grpc -
info: Microsoft.AspNetCore.Routing.EndpointMiddleware[0]
      Executing endpoint 'gRPC - /UnityILPP.PostProcessing/ConfigurePostProcessors'
info: Unity.ILPP.Runner.PostProcessingAssemblyLoadContext[0]
      Current configuration matches the requested one, skipping
info: Microsoft.AspNetCore.Routing.EndpointMiddleware[1]
      Executed endpoint 'gRPC - /UnityILPP.PostProcessing/ConfigurePostProcessors'
info: Microsoft.AspNetCore.Hosting.Diagnostics[2]
      Request finished HTTP/2 POST http://ilpp/UnityILPP.PostProcessing/ConfigurePostProcessors - 200 - application/grpc 1.9677ms
info: Microsoft.AspNetCore.Hosting.Diagnostics[1]
      Request starting HTTP/2 POST http://ilpp/UnityILPP.PostProcessing/PostProcessAssembly - application/grpc -
info: Microsoft.AspNetCore.Routing.EndpointMiddleware[0]
      Executing endpoint 'gRPC - /UnityILPP.PostProcessing/PostProcessAssembly'
info: Unity.ILPP.Runner.PostProcessingPipeline[0]
      Processing assembly Library/Bee/artifacts/1900b0aE.dag/Assembly-CSharp.dll, with 142 defines and 323 references
info: Unity.ILPP.Runner.PostProcessingPipeline[0]
      processors: Unity.Jobs.CodeGen.JobsILPostProcessor, zzzUnity.Burst.CodeGen.BurstILPostProcessor
info: Unity.ILPP.Runner.PostProcessingPipeline[0]
      running Unity.Jobs.CodeGen.JobsILPostProcessor
info: Unity.ILPP.Runner.PostProcessingPipeline[0]
      running zzzUnity.Burst.CodeGen.BurstILPostProcessor
info: Microsoft.AspNetCore.Routing.EndpointMiddleware[1]
      Executed endpoint 'gRPC - /UnityILPP.PostProcessing/PostProcessAssembly'
info: Microsoft.AspNetCore.Hosting.Diagnostics[2]
      Request finished HTTP/2 POST http://ilpp/UnityILPP.PostProcessing/PostProcessAssembly - 200 - application/grpc 22.9639ms
ExitCode: 0 Duration: 0s700ms
[581/727    0s] ILPP-Configuration Library/ilpp-configuration.nevergeneratedoutput
[723/727    0s] Csc Library/Bee/artifacts/1900b0aE.dag/Assembly-CSharp.dll (+2 others)
[724/727    0s] ILPostProcess Library/Bee/artifacts/1900b0aE.dag/post-processed/Assembly-CSharp.dll (+pdb)
Processing assembly Library/Bee/artifacts/1900b0aE.dag/Assembly-CSharp.dll, with 142 defines and 323 references

processors: Unity.Jobs.CodeGen.JobsILPostProcessor, zzzUnity.Burst.CodeGen.BurstILPostProcessor

running Unity.Jobs.CodeGen.JobsILPostProcessor

running zzzUnity.Burst.CodeGen.BurstILPostProcessor
[725/727    0s] CopyFiles Library/ScriptAssemblies/Assembly-CSharp.dll
[726/727    0s] CopyFiles Library/ScriptAssemblies/Assembly-CSharp.pdb
*** Tundra build success (0.66 seconds), 5 items updated, 727 evaluated
Reloading assemblies after finishing script compilation.
Reloading assemblies after forced synchronous recompile.
Begin MonoManager ReloadAssembly
Native extension for WindowsStandalone target not found
[MODES] ModeService[none].Initialize
[MODES] ModeService[none].LoadModes
ScheduleIndexationOnStartup MainProcess:True IndexOnStartup:True
Mono: successfully reloaded assembly
- Finished resetting the current domain, in  2.979 seconds
Domain Reload Profiling: 4841ms
	BeginReloadAssembly (1170ms)
		DisableScriptedObjects (273ms)
		CreateAndSetChildDomain (462ms)
	RebuildCommonClasses (18ms)
	RebuildNativeTypeToScriptingClass (21ms)
	initialDomainReloadingComplete (111ms)
	LoadAllAssembliesAndSetupDomain (540ms)
		LoadAssemblies (205ms)
		AnalyzeDomain (248ms)
			TypeCache.Refresh (9ms)
			BuildScriptInfoCaches (178ms)
			ResolveRequiredComponents (56ms)
	FinalizeReload (2981ms)
		SetupLoadedEditorAssemblies (0ms)
			BeforeProcessingInitializeOnLoad (253ms)
			ProcessInitializeOnLoadAttributes (597ms)
			ProcessInitializeOnLoadMethodAttributes (306ms)
			AfterProcessingInitializeOnLoad (21ms)
		AwakeInstancesAfterBackupRestoration (923ms)

Asset Pipeline Refresh (id=cfdb02fd34c4c28488ffa0c988a0611a): Total: 5.236 seconds - Initiated by StopAssetImportingV2(ForceSynchronousImport | ForceDomainReload)
	(Values over 0.05ms)
	Summary:
		Imports: total=0 (actual=0, local cache=0, cache server=0)
		Asset DB Process Time: managed=0 ms, native=3150 ms
		Asset DB Callback time: managed=65 ms, native=1 ms
		Scripting: domain reloads=1, domain reload time=2016 ms, compile time=3 ms, other=0 ms
		Project Asset Count: scripts=980, non-scripts=1925
		Asset File Changes: new=0, changed=0, moved=0, deleted=0
		Scan Filter Count: 0
	InvokePackagesCallback: 5.615ms
	ApplyChangesToAssetFolders: 0.569ms
	Collect global state as custom dependencies: 2.495ms
	ProcessAssetsWithTransientArtifactChanges: 3.884ms
	CategorizeAssets: 45.087ms
	CompileScripts: 2.557ms
	ImportOutOfDateAssets: 3028.030ms (2989.382ms without children)
		CollectScriptTypesHashes: 2.754ms
		ReloadNativeAssets: 0.701ms
		UnloadImportedAssets: 0.321ms
		EnsureUptoDateAssetsAreRegisteredWithGuidPM: 0.532ms
		ImportSchedulerStart: 37.073ms
	PostProcessAllAssets: 65.569ms
		MonoPostProcessAllAssets: 65.563ms
			SyncVS.PostprocessSyncProject 18.788ms
			UniversalRenderPipelineGlobalSettingsPostprocessor.OnPostprocessAllAssets 17.428ms
			BuilderAssetPostprocessor.OnPostprocessAllAssets 9.505ms
			AssetChangedListener.OnPostprocessAllAssets 9.302ms
			AssetPostprocessor.OnPostprocessAllAssets 5.811ms
			SpriteSlicePostprocessor.OnPostprocessAllAssets 4.171ms
			WindowAssetPostprocessingWatcher.OnPostprocessAllAssets 3.938ms
			SpeedTree9Postprocessor.OnPostprocessAllAssets 3.487ms
			ShaderGraphAssetPostProcessor.OnPostprocessAllAssets 2.525ms
			RetainedModeAssetPostprocessor.OnPostprocessAllAssets 1.853ms
			EditModeScopePostprocessor.OnPostprocessAllAssets 1.655ms
			ProjectSettingsPostprocessor.OnPostprocessAllAssets 1.094ms
			TMPro_TexturePostProcessor.OnPostprocessAllAssets 0.893ms
			MaterialPostprocessor.OnPostprocessAllAssets 0.860ms
			SpriteEditorTexturePostprocessor.OnPostprocessAllAssets 0.851ms
			AudioMixerPostprocessor.OnPostprocessAllAssets 0.783ms
			ArtifactBrowserPostProcessor.OnPostprocessAllAssets 0.730ms
			StyleCatalogPostProcessor.OnPostprocessAllAssets 0.620ms
			TextAssetPostProcessor.OnPostprocessAllAssets 0.563ms
			ReferencedClipsPostProcessor.OnPostprocessAllAssets 0.533ms
			SampleDependencyImporterPostProcessor.OnPostprocessAllAssets 0.527ms
			ShaderReflectionAssetPostProcessor.OnPostprocessAllAssets 0.518ms
			InputActionAssetPostprocessor.OnPostprocessAllAssets 0.508ms
			InputActionJsonNameModifierAssetProcessor.OnPostprocessAllAssets 0.480ms
			AssetEvents.OnPostprocessAllAssets 0.465ms
			PostProcessor.OnPostprocessAllAssets 0.416ms
			AssetDatabaseCallbacks.OnPostprocessAllAssets 0.323ms
			SpeedTreePostProcessor.OnPostprocessAllAssets 0.309ms
			ConfigAssetsTracker.OnPostprocessAllAssets 0.303ms
			TerrainToolbarOverlayPostProcessor.OnPostprocessAllAssets 0.299ms
			SamplePostprocessor.OnPostprocessAllAssets 0.284ms
			ScenarioDriftAssetsTracker.OnPostprocessAllAssets 0.280ms
			RenderPipelineGlobalSettingsPostprocessor.OnPostprocessAllAssets 0.185ms
			AssetProcessor.OnPostprocessAllAssets 0.184ms
			AudioContainerPostProcessor.OnPostprocessAllAssets 0.097ms
	GatherAllCurrentPrimaryImportResultRevisions: 0.199ms
	UnloadStreamsBegin: 0.057ms
	PersistCurrentRevisions: 0.111ms
	GenerateScriptTypeHashes: 2.248ms
	GenerateScriptTypeSerializationHashes: 3.976ms
	Untracked: 2069.765ms

[Licensing::Client] Successfully resolved entitlement details
[Licensing::Client] Successfully resolved entitlement details
[ScriptCompilation] Requested script compilation because: AssetDatabase observed changes in script compilation related files
Asset Pipeline Refresh (id=7c5498875a35dbf40955cd1afd49df34): Total: 0.156 seconds - Initiated by RefreshV2(NoUpdateAssetOptions)
[Licensing::Client] Successfully resolved entitlement details
info: Microsoft.AspNetCore.Hosting.Diagnostics[1]
      Request starting HTTP/2 POST http://ilpp/UnityILPP.PostProcessing/Ping - application/grpc -
info: Microsoft.AspNetCore.Routing.EndpointMiddleware[0]
      Executing endpoint 'gRPC - /UnityILPP.PostProcessing/Ping'
info: Microsoft.AspNetCore.Routing.EndpointMiddleware[1]
      Executed endpoint 'gRPC - /UnityILPP.PostProcessing/Ping'
info: Microsoft.AspNetCore.Hosting.Diagnostics[2]
      Request finished HTTP/2 POST http://ilpp/UnityILPP.PostProcessing/Ping - 200 - application/grpc 0.2375ms
Starting: C:\Program Files\Unity\Hub\Editor\6000.5.8f1\Editor\Data\Tools\BuildPipeline\bee_backend.exe --ipc --defer-dag-verification --dagfile="Library/Bee/1900b0aE.dag" --continue-on-failure --profile="Library/Bee/backend1.traceevents" ScriptAssemblies
WorkingDir: C:/DEV/NTI/2026-2027 Programmering/TIA 2dshooter
info: Microsoft.AspNetCore.Hosting.Diagnostics[1]
      Request starting HTTP/2 POST http://ilpp/UnityILPP.PostProcessing/ConfigurePostProcessors - application/grpc -
info: Microsoft.AspNetCore.Routing.EndpointMiddleware[0]
      Executing endpoint 'gRPC - /UnityILPP.PostProcessing/ConfigurePostProcessors'
info: Unity.ILPP.Runner.PostProcessingAssemblyLoadContext[0]
      Current configuration matches the requested one, skipping
info: Microsoft.AspNetCore.Routing.EndpointMiddleware[1]
      Executed endpoint 'gRPC - /UnityILPP.PostProcessing/ConfigurePostProcessors'
info: Microsoft.AspNetCore.Hosting.Diagnostics[2]
      Request finished HTTP/2 POST http://ilpp/UnityILPP.PostProcessing/ConfigurePostProcessors - 200 - application/grpc 1.7694ms
info: Microsoft.AspNetCore.Hosting.Diagnostics[1]
      Request starting HTTP/2 POST http://ilpp/UnityILPP.PostProcessing/PostProcessAssembly - application/grpc -
info: Microsoft.AspNetCore.Routing.EndpointMiddleware[0]
      Executing endpoint 'gRPC - /UnityILPP.PostProcessing/PostProcessAssembly'
info: Unity.ILPP.Runner.PostProcessingPipeline[0]
      Processing assembly Library/Bee/artifacts/1900b0aE.dag/Assembly-CSharp.dll, with 142 defines and 323 references
info: Unity.ILPP.Runner.PostProcessingPipeline[0]
      processors: Unity.Jobs.CodeGen.JobsILPostProcessor, zzzUnity.Burst.CodeGen.BurstILPostProcessor
info: Unity.ILPP.Runner.PostProcessingPipeline[0]
      running Unity.Jobs.CodeGen.JobsILPostProcessor
info: Unity.ILPP.Runner.PostProcessingPipeline[0]
      running zzzUnity.Burst.CodeGen.BurstILPostProcessor
info: Microsoft.AspNetCore.Routing.EndpointMiddleware[1]
      Executed endpoint 'gRPC - /UnityILPP.PostProcessing/PostProcessAssembly'
info: Microsoft.AspNetCore.Hosting.Diagnostics[2]
      Request finished HTTP/2 POST http://ilpp/UnityILPP.PostProcessing/PostProcessAssembly - 200 - application/grpc 16.3911ms
ExitCode: 0 Duration: 0s706ms
[581/727    0s] ILPP-Configuration Library/ilpp-configuration.nevergeneratedoutput
[723/727    0s] Csc Library/Bee/artifacts/1900b0aE.dag/Assembly-CSharp.dll (+2 others)
[724/727    0s] ILPostProcess Library/Bee/artifacts/1900b0aE.dag/post-processed/Assembly-CSharp.dll (+pdb)
Processing assembly Library/Bee/artifacts/1900b0aE.dag/Assembly-CSharp.dll, with 142 defines and 323 references

processors: Unity.Jobs.CodeGen.JobsILPostProcessor, zzzUnity.Burst.CodeGen.BurstILPostProcessor

running Unity.Jobs.CodeGen.JobsILPostProcessor

running zzzUnity.Burst.CodeGen.BurstILPostProcessor
[725/727    0s] CopyFiles Library/ScriptAssemblies/Assembly-CSharp.dll
[726/727    0s] CopyFiles Library/ScriptAssemblies/Assembly-CSharp.pdb
*** Tundra build success (0.67 seconds), 5 items updated, 727 evaluated
Reloading assemblies after finishing script compilation.
Reloading assemblies after forced synchronous recompile.
Begin MonoManager ReloadAssembly
Native extension for WindowsStandalone target not found
[MODES] ModeService[none].Initialize
[MODES] ModeService[none].LoadModes
ScheduleIndexationOnStartup MainProcess:True IndexOnStartup:True
Mono: successfully reloaded assembly
- Finished resetting the current domain, in  3.535 seconds
Domain Reload Profiling: 5597ms
	BeginReloadAssembly (1322ms)
		DisableScriptedObjects (268ms)
		CreateAndSetChildDomain (549ms)
	RebuildCommonClasses (15ms)
	RebuildNativeTypeToScriptingClass (27ms)
	initialDomainReloadingComplete (112ms)
	LoadAllAssembliesAndSetupDomain (581ms)
		LoadAssemblies (230ms)
		AnalyzeDomain (299ms)
			TypeCache.Refresh (11ms)
			BuildScriptInfoCaches (233ms)
			ResolveRequiredComponents (51ms)
	FinalizeReload (3539ms)
		SetupLoadedEditorAssemblies (0ms)
			InitializePlatformSupportModulesInManaged (3ms)
			BeforeProcessingInitializeOnLoad (371ms)
			ProcessInitializeOnLoadAttributes (687ms)
			ProcessInitializeOnLoadMethodAttributes (365ms)
			AfterProcessingInitializeOnLoad (43ms)
		AwakeInstancesAfterBackupRestoration (1193ms)

Asset Pipeline Refresh (id=393b624a2d376bf4193f3cb2e4718dca): Total: 6.051 seconds - Initiated by StopAssetImportingV2(ForceSynchronousImport | ForceDomainReload)
	(Values over 0.05ms)
	Summary:
		Imports: total=0 (actual=0, local cache=0, cache server=0)
		Asset DB Process Time: managed=0 ms, native=3741 ms
		Asset DB Callback time: managed=75 ms, native=0 ms
		Scripting: domain reloads=1, domain reload time=2229 ms, compile time=4 ms, other=0 ms
		Project Asset Count: scripts=980, non-scripts=1925
		Asset File Changes: new=0, changed=0, moved=0, deleted=0
		Scan Filter Count: 0
	InvokePackagesCallback: 5.131ms
	ApplyChangesToAssetFolders: 0.545ms
	Collect global state as custom dependencies: 2.841ms
	ProcessAssetsWithTransientArtifactChanges: 3.886ms
	CategorizeAssets: 63.597ms
	CompileScripts: 3.689ms
	ImportOutOfDateAssets: 3597.842ms (3551.651ms without children)
		CollectScriptTypesHashes: 2.989ms
		ReloadNativeAssets: 1.207ms
		UnloadImportedAssets: 0.328ms
		EnsureUptoDateAssetsAreRegisteredWithGuidPM: 0.652ms
		ImportSchedulerStart: 43.982ms
	PostProcessAllAssets: 75.644ms
		MonoPostProcessAllAssets: 75.638ms
			UniversalRenderPipelineGlobalSettingsPostprocessor.OnPostprocessAllAssets 21.981ms
			SyncVS.PostprocessSyncProject 18.726ms
			AssetChangedListener.OnPostprocessAllAssets 7.945ms
			BuilderAssetPostprocessor.OnPostprocessAllAssets 6.873ms
			AssetPostprocessor.OnPostprocessAllAssets 5.481ms
			WindowAssetPostprocessingWatcher.OnPostprocessAllAssets 4.650ms
			SpeedTree9Postprocessor.OnPostprocessAllAssets 3.738ms
			SpriteSlicePostprocessor.OnPostprocessAllAssets 2.705ms
			ShaderGraphAssetPostProcessor.OnPostprocessAllAssets 2.608ms
			EditModeScopePostprocessor.OnPostprocessAllAssets 2.154ms
			ProjectSettingsPostprocessor.OnPostprocessAllAssets 1.608ms
			SpriteEditorTexturePostprocessor.OnPostprocessAllAssets 1.387ms
			RetainedModeAssetPostprocessor.OnPostprocessAllAssets 1.074ms
			TMPro_TexturePostProcessor.OnPostprocessAllAssets 1.004ms
			TextAssetPostProcessor.OnPostprocessAllAssets 0.737ms
			ReferencedClipsPostProcessor.OnPostprocessAllAssets 0.714ms
			ShaderReflectionAssetPostProcessor.OnPostprocessAllAssets 0.675ms
			ArtifactBrowserPostProcessor.OnPostprocessAllAssets 0.621ms
			InputActionAssetPostprocessor.OnPostprocessAllAssets 0.609ms
			SampleDependencyImporterPostProcessor.OnPostprocessAllAssets 0.590ms
			MaterialPostprocessor.OnPostprocessAllAssets 0.555ms
			AudioMixerPostprocessor.OnPostprocessAllAssets 0.332ms
			TerrainToolbarOverlayPostProcessor.OnPostprocessAllAssets 0.309ms
			PostProcessor.OnPostprocessAllAssets 0.297ms
			SpeedTreePostProcessor.OnPostprocessAllAssets 0.291ms
			InputActionJsonNameModifierAssetProcessor.OnPostprocessAllAssets 0.282ms
			ConfigAssetsTracker.OnPostprocessAllAssets 0.273ms
			StyleCatalogPostProcessor.OnPostprocessAllAssets 0.259ms
			ScenarioDriftAssetsTracker.OnPostprocessAllAssets 0.248ms
			AssetDatabaseCallbacks.OnPostprocessAllAssets 0.236ms
			AssetEvents.OnPostprocessAllAssets 0.232ms
			RenderPipelineGlobalSettingsPostprocessor.OnPostprocessAllAssets 0.222ms
			SamplePostprocessor.OnPostprocessAllAssets 0.147ms
			AudioContainerPostProcessor.OnPostprocessAllAssets 0.075ms
			AssetProcessor.OnPostprocessAllAssets 0.058ms
	GatherAllCurrentPrimaryImportResultRevisions: 0.151ms
	PersistCurrentRevisions: 0.150ms
	GenerateScriptTypeHashes: 4.212ms
	GenerateScriptTypeSerializationHashes: 7.285ms
	Untracked: 2284.561ms

[Licensing::Client] Successfully resolved entitlement details
[Licensing::Client] Successfully resolved entitlement details
Asset Pipeline Refresh (id=5dd9ca038976db3479df61316da02fb2): Total: 0.022 seconds - Initiated by RefreshV2(AllowForceSynchronousImport)
Asset Pipeline Refresh (id=74ef89323d2e8a341a5417650d232f47): Total: 0.012 seconds - Initiated by RefreshV2(NoUpdateAssetOptions)
SpriteAtlasPacking completed in 0.016515 sec
Reloading assemblies for play mode.
Reloading assemblies after forced synchronous recompile.
Begin MonoManager ReloadAssembly
Native extension for WindowsStandalone target not found
ScheduleIndexationOnStartup MainProcess:True IndexOnStartup:True
[MODES] ModeService[none].Initialize
[MODES] ModeService[none].LoadModes
Mono: successfully reloaded assembly
- Finished resetting the current domain, in  1.719 seconds
Domain Reload Profiling: 2645ms
	BeginReloadAssembly (692ms)
		DisableScriptedObjects (158ms)
		CreateAndSetChildDomain (326ms)
	RebuildCommonClasses (9ms)
	RebuildNativeTypeToScriptingClass (13ms)
	initialDomainReloadingComplete (61ms)
	LoadAllAssembliesAndSetupDomain (149ms)
		LoadAssemblies (122ms)
		AnalyzeDomain (28ms)
			TypeCache.Refresh (5ms)
			ResolveRequiredComponents (20ms)
	FinalizeReload (1720ms)
		SetupLoadedEditorAssemblies (0ms)
			BeforeProcessingInitializeOnLoad (89ms)
			ProcessInitializeOnLoadAttributes (377ms)
			ProcessInitializeOnLoadMethodAttributes (199ms)
			AfterProcessingInitializeOnLoad (10ms)
		AwakeInstancesAfterBackupRestoration (583ms)

Asset Pipeline Refresh (id=10e3836a5f6ad6542a1355d1b6729363): Total: 2.868 seconds - Initiated by StopAssetImportingV2(ForceSynchronousImport | ForceDomainReload)
	(Values over 0.05ms)
	Summary:
		Imports: total=0 (actual=0, local cache=0, cache server=0)
		Asset DB Process Time: managed=0 ms, native=1838 ms
		Asset DB Callback time: managed=41 ms, native=0 ms
		Scripting: domain reloads=1, domain reload time=983 ms, compile time=3 ms, other=0 ms
		Project Asset Count: scripts=980, non-scripts=1925
		Asset File Changes: new=0, changed=0, moved=0, deleted=0
		Scan Filter Count: 0
	InvokePackagesCallback: 3.183ms
	ApplyChangesToAssetFolders: 0.341ms
	Collect global state as custom dependencies: 1.188ms
	ProcessAssetsWithTransientArtifactChanges: 0.117ms
	CategorizeAssets: 32.590ms
	CompileScripts: 2.990ms
	ImportOutOfDateAssets: 1761.647ms (1727.151ms without children)
		CollectScriptTypesHashes: 0.933ms
		ReloadNativeAssets: 0.785ms
		UnloadImportedAssets: 0.159ms
		EnsureUptoDateAssetsAreRegisteredWithGuidPM: 0.462ms
		ImportSchedulerStart: 33.072ms
	PostProcessAllAssets: 41.767ms
		MonoPostProcessAllAssets: 41.761ms
			SyncVS.PostprocessSyncProject 12.864ms
			UniversalRenderPipelineGlobalSettingsPostprocessor.OnPostprocessAllAssets 10.979ms
			AssetChangedListener.OnPostprocessAllAssets 7.945ms
			BuilderAssetPostprocessor.OnPostprocessAllAssets 6.873ms
			AssetPostprocessor.OnPostprocessAllAssets 5.481ms
			SpriteSlicePostprocessor.OnPostprocessAllAssets 2.705ms
			ShaderGraphAssetPostProcessor.OnPostprocessAllAssets 2.608ms
			WindowAssetPostprocessingWatcher.OnPostprocessAllAssets 1.986ms
			SpeedTree9Postprocessor.OnPostprocessAllAssets 1.837ms
			SpriteEditorTexturePostprocessor.OnPostprocessAllAssets 1.387ms
			RetainedModeAssetPostprocessor.OnPostprocessAllAssets 1.074ms
			TMPro_TexturePostProcessor.OnPostprocessAllAssets 1.004ms
			ProjectSettingsPostprocessor.OnPostprocessAllAssets 0.738ms
			TextAssetPostProcessor.OnPostprocessAllAssets 0.737ms
			ArtifactBrowserPostProcessor.OnPostprocessAllAssets 0.621ms
			SampleDependencyImporterPostProcessor.OnPostprocessAllAssets 0.590ms
			MaterialPostprocessor.OnPostprocessAllAssets 0.555ms
			ShaderReflectionAssetPostProcessor.OnPostprocessAllAssets 0.369ms
			AudioMixerPostprocessor.OnPostprocessAllAssets 0.332ms
			InputActionAssetPostprocessor.OnPostprocessAllAssets 0.308ms
			PostProcessor.OnPostprocessAllAssets 0.297ms
			SpeedTreePostProcessor.OnPostprocessAllAssets 0.291ms
			InputActionJsonNameModifierAssetProcessor.OnPostprocessAllAssets 0.282ms
			ConfigAssetsTracker.OnPostprocessAllAssets 0.273ms
			EditModeScopePostprocessor.OnPostprocessAllAssets 0.266ms
			StyleCatalogPostProcessor.OnPostprocessAllAssets 0.259ms
			ScenarioDriftAssetsTracker.OnPostprocessAllAssets 0.248ms
			ReferencedClipsPostProcessor.OnPostprocessAllAssets 0.237ms
			AssetEvents.OnPostprocessAllAssets 0.232ms
			SamplePostprocessor.OnPostprocessAllAssets 0.147ms
			AssetDatabaseCallbacks.OnPostprocessAllAssets 0.137ms
			TerrainToolbarOverlayPostProcessor.OnPostprocessAllAssets 0.136ms
			AudioContainerPostProcessor.OnPostprocessAllAssets 0.075ms
			RenderPipelineGlobalSettingsPostprocessor.OnPostprocessAllAssets 0.067ms
			AssetProcessor.OnPostprocessAllAssets 0.058ms
	GatherAllCurrentPrimaryImportResultRevisions: 0.136ms
	PersistCurrentRevisions: 0.137ms
	GenerateScriptTypeHashes: 1.953ms
	GenerateScriptTypeSerializationHashes: 3.419ms
	Untracked: 1012.367ms

LightingSettings: switching bake backend from 2 to 1.
Loaded scene 'Temp/__Backupscenes/0.backup'
	Deserialize:            1.996 ms
	Integration:            224.312 ms
	Integration of assets:  0.004 ms
	Thread Wait Time:       0.022 ms
	Total Operation Time:   226.334 ms
[Licensing::Client] Successfully resolved entitlement details
[Licensing::Client] Successfully resolved entitlement details
LightingSettings: switching bake backend from 2 to 1.
Unloading 7 Unused Serialized files (Serialized files now loaded: 0)
Loaded scene 'Temp/__Backupscenes/0.backup'
	Deserialize:            0.969 ms
	Integration:            134.889 ms
	Integration of assets:  0.001 ms
	Thread Wait Time:       0.021 ms
	Total Operation Time:   135.880 ms
Unloading 37 unused Assets / (0.8 MB). Loaded Objects now: 6395.
Memory consumption went from 0.66 GB to 0.66 GB.
Total: 14.046500 ms (FindLiveObjects: 0.412300 ms CreateObjectMapping: 1.388800 ms MarkObjects: 12.030400 ms  DeleteObjects: 0.200900 ms)

[Licensing::Client] Successfully resolved entitlement details
Asset Pipeline Refresh (id=2bdc0f33e28c24d4f8031a26f8d7d838): Total: 0.019 seconds - Initiated by RefreshV2(AllowForceSynchronousImport)
Asset Pipeline Refresh (id=986bb7e38ac438b45a53375c3271832c): Total: 0.009 seconds - Initiated by RefreshV2(NoUpdateAssetOptions)
SpriteAtlasPacking completed in 0.015094 sec
Reloading assemblies for play mode.
Reloading assemblies after forced synchronous recompile.
[Licensing::Client] Successfully resolved entitlement details
Begin MonoManager ReloadAssembly
Native extension for WindowsStandalone target not found
ScheduleIndexationOnStartup MainProcess:True IndexOnStartup:True
[MODES] ModeService[none].Initialize
[MODES] ModeService[none].LoadModes
Mono: successfully reloaded assembly
- Finished resetting the current domain, in  1.917 seconds
Domain Reload Profiling: 2870ms
	BeginReloadAssembly (706ms)
		DisableScriptedObjects (119ms)
		CreateAndSetChildDomain (390ms)
	RebuildCommonClasses (10ms)
	RebuildNativeTypeToScriptingClass (16ms)
	initialDomainReloadingComplete (62ms)
	LoadAllAssembliesAndSetupDomain (157ms)
		LoadAssemblies (133ms)
		AnalyzeDomain (31ms)
			TypeCache.Refresh (5ms)
			ResolveRequiredComponents (22ms)
	FinalizeReload (1919ms)
		SetupLoadedEditorAssemblies (0ms)
			BeforeProcessingInitializeOnLoad (92ms)
			ProcessInitializeOnLoadAttributes (394ms)
			ProcessInitializeOnLoadMethodAttributes (220ms)
			AfterProcessingInitializeOnLoad (11ms)
		AwakeInstancesAfterBackupRestoration (710ms)

Asset Pipeline Refresh (id=7f041c62545ef7649ab8ef4389d8e0b4): Total: 3.108 seconds - Initiated by StopAssetImportingV2(ForceSynchronousImport | ForceDomainReload)
	(Values over 0.05ms)
	Summary:
		Imports: total=0 (actual=0, local cache=0, cache server=0)
		Asset DB Process Time: managed=0 ms, native=2052 ms
		Asset DB Callback time: managed=46 ms, native=0 ms
		Scripting: domain reloads=1, domain reload time=1006 ms, compile time=3 ms, other=0 ms
		Project Asset Count: scripts=980, non-scripts=1925
		Asset File Changes: new=0, changed=0, moved=0, deleted=0
		Scan Filter Count: 0
	InvokePackagesCallback: 2.462ms
	ApplyChangesToAssetFolders: 0.375ms
	Collect global state as custom dependencies: 1.125ms
	ProcessAssetsWithTransientArtifactChanges: 0.126ms
	CategorizeAssets: 40.270ms
	CompileScripts: 3.226ms
	ImportOutOfDateAssets: 1964.863ms (1927.501ms without children)
		CollectScriptTypesHashes: 1.060ms
		ReloadNativeAssets: 1.012ms
		UnloadImportedAssets: 0.162ms
		EnsureUptoDateAssetsAreRegisteredWithGuidPM: 0.456ms
		ImportSchedulerStart: 35.711ms
	PostProcessAllAssets: 46.017ms
		MonoPostProcessAllAssets: 46.012ms
			UniversalRenderPipelineGlobalSettingsPostprocessor.OnPostprocessAllAssets 13.614ms
			SyncVS.PostprocessSyncProject 13.167ms
			AssetChangedListener.OnPostprocessAllAssets 7.945ms
			BuilderAssetPostprocessor.OnPostprocessAllAssets 6.873ms
			AssetPostprocessor.OnPostprocessAllAssets 5.481ms
			SpriteSlicePostprocessor.OnPostprocessAllAssets 2.705ms
			SpeedTree9Postprocessor.OnPostprocessAllAssets 2.683ms
			ShaderGraphAssetPostProcessor.OnPostprocessAllAssets 2.608ms
			WindowAssetPostprocessingWatcher.OnPostprocessAllAssets 2.355ms
			SpriteEditorTexturePostprocessor.OnPostprocessAllAssets 1.387ms
			RetainedModeAssetPostprocessor.OnPostprocessAllAssets 1.074ms
			TMPro_TexturePostProcessor.OnPostprocessAllAssets 1.004ms
			ProjectSettingsPostprocessor.OnPostprocessAllAssets 0.864ms
			TextAssetPostProcessor.OnPostprocessAllAssets 0.737ms
			ArtifactBrowserPostProcessor.OnPostprocessAllAssets 0.621ms
			SampleDependencyImporterPostProcessor.OnPostprocessAllAssets 0.590ms
			MaterialPostprocessor.OnPostprocessAllAssets 0.555ms
			ShaderReflectionAssetPostProcessor.OnPostprocessAllAssets 0.471ms
			EditModeScopePostprocessor.OnPostprocessAllAssets 0.399ms
			AudioMixerPostprocessor.OnPostprocessAllAssets 0.332ms
			InputActionAssetPostprocessor.OnPostprocessAllAssets 0.318ms
			ReferencedClipsPostProcessor.OnPostprocessAllAssets 0.313ms
			PostProcessor.OnPostprocessAllAssets 0.297ms
			SpeedTreePostProcessor.OnPostprocessAllAssets 0.291ms
			InputActionJsonNameModifierAssetProcessor.OnPostprocessAllAssets 0.282ms
			ConfigAssetsTracker.OnPostprocessAllAssets 0.273ms
			StyleCatalogPostProcessor.OnPostprocessAllAssets 0.259ms
			ScenarioDriftAssetsTracker.OnPostprocessAllAssets 0.248ms
			AssetEvents.OnPostprocessAllAssets 0.232ms
			AssetDatabaseCallbacks.OnPostprocessAllAssets 0.175ms
			TerrainToolbarOverlayPostProcessor.OnPostprocessAllAssets 0.168ms
			SamplePostprocessor.OnPostprocessAllAssets 0.147ms
			RenderPipelineGlobalSettingsPostprocessor.OnPostprocessAllAssets 0.104ms
			AudioContainerPostProcessor.OnPostprocessAllAssets 0.075ms
			AssetProcessor.OnPostprocessAllAssets 0.058ms
	GatherAllCurrentPrimaryImportResultRevisions: 0.125ms
	PersistCurrentRevisions: 0.118ms
	GenerateScriptTypeHashes: 2.562ms
	GenerateScriptTypeSerializationHashes: 4.500ms
	Untracked: 1038.219ms

LightingSettings: switching bake backend from 2 to 1.
Loaded scene 'Temp/__Backupscenes/0.backup'
	Deserialize:            1.918 ms
	Integration:            271.256 ms
	Integration of assets:  0.004 ms
	Thread Wait Time:       0.029 ms
	Total Operation Time:   273.208 ms
[Licensing::Client] Successfully resolved entitlement details
[Licensing::Client] Successfully resolved entitlement details
LightingSettings: switching bake backend from 2 to 1.
Unloading 8 Unused Serialized files (Serialized files now loaded: 0)
Loaded scene 'Temp/__Backupscenes/0.backup'
	Deserialize:            0.944 ms
	Integration:            158.863 ms
	Integration of assets:  0.002 ms
	Thread Wait Time:       0.014 ms
	Total Operation Time:   159.824 ms
Unloading 30 unused Assets / (260.8 KB). Loaded Objects now: 6387.
Memory consumption went from 0.68 GB to 0.68 GB.
Total: 12.257200 ms (FindLiveObjects: 0.321400 ms CreateObjectMapping: 0.586500 ms MarkObjects: 11.169800 ms  DeleteObjects: 0.177700 ms)

[Licensing::Client] Successfully resolved entitlement details
[Worker0] Imported GUID: c405d08b2536fe34b9a6068d89ccea1c - Path: Assets/BoltController.cs - Importer: PreviewImporter -> (ImportResultId: '3003ac25b3f9fc35e4f0725a62d63b71') in 0.0143499 seconds
[Licensing::Client] Successfully resolved entitlement details

[ScriptCompilation] Requested script compilation because: AssetDatabase observed changes in script compilation related files
Asset Pipeline Refresh (id=52ebd4a4b6fa2174a855f07975adfe0b): Total: 0.173 seconds - Initiated by RefreshV2(NoUpdateAssetOptions)
info: Microsoft.AspNetCore.Hosting.Diagnostics[1]
      Request starting HTTP/2 POST http://ilpp/UnityILPP.PostProcessing/Ping - application/grpc -
info: Microsoft.AspNetCore.Routing.EndpointMiddleware[0]
      Executing endpoint 'gRPC - /UnityILPP.PostProcessing/Ping'
info: Microsoft.AspNetCore.Routing.EndpointMiddleware[1]
      Executed endpoint 'gRPC - /UnityILPP.PostProcessing/Ping'
info: Microsoft.AspNetCore.Hosting.Diagnostics[2]
      Request finished HTTP/2 POST http://ilpp/UnityILPP.PostProcessing/Ping - 200 - application/grpc 0.7210ms
Starting: C:\Program Files\Unity\Hub\Editor\6000.5.8f1\Editor\Data\Tools\BuildPipeline\bee_backend.exe --ipc --defer-dag-verification --dagfile="Library/Bee/1900b0aE.dag" --continue-on-failure --profile="Library/Bee/backend1.traceevents" ScriptAssemblies
WorkingDir: C:/DEV/NTI/2026-2027 Programmering/TIA 2dshooter
info: Microsoft.AspNetCore.Hosting.Diagnostics[1]
      Request starting HTTP/2 POST http://ilpp/UnityILPP.PostProcessing/ConfigurePostProcessors - application/grpc -
info: Microsoft.AspNetCore.Routing.EndpointMiddleware[0]
      Executing endpoint 'gRPC - /UnityILPP.PostProcessing/ConfigurePostProcessors'
info: Unity.ILPP.Runner.PostProcessingAssemblyLoadContext[0]
      Current configuration matches the requested one, skipping
info: Microsoft.AspNetCore.Routing.EndpointMiddleware[1]
      Executed endpoint 'gRPC - /UnityILPP.PostProcessing/ConfigurePostProcessors'
info: Microsoft.AspNetCore.Hosting.Diagnostics[2]
      Request finished HTTP/2 POST http://ilpp/UnityILPP.PostProcessing/ConfigurePostProcessors - 200 - application/grpc 1.9305ms
[Worker1] Imported GUID: c405d08b2536fe34b9a6068d89ccea1c - Path: Assets/BoltController.cs - Importer: PreviewImporter -> (ImportResultId: 'c263a56ef2548dc455af5c75d0ec00a5') in 0.0458425 seconds
info: Microsoft.AspNetCore.Hosting.Diagnostics[1]
      Request starting HTTP/2 POST http://ilpp/UnityILPP.PostProcessing/PostProcessAssembly - application/grpc -
info: Microsoft.AspNetCore.Routing.EndpointMiddleware[0]
      Executing endpoint 'gRPC - /UnityILPP.PostProcessing/PostProcessAssembly'
info: Unity.ILPP.Runner.PostProcessingPipeline[0]
      Processing assembly Library/Bee/artifacts/1900b0aE.dag/Assembly-CSharp.dll, with 142 defines and 323 references
info: Unity.ILPP.Runner.PostProcessingPipeline[0]
      processors: Unity.Jobs.CodeGen.JobsILPostProcessor, zzzUnity.Burst.CodeGen.BurstILPostProcessor
info: Unity.ILPP.Runner.PostProcessingPipeline[0]
      running Unity.Jobs.CodeGen.JobsILPostProcessor
info: Unity.ILPP.Runner.PostProcessingPipeline[0]
      running zzzUnity.Burst.CodeGen.BurstILPostProcessor
info: Microsoft.AspNetCore.Routing.EndpointMiddleware[1]
      Executed endpoint 'gRPC - /UnityILPP.PostProcessing/PostProcessAssembly'
info: Microsoft.AspNetCore.Hosting.Diagnostics[2]
      Request finished HTTP/2 POST http://ilpp/UnityILPP.PostProcessing/PostProcessAssembly - 200 - application/grpc 19.3447ms
ExitCode: 0 Duration: 2s575ms
[581/727    0s] ILPP-Configuration Library/ilpp-configuration.nevergeneratedoutput
[723/727    2s] Csc Library/Bee/artifacts/1900b0aE.dag/Assembly-CSharp.dll (+2 others)
[724/727    0s] ILPostProcess Library/Bee/artifacts/1900b0aE.dag/post-processed/Assembly-CSharp.dll (+pdb)
Processing assembly Library/Bee/artifacts/1900b0aE.dag/Assembly-CSharp.dll, with 142 defines and 323 references

processors: Unity.Jobs.CodeGen.JobsILPostProcessor, zzzUnity.Burst.CodeGen.BurstILPostProcessor

running Unity.Jobs.CodeGen.JobsILPostProcessor

running zzzUnity.Burst.CodeGen.BurstILPostProcessor
[725/727    0s] CopyFiles Library/ScriptAssemblies/Assembly-CSharp.pdb
[726/727    0s] CopyFiles Library/ScriptAssemblies/Assembly-CSharp.dll
*** Tundra build success (2.54 seconds), 5 items updated, 727 evaluated
Reloading assemblies after finishing script compilation.
Reloading assemblies after forced synchronous recompile.
Begin MonoManager ReloadAssembly
Native extension for WindowsStandalone target not found
[MODES] ModeService[none].Initialize
[MODES] ModeService[none].LoadModes
ScheduleIndexationOnStartup MainProcess:True IndexOnStartup:True
Mono: successfully reloaded assembly
- Finished resetting the current domain, in  2.750 seconds
Domain Reload Profiling: 4736ms
	BeginReloadAssembly (1343ms)
		DisableScriptedObjects (195ms)
		CreateAndSetChildDomain (555ms)
	RebuildCommonClasses (16ms)
	RebuildNativeTypeToScriptingClass (16ms)
	initialDomainReloadingComplete (101ms)
	LoadAllAssembliesAndSetupDomain (506ms)
		LoadAssemblies (229ms)
		AnalyzeDomain (255ms)
			TypeCache.Refresh (17ms)
			BuildScriptInfoCaches (199ms)
			ResolveRequiredComponents (36ms)
	FinalizeReload (2753ms)
		SetupLoadedEditorAssemblies (0ms)
			BeforeProcessingInitializeOnLoad (239ms)
			ProcessInitializeOnLoadAttributes (607ms)
			ProcessInitializeOnLoadMethodAttributes (294ms)
			AfterProcessingInitializeOnLoad (12ms)
		AwakeInstancesAfterBackupRestoration (815ms)

Asset Pipeline Refresh (id=aa188939b1854344c92b7a1a0c16214d): Total: 5.166 seconds - Initiated by StopAssetImportingV2(ForceSynchronousImport | ForceDomainReload)
	(Values over 0.05ms)
	Summary:
		Imports: total=0 (actual=0, local cache=0, cache server=0)
		Asset DB Process Time: managed=0 ms, native=2975 ms
		Asset DB Callback time: managed=80 ms, native=0 ms
		Scripting: domain reloads=1, domain reload time=2101 ms, compile time=8 ms, other=0 ms
		Project Asset Count: scripts=980, non-scripts=1925
		Asset File Changes: new=0, changed=0, moved=0, deleted=0
		Scan Filter Count: 0
	InvokePackagesCallback: 5.226ms
	ApplyChangesToAssetFolders: 0.516ms
	Collect global state as custom dependencies: 3.327ms
	ProcessAssetsWithTransientArtifactChanges: 4.402ms
	CategorizeAssets: 66.799ms
	CompileScripts: 7.699ms
	ImportOutOfDateAssets: 2830.064ms (2768.288ms without children)
		CollectScriptTypesHashes: 2.424ms
		ReloadNativeAssets: 1.489ms
		UnloadImportedAssets: 0.352ms
		EnsureUptoDateAssetsAreRegisteredWithGuidPM: 0.605ms
		ImportSchedulerStart: 59.284ms
	PostProcessAllAssets: 80.415ms
		MonoPostProcessAllAssets: 80.408ms
			UniversalRenderPipelineGlobalSettingsPostprocessor.OnPostprocessAllAssets 25.231ms
			SyncVS.PostprocessSyncProject 19.512ms
			AssetChangedListener.OnPostprocessAllAssets 7.534ms
			AssetPostprocessor.OnPostprocessAllAssets 4.694ms
			WindowAssetPostprocessingWatcher.OnPostprocessAllAssets 4.242ms
			SpeedTree9Postprocessor.OnPostprocessAllAssets 4.206ms
			SpriteSlicePostprocessor.OnPostprocessAllAssets 2.834ms
			EditModeScopePostprocessor.OnPostprocessAllAssets 2.002ms
			ProjectSettingsPostprocessor.OnPostprocessAllAssets 1.711ms
			BuilderAssetPostprocessor.OnPostprocessAllAssets 1.711ms
			RetainedModeAssetPostprocessor.OnPostprocessAllAssets 1.436ms
			ShaderGraphAssetPostProcessor.OnPostprocessAllAssets 1.221ms
			InputActionAssetPostprocessor.OnPostprocessAllAssets 1.036ms
			ShaderReflectionAssetPostProcessor.OnPostprocessAllAssets 0.824ms
			TMPro_TexturePostProcessor.OnPostprocessAllAssets 0.799ms
			SpriteEditorTexturePostprocessor.OnPostprocessAllAssets 0.745ms
			ReferencedClipsPostProcessor.OnPostprocessAllAssets 0.582ms
			ArtifactBrowserPostProcessor.OnPostprocessAllAssets 0.579ms
			MaterialPostprocessor.OnPostprocessAllAssets 0.539ms
			AssetDatabaseCallbacks.OnPostprocessAllAssets 0.536ms
			StyleCatalogPostProcessor.OnPostprocessAllAssets 0.492ms
			TerrainToolbarOverlayPostProcessor.OnPostprocessAllAssets 0.446ms
			AssetEvents.OnPostprocessAllAssets 0.383ms
			PostProcessor.OnPostprocessAllAssets 0.373ms
			TextAssetPostProcessor.OnPostprocessAllAssets 0.352ms
			SampleDependencyImporterPostProcessor.OnPostprocessAllAssets 0.352ms
			AudioMixerPostprocessor.OnPostprocessAllAssets 0.346ms
			InputActionJsonNameModifierAssetProcessor.OnPostprocessAllAssets 0.301ms
			SpeedTreePostProcessor.OnPostprocessAllAssets 0.291ms
			ScenarioDriftAssetsTracker.OnPostprocessAllAssets 0.227ms
			RenderPipelineGlobalSettingsPostprocessor.OnPostprocessAllAssets 0.182ms
			ConfigAssetsTracker.OnPostprocessAllAssets 0.176ms
			SamplePostprocessor.OnPostprocessAllAssets 0.144ms
			AudioContainerPostProcessor.OnPostprocessAllAssets 0.071ms
			AssetProcessor.OnPostprocessAllAssets 0.062ms
	GatherAllCurrentPrimaryImportResultRevisions: 0.167ms
	UnloadStreamsBegin: 0.054ms
	PersistCurrentRevisions: 0.134ms
	GenerateScriptTypeHashes: 4.038ms
	GenerateScriptTypeSerializationHashes: 7.011ms
	Untracked: 2150.221ms

[Licensing::Client] Successfully resolved entitlement details
[Licensing::Client] Successfully resolved entitlement details
[ScriptCompilation] Requested script compilation because: AssetDatabase observed changes in script compilation related files
Asset Pipeline Refresh (id=cac2af7d29a3377428a5afe3c226724d): Total: 0.184 seconds - Initiated by RefreshV2(NoUpdateAssetOptions)
info: Microsoft.AspNetCore.Hosting.Diagnostics[1]
      Request starting HTTP/2 POST http://ilpp/UnityILPP.PostProcessing/Ping - application/grpc -
info: Microsoft.AspNetCore.Routing.EndpointMiddleware[0]
      Executing endpoint 'gRPC - /UnityILPP.PostProcessing/Ping'
info: Microsoft.AspNetCore.Routing.EndpointMiddleware[1]
      Executed endpoint 'gRPC - /UnityILPP.PostProcessing/Ping'
info: Microsoft.AspNetCore.Hosting.Diagnostics[2]
      Request finished HTTP/2 POST http://ilpp/UnityILPP.PostProcessing/Ping - 200 - application/grpc 0.1447ms
Starting: C:\Program Files\Unity\Hub\Editor\6000.5.8f1\Editor\Data\Tools\BuildPipeline\bee_backend.exe --ipc --defer-dag-verification --dagfile="Library/Bee/1900b0aE.dag" --continue-on-failure --profile="Library/Bee/backend1.traceevents" ScriptAssemblies
WorkingDir: C:/DEV/NTI/2026-2027 Programmering/TIA 2dshooter
[Worker1] Imported GUID: c405d08b2536fe34b9a6068d89ccea1c - Path: Assets/BoltController.cs - Importer: PreviewImporter -> (ImportResultId: '49ae99e1418c0c7bd0628670043cf2de') in 0.0295454 seconds
info: Microsoft.AspNetCore.Hosting.Diagnostics[1]
      Request starting HTTP/2 POST http://ilpp/UnityILPP.PostProcessing/ConfigurePostProcessors - application/grpc -
info: Microsoft.AspNetCore.Routing.EndpointMiddleware[0]
      Executing endpoint 'gRPC - /UnityILPP.PostProcessing/ConfigurePostProcessors'
info: Unity.ILPP.Runner.PostProcessingAssemblyLoadContext[0]
      Current configuration matches the requested one, skipping
info: Microsoft.AspNetCore.Routing.EndpointMiddleware[1]
      Executed endpoint 'gRPC - /UnityILPP.PostProcessing/ConfigurePostProcessors'
info: Microsoft.AspNetCore.Hosting.Diagnostics[2]
      Request finished HTTP/2 POST http://ilpp/UnityILPP.PostProcessing/ConfigurePostProcessors - 200 - application/grpc 1.5482ms
ExitCode: 3 Duration: 0s438ms
[581/727    0s] ILPP-Configuration Library/ilpp-configuration.nevergeneratedoutput
[723/727    0s] Csc Library/Bee/artifacts/1900b0aE.dag/Assembly-CSharp.dll (+2 others)
##### CommandLine
"C:\Program Files\Unity\Hub\Editor\6000.5.8f1\Editor\Data\DotNetSdk\dotnet.exe" exec "C:/Program Files/Unity/Hub/Editor/6000.5.8f1/Editor/Data/DotNetSdk/sdk/8.0.318/Roslyn/bincore/csc.dll" /nostdlib /noconfig /shared "@Library/Bee/artifacts/1900b0aE.dag/Assembly-CSharp.rsp" "@Library/Bee/artifacts/1900b0aE.dag/Assembly-CSharp.rsp2"
##### Contents of Library\Bee\artifacts\1900b0aE.dag\Assembly-CSharp.rsp
-target:library
-out:"Library/Bee/artifacts/1900b0aE.dag/Assembly-CSharp.dll"
-refout:"Library/Bee/artifacts/1900b0aE.dag/Assembly-CSharp.ref.dll"
-define:UNITY_6000_5_8
-define:UNITY_6000_5
-define:UNITY_6000
-define:UNITY_5_3_OR_NEWER
-define:UNITY_5_4_OR_NEWER
-define:UNITY_5_5_OR_NEWER
-define:UNITY_5_6_OR_NEWER
-define:UNITY_2017_1_OR_NEWER
-define:UNITY_2017_2_OR_NEWER
-define:UNITY_2017_3_OR_NEWER
-define:UNITY_2017_4_OR_NEWER
-define:UNITY_2018_1_OR_NEWER
-define:UNITY_2018_2_OR_NEWER
-define:UNITY_2018_3_OR_NEWER
-define:UNITY_2018_4_OR_NEWER
-define:UNITY_2019_1_OR_NEWER
-define:UNITY_2019_2_OR_NEWER
-define:UNITY_2019_3_OR_NEWER
-define:UNITY_2019_4_OR_NEWER
-define:UNITY_2020_1_OR_NEWER
-define:UNITY_2020_2_OR_NEWER
-define:UNITY_2020_3_OR_NEWER
-define:UNITY_2021_1_OR_NEWER
-define:UNITY_2021_2_OR_NEWER
-define:UNITY_2021_3_OR_NEWER
-define:UNITY_2022_1_OR_NEWER
-define:UNITY_2022_2_OR_NEWER
-define:UNITY_2022_3_OR_NEWER
-define:UNITY_2023_1_OR_NEWER
-define:UNITY_2023_2_OR_NEWER
-define:UNITY_2023_3_OR_NEWER
-define:UNITY_6000_0_OR_NEWER
-define:UNITY_6000_1_OR_NEWER
-define:UNITY_6000_2_OR_NEWER
-define:UNITY_6000_3_OR_NEWER
-define:UNITY_6000_4_OR_NEWER
-define:UNITY_6000_5_OR_NEWER
-define:PLATFORM_ARCH_64
-define:UNITY_64
-define:UNITY_INCLUDE_TESTS
-define:ENABLE_AR
-define:ENABLE_AUDIO
-define:ENABLE_AUDIO_SCRIPTABLE_PIPELINE
-define:ENABLE_CACHING
-define:ENABLE_CLOTH
-define:ENABLE_EVENT_QUEUE
-define:ENABLE_MICROPHONE
-define:ENABLE_MULTIPLE_DISPLAYS
-define:ENABLE_PHYSICS
-define:ENABLE_TEXTURE_STREAMING
-define:ENABLE_VIRTUALTEXTURING
-define:ENABLE_LZMA
-define:ENABLE_UNITYEVENTS
-define:ENABLE_VR
-define:ENABLE_WEBCAM
-define:ENABLE_UNITYWEBREQUEST
-define:ENABLE_WWW
-define:ENABLE_CLOUD_SERVICES
-define:ENABLE_CLOUD_SERVICES_ADS
-define:ENABLE_CLOUD_SERVICES_USE_WEBREQUEST
-define:ENABLE_UNITY_CONSENT
-define:ENABLE_UNITY_CLOUD_IDENTIFIERS
-define:ENABLE_CLOUD_SERVICES_CRASH_REPORTING
-define:ENABLE_CLOUD_SERVICES_NATIVE_CRASH_REPORTING
-define:ENABLE_CLOUD_SERVICES_PURCHASING
-define:ENABLE_CLOUD_SERVICES_ANALYTICS
-define:ENABLE_CLOUD_SERVICES_BUILD
-define:ENABLE_EDITOR_GAME_SERVICES
-define:ENABLE_UNITY_GAME_SERVICES_ANALYTICS_SUPPORT
-define:ENABLE_CLOUD_LICENSE
-define:ENABLE_EDITOR_HUB_LICENSE
-define:ENABLE_WEBSOCKET_CLIENT
-define:ENABLE_GENERATE_NATIVE_PLUGINS_FOR_ASSEMBLIES_API
-define:ENABLE_DIRECTOR_AUDIO
-define:ENABLE_DIRECTOR_TEXTURE
-define:ENABLE_MANAGED_JOBS
-define:ENABLE_MANAGED_TRANSFORM_JOBS
-define:ENABLE_MANAGED_ANIMATION_JOBS
-define:ENABLE_MANAGED_AUDIO_JOBS
-define:ENABLE_MANAGED_UNITYTLS
-define:INCLUDE_DYNAMIC_GI
-define:ENABLE_SCRIPTING_GC_WBARRIERS
-define:PLATFORM_SUPPORTS_MONO
-define:RENDER_SOFTWARE_CURSOR
-define:ENABLE_MARSHALLING_TESTS
-define:ENABLE_VIDEO
-define:ENABLE_NAVIGATION_OFFMESHLINK_TO_NAVMESHLINK
-define:ENABLE_ACCELERATOR_CLIENT_DEBUGGING
-define:ENABLE_ACCESSIBILITY_SCREEN_READER
-define:TEXTCORE_1_0_OR_NEWER
-define:EDITOR_ONLY_NAVMESH_BUILDER_DEPRECATED
-define:PLATFORM_STANDALONE_WIN
-define:PLATFORM_STANDALONE
-define:UNITY_STANDALONE_WIN
-define:UNITY_STANDALONE
-define:ENABLE_RUNTIME_GI
-define:ENABLE_MOVIES
-define:ENABLE_NETWORK
-define:ENABLE_NVIDIA
-define:ENABLE_AMD
-define:ENABLE_CRUNCH_TEXTURE_COMPRESSION
-define:ENABLE_CLOUD_SERVICES_ENGINE_DIAGNOSTICS
-define:ENABLE_OUT_OF_PROCESS_CRASH_HANDLER
-define:ENABLE_CLUSTER_SYNC
-define:ENABLE_CLUSTERINPUT
-define:PLATFORM_UPDATES_TIME_OUTSIDE_OF_PLAYER_LOOP
-define:GFXDEVICE_WAITFOREVENT_MESSAGEPUMP
-define:PLATFORM_USES_EXPLICIT_MEMORY_MANAGER_INITIALIZER
-define:PLATFORM_SUPPORTS_WAIT_FOR_PRESENTATION
-define:PLATFORM_SUPPORTS_SPLIT_GRAPHICS_JOBS
-define:PLATFORM_USES_VULKAN_OLD_SWAPCHAIN
-define:USE_READ_ASYNC_MANAGED_API
-define:ENABLE_MONO
-define:NET_STANDARD_2_0
-define:NET_STANDARD
-define:NET_STANDARD_2_1
-define:NETSTANDARD
-define:NETSTANDARD2_1
-define:ENABLE_PROFILER
-define:DEBUG
-define:TRACE
-define:UNITY_ASSERTIONS
-define:UNITY_EDITOR
-define:UNITY_EDITOR_64
-define:UNITY_EDITOR_WIN
-define:ENABLE_UNITY_COLLECTIONS_CHECKS
-define:ENABLE_BURST_AOT
-define:UNITY_TEAM_LICENSE
-define:ENABLE_CUSTOM_RENDER_TEXTURE
-define:ENABLE_DIRECTOR
-define:ENABLE_LOCALIZATION
-define:ENABLE_SPRITES
-define:ENABLE_TERRAIN
-define:ENABLE_TILEMAP
-define:ENABLE_TIMELINE
-define:ENABLE_INPUT_SYSTEM
-define:ENABLE_LEGACY_INPUT_MANAGER
-define:TEXTCORE_FONT_ENGINE_1_5_OR_NEWER
-define:TEXTCORE_TEXT_ENGINE_1_5_OR_NEWER
-define:TEXTCORE_FONT_ENGINE_1_6_OR_NEWER
-define:CSHARP_7_OR_LATER
-define:CSHARP_7_3_OR_NEWER
-r:"C:/Program Files/Unity/Hub/Editor/6000.5.8f1/Editor/Data/BCLExtensions/TargetingPacks/netstandard2.1/ref/Microsoft.Bcl.AsyncInterfaces.dll"
-r:"C:/Program Files/Unity/Hub/Editor/6000.5.8f1/Editor/Data/BCLExtensions/TargetingPacks/netstandard2.1/ref/Microsoft.Extensions.DependencyInjection.Abstractions.dll"
-r:"C:/Program Files/Unity/Hub/Editor/6000.5.8f1/Editor/Data/BCLExtensions/TargetingPacks/netstandard2.1/ref/Microsoft.Extensions.Logging.Abstractions.dll"
-r:"C:/Program Files/Unity/Hub/Editor/6000.5.8f1/Editor/Data/BCLExtensions/TargetingPacks/netstandard2.1/ref/System.Collections.Immutable.dll"
-r:"C:/Program Files/Unity/Hub/Editor/6000.5.8f1/Editor/Data/BCLExtensions/TargetingPacks/netstandard2.1/ref/System.Diagnostics.DiagnosticSource.dll"
-r:"C:/Program Files/Unity/Hub/Editor/6000.5.8f1/Editor/Data/BCLExtensions/TargetingPacks/netstandard2.1/ref/System.IO.Hashing.dll"
-r:"C:/Program Files/Unity/Hub/Editor/6000.5.8f1/Editor/Data/BCLExtensions/TargetingPacks/netstandard2.1/ref/System.Reflection.Metadata.dll"
-r:"C:/Program Files/Unity/Hub/Editor/6000.5.8f1/Editor/Data/BCLExtensions/TargetingPacks/netstandard2.1/ref/System.Runtime.CompilerServices.Unsafe.dll"
-r:"C:/Program Files/Unity/Hub/Editor/6000.5.8f1/Editor/Data/BCLExtensions/TargetingPacks/netstandard2.1/ref/System.Text.Encodings.Web.dll"
-r:"C:/Program Files/Unity/Hub/Editor/6000.5.8f1/Editor/Data/BCLExtensions/TargetingPacks/netstandard2.1/ref/System.Text.Json.dll"
-r:"C:/Program Files/Unity/Hub/Editor/6000.5.8f1/Editor/Data/Managed/UnityEngine/Unity.Scripting.dll"
-r:"C:/Program Files/Unity/Hub/Editor/6000.5.8f1/Editor/Data/Managed/UnityEngine/UnityEditor.AIModule.dll"
-r:"C:/Program Files/Unity/Hub/Editor/6000.5.8f1/Editor/Data/Managed/UnityEngine/UnityEditor.AccessibilityModule.dll"
-r:"C:/Program Files/Unity/Hub/Editor/6000.5.8f1/Editor/Data/Managed/UnityEngine/UnityEditor.AdaptivePerformanceModule.dll"
-r:"C:/Program Files/Unity/Hub/Editor/6000.5.8f1/Editor/Data/Managed/UnityEngine/UnityEditor.AssetComplianceModule.dll"
-r:"C:/Program Files/Unity/Hub/Editor/6000.5.8f1/Editor/Data/Managed/UnityEngine/UnityEditor.BuildProfileModule.dll"
-r:"C:/Program Files/Unity/Hub/Editor/6000.5.8f1/Editor/Data/Managed/UnityEngine/UnityEditor.ClothModule.dll"
-r:"C:/Program Files/Unity/Hub/Editor/6000.5.8f1/Editor/Data/Managed/UnityEngine/UnityEditor.ContentLoadModule.dll"
-r:"C:/Program Files/Unity/Hub/Editor/6000.5.8f1/Editor/Data/Managed/UnityEngine/UnityEditor.CoreBusinessMetricsModule.dll"
-r:"C:/Program Files/Unity/Hub/Editor/6000.5.8f1/Editor/Data/Managed/UnityEngine/UnityEditor.CoreModule.dll"
-r:"C:/Program Files/Unity/Hub/Editor/6000.5.8f1/Editor/Data/Managed/UnityEngine/UnityEditor.DeviceSimulatorModule.dll"
-r:"C:/Program Files/Unity/Hub/Editor/6000.5.8f1/Editor/Data/Managed/UnityEngine/UnityEditor.DiagnosticsModule.dll"
-r:"C:/Program Files/Unity/Hub/Editor/6000.5.8f1/Editor/Data/Managed/UnityEngine/UnityEditor.EditorToolbarModule.dll"
-r:"C:/Program Files/Unity/Hub/Editor/6000.5.8f1/Editor/Data/Managed/UnityEngine/UnityEditor.EmbreeModule.dll"
-r:"C:/Program Files/Unity/Hub/Editor/6000.5.8f1/Editor/Data/Managed/UnityEngine/UnityEditor.GIModule.dll"
-r:"C:/Program Files/Unity/Hub/Editor/6000.5.8f1/Editor/Data/Managed/UnityEngine/UnityEditor.GenericRemoteModule.dll"
-r:"C:/Program Files/Unity/Hub/Editor/6000.5.8f1/Editor/Data/Managed/UnityEngine/UnityEditor.GraphToolkitModule.dll"
-r:"C:/Program Files/Unity/Hub/Editor/6000.5.8f1/Editor/Data/Managed/UnityEngine/UnityEditor.GraphViewModule.dll"
-r:"C:/Program Files/Unity/Hub/Editor/6000.5.8f1/Editor/Data/Managed/UnityEngine/UnityEditor.GraphicsStateCollectionSerializerModule.dll"
-r:"C:/Program Files/Unity/Hub/Editor/6000.5.8f1/Editor/Data/Managed/UnityEngine/UnityEditor.GridAndSnapModule.dll"
-r:"C:/Program Files/Unity/Hub/Editor/6000.5.8f1/Editor/Data/Managed/UnityEngine/UnityEditor.GridModule.dll"
-r:"C:/Program Files/Unity/Hub/Editor/6000.5.8f1/Editor/Data/Managed/UnityEngine/UnityEditor.HierarchyModule.dll"
-r:"C:/Program Files/Unity/Hub/Editor/6000.5.8f1/Editor/Data/Managed/UnityEngine/UnityEditor.LightingModule.dll"
-r:"C:/Program Files/Unity/Hub/Editor/6000.5.8f1/Editor/Data/Managed/UnityEngine/UnityEditor.MathematicsModule.dll"
-r:"C:/Program Files/Unity/Hub/Editor/6000.5.8f1/Editor/Data/Managed/UnityEngine/UnityEditor.MediaModule.dll"
-r:"C:/Program Files/Unity/Hub/Editor/6000.5.8f1/Editor/Data/Managed/UnityEngine/UnityEditor.MultiplayerModule.dll"
-r:"C:/Program Files/Unity/Hub/Editor/6000.5.8f1/Editor/Data/Managed/UnityEngine/UnityEditor.Physics2DModule.dll"
-r:"C:/Program Files/Unity/Hub/Editor/6000.5.8f1/Editor/Data/Managed/UnityEngine/UnityEditor.PhysicsCore2DModule.dll"
-r:"C:/Program Files/Unity/Hub/Editor/6000.5.8f1/Editor/Data/Managed/UnityEngine/UnityEditor.PhysicsModule.dll"
-r:"C:/Program Files/Unity/Hub/Editor/6000.5.8f1/Editor/Data/Managed/UnityEngine/UnityEditor.PlayModeModule.dll"
-r:"C:/Program Files/Unity/Hub/Editor/6000.5.8f1/Editor/Data/Managed/UnityEngine/UnityEditor.PresetsUIModule.dll"
-r:"C:/Program Files/Unity/Hub/Editor/6000.5.8f1/Editor/Data/Managed/UnityEngine/UnityEditor.ProjectAuditorModule.dll"
-r:"C:/Program Files/Unity/Hub/Editor/6000.5.8f1/Editor/Data/Managed/UnityEngine/UnityEditor.PropertiesModule.dll"
-r:"C:/Program Files/Unity/Hub/Editor/6000.5.8f1/Editor/Data/Managed/UnityEngine/UnityEditor.QuickInstallModule.dll"
-r:"C:/Program Files/Unity/Hub/Editor/6000.5.8f1/Editor/Data/Managed/UnityEngine/UnityEditor.QuickSearchModule.dll"
-r:"C:/Program Files/Unity/Hub/Editor/6000.5.8f1/Editor/Data/Managed/UnityEngine/UnityEditor.SafeModeModule.dll"
-r:"C:/Program Files/Unity/Hub/Editor/6000.5.8f1/Editor/Data/Managed/UnityEngine/UnityEditor.SceneTemplateModule.dll"
-r:"C:/Program Files/Unity/Hub/Editor/6000.5.8f1/Editor/Data/Managed/UnityEngine/UnityEditor.SceneViewModule.dll"
-r:"C:/Program Files/Unity/Hub/Editor/6000.5.8f1/Editor/Data/Managed/UnityEngine/UnityEditor.ShaderBuildSettingsModule.dll"
-r:"C:/Program Files/Unity/Hub/Editor/6000.5.8f1/Editor/Data/Managed/UnityEngine/UnityEditor.ShaderCompilationModule.dll"
-r:"C:/Program Files/Unity/Hub/Editor/6000.5.8f1/Editor/Data/Managed/UnityEngine/UnityEditor.ShaderFoundryModule.dll"
-r:"C:/Program Files/Unity/Hub/Editor/6000.5.8f1/Editor/Data/Managed/UnityEngine/UnityEditor.SketchUpModule.dll"
-r:"C:/Program Files/Unity/Hub/Editor/6000.5.8f1/Editor/Data/Managed/UnityEngine/UnityEditor.SpriteMaskModule.dll"
-r:"C:/Program Files/Unity/Hub/Editor/6000.5.8f1/Editor/Data/Managed/UnityEngine/UnityEditor.SpriteShapeModule.dll"
-r:"C:/Program Files/Unity/Hub/Editor/6000.5.8f1/Editor/Data/Managed/UnityEngine/UnityEditor.SubstanceModule.dll"
-r:"C:/Program Files/Unity/Hub/Editor/6000.5.8f1/Editor/Data/Managed/UnityEngine/UnityEditor.TerrainModule.dll"
-r:"C:/Program Files/Unity/Hub/Editor/6000.5.8f1/Editor/Data/Managed/UnityEngine/UnityEditor.TextCoreFontEngineModule.dll"
-r:"C:/Program Files/Unity/Hub/Editor/6000.5.8f1/Editor/Data/Managed/UnityEngine/UnityEditor.TextCoreTextEngineModule.dll"
-r:"C:/Program Files/Unity/Hub/Editor/6000.5.8f1/Editor/Data/Managed/UnityEngine/UnityEditor.TextRenderingModule.dll"
-r:"C:/Program Files/Unity/Hub/Editor/6000.5.8f1/Editor/Data/Managed/UnityEngine/UnityEditor.TilemapModule.dll"
-r:"C:/Program Files/Unity/Hub/Editor/6000.5.8f1/Editor/Data/Managed/UnityEngine/UnityEditor.TreeModule.dll"
-r:"C:/Program Files/Unity/Hub/Editor/6000.5.8f1/Editor/Data/Managed/UnityEngine/UnityEditor.U2DModule.dll"
-r:"C:/Program Files/Unity/Hub/Editor/6000.5.8f1/Editor/Data/Managed/UnityEngine/UnityEditor.UIAutomationModule.dll"
-r:"C:/Program Files/Unity/Hub/Editor/6000.5.8f1/Editor/Data/Managed/UnityEngine/UnityEditor.UIBuilderModule.dll"
-r:"C:/Program Files/Unity/Hub/Editor/6000.5.8f1/Editor/Data/Managed/UnityEngine/UnityEditor.UIElementsModule.dll"
-r:"C:/Program Files/Unity/Hub/Editor/6000.5.8f1/Editor/Data/Managed/UnityEngine/UnityEditor.UIElementsSamplesModule.dll"
-r:"C:/Program Files/Unity/Hub/Editor/6000.5.8f1/Editor/Data/Managed/UnityEngine/UnityEditor.UIToolkitAuthoringModule.dll"
-r:"C:/Program Files/Unity/Hub/Editor/6000.5.8f1/Editor/Data/Managed/UnityEngine/UnityEditor.UmbraModule.dll"
-r:"C:/Program Files/Unity/Hub/Editor/6000.5.8f1/Editor/Data/Managed/UnityEngine/UnityEditor.UnityConnectModule.dll"
-r:"C:/Program Files/Unity/Hub/Editor/6000.5.8f1/Editor/Data/Managed/UnityEngine/UnityEditor.VFXModule.dll"
-r:"C:/Program Files/Unity/Hub/Editor/6000.5.8f1/Editor/Data/Managed/UnityEngine/UnityEditor.VectorGraphicsModule.dll"
-r:"C:/Program Files/Unity/Hub/Editor/6000.5.8f1/Editor/Data/Managed/UnityEngine/UnityEditor.VideoModule.dll"
-r:"C:/Program Files/Unity/Hub/Editor/6000.5.8f1/Editor/Data/Managed/UnityEngine/UnityEditor.XRModule.dll"
-r:"C:/Program Files/Unity/Hub/Editor/6000.5.8f1/Editor/Data/Managed/UnityEngine/UnityEditor.dll"
-r:"C:/Program Files/Unity/Hub/Editor/6000.5.8f1/Editor/Data/Managed/UnityEngine/UnityEngine.AIModule.dll"
-r:"C:/Program Files/Unity/Hub/Editor/6000.5.8f1/Editor/Data/Managed/UnityEngine/UnityEngine.ARModule.dll"
-r:"C:/Program Files/Unity/Hub/Editor/6000.5.8f1/Editor/Data/Managed/UnityEngine/UnityEngine.AccessibilityModule.dll"
-r:"C:/Program Files/Unity/Hub/Editor/6000.5.8f1/Editor/Data/Managed/UnityEngine/UnityEngine.AdaptivePerformanceModule.dll"
-r:"C:/Program Files/Unity/Hub/Editor/6000.5.8f1/Editor/Data/Managed/UnityEngine/UnityEngine.AndroidJNIModule.dll"
-r:"C:/Program Files/Unity/Hub/Editor/6000.5.8f1/Editor/Data/Managed/UnityEngine/UnityEngine.AnimationModule.dll"
-r:"C:/Program Files/Unity/Hub/Editor/6000.5.8f1/Editor/Data/Managed/UnityEngine/UnityEngine.AssetBundleModule.dll"
-r:"C:/Program Files/Unity/Hub/Editor/6000.5.8f1/Editor/Data/Managed/UnityEngine/UnityEngine.AudioModule.dll"
-r:"C:/Program Files/Unity/Hub/Editor/6000.5.8f1/Editor/Data/Managed/UnityEngine/UnityEngine.ClothModule.dll"
-r:"C:/Program Files/Unity/Hub/Editor/6000.5.8f1/Editor/Data/Managed/UnityEngine/UnityEngine.ClusterInputModule.dll"
-r:"C:/Program Files/Unity/Hub/Editor/6000.5.8f1/Editor/Data/Managed/UnityEngine/UnityEngine.ClusterRendererModule.dll"
-r:"C:/Program Files/Unity/Hub/Editor/6000.5.8f1/Editor/Data/Managed/UnityEngine/UnityEngine.ContentLoadModule.dll"
-r:"C:/Program Files/Unity/Hub/Editor/6000.5.8f1/Editor/Data/Managed/UnityEngine/UnityEngine.CoreModule.dll"
-r:"C:/Program Files/Unity/Hub/Editor/6000.5.8f1/Editor/Data/Managed/UnityEngine/UnityEngine.CrashReportingModule.dll"
-r:"C:/Program Files/Unity/Hub/Editor/6000.5.8f1/Editor/Data/Managed/UnityEngine/UnityEngine.DSPGraphModule.dll"
-r:"C:/Program Files/Unity/Hub/Editor/6000.5.8f1/Editor/Data/Managed/UnityEngine/UnityEngine.DirectorModule.dll"
-r:"C:/Program Files/Unity/Hub/Editor/6000.5.8f1/Editor/Data/Managed/UnityEngine/UnityEngine.GIModule.dll"
-r:"C:/Program Files/Unity/Hub/Editor/6000.5.8f1/Editor/Data/Managed/UnityEngine/UnityEngine.GameCenterModule.dll"
-r:"C:/Program Files/Unity/Hub/Editor/6000.5.8f1/Editor/Data/Managed/UnityEngine/UnityEngine.GraphicsStateCollectionSerializerModule.dll"
-r:"C:/Program Files/Unity/Hub/Editor/6000.5.8f1/Editor/Data/Managed/UnityEngine/UnityEngine.GridModule.dll"
-r:"C:/Program Files/Unity/Hub/Editor/6000.5.8f1/Editor/Data/Managed/UnityEngine/UnityEngine.HierarchyCoreModule.dll"
-r:"C:/Program Files/Unity/Hub/Editor/6000.5.8f1/Editor/Data/Managed/UnityEngine/UnityEngine.HotReloadModule.dll"
-r:"C:/Program Files/Unity/Hub/Editor/6000.5.8f1/Editor/Data/Managed/UnityEngine/UnityEngine.IMGUIModule.dll"
-r:"C:/Program Files/Unity/Hub/Editor/6000.5.8f1/Editor/Data/Managed/UnityEngine/UnityEngine.IdentifiersModule.dll"
-r:"C:/Program Files/Unity/Hub/Editor/6000.5.8f1/Editor/Data/Managed/UnityEngine/UnityEngine.ImageConversionModule.dll"
-r:"C:/Program Files/Unity/Hub/Editor/6000.5.8f1/Editor/Data/Managed/UnityEngine/UnityEngine.InputForUIModule.dll"
-r:"C:/Program Files/Unity/Hub/Editor/6000.5.8f1/Editor/Data/Managed/UnityEngine/UnityEngine.InputLegacyModule.dll"
-r:"C:/Program Files/Unity/Hub/Editor/6000.5.8f1/Editor/Data/Managed/UnityEngine/UnityEngine.InputModule.dll"
-r:"C:/Program Files/Unity/Hub/Editor/6000.5.8f1/Editor/Data/Managed/UnityEngine/UnityEngine.InsightsModule.dll"
-r:"C:/Program Files/Unity/Hub/Editor/6000.5.8f1/Editor/Data/Managed/UnityEngine/UnityEngine.JSONSerializeModule.dll"
-r:"C:/Program Files/Unity/Hub/Editor/6000.5.8f1/Editor/Data/Managed/UnityEngine/UnityEngine.LocalizationModule.dll"
-r:"C:/Program Files/Unity/Hub/Editor/6000.5.8f1/Editor/Data/Managed/UnityEngine/UnityEngine.MarshallingModule.dll"
-r:"C:/Program Files/Unity/Hub/Editor/6000.5.8f1/Editor/Data/Managed/UnityEngine/UnityEngine.MathematicsModule.dll"
-r:"C:/Program Files/Unity/Hub/Editor/6000.5.8f1/Editor/Data/Managed/UnityEngine/UnityEngine.MultiplayerModule.dll"
-r:"C:/Program Files/Unity/Hub/Editor/6000.5.8f1/Editor/Data/Managed/UnityEngine/UnityEngine.ParticleSystemModule.dll"
-r:"C:/Program Files/Unity/Hub/Editor/6000.5.8f1/Editor/Data/Managed/UnityEngine/UnityEngine.PerformanceReportingModule.dll"
-r:"C:/Program Files/Unity/Hub/Editor/6000.5.8f1/Editor/Data/Managed/UnityEngine/UnityEngine.Physics2DModule.dll"
-r:"C:/Program Files/Unity/Hub/Editor/6000.5.8f1/Editor/Data/Managed/UnityEngine/UnityEngine.PhysicsBackendPhysXModule.dll"
-r:"C:/Program Files/Unity/Hub/Editor/6000.5.8f1/Editor/Data/Managed/UnityEngine/UnityEngine.PhysicsCore2DModule.dll"
-r:"C:/Program Files/Unity/Hub/Editor/6000.5.8f1/Editor/Data/Managed/UnityEngine/UnityEngine.PhysicsModule.dll"
-r:"C:/Program Files/Unity/Hub/Editor/6000.5.8f1/Editor/Data/Managed/UnityEngine/UnityEngine.PropertiesModule.dll"
-r:"C:/Program Files/Unity/Hub/Editor/6000.5.8f1/Editor/Data/Managed/UnityEngine/UnityEngine.RenderAs2DModule.dll"
-r:"C:/Program Files/Unity/Hub/Editor/6000.5.8f1/Editor/Data/Managed/UnityEngine/UnityEngine.RuntimeInitializeOnLoadManagerInitializerModule.dll"
-r:"C:/Program Files/Unity/Hub/Editor/6000.5.8f1/Editor/Data/Managed/UnityEngine/UnityEngine.ScreenCaptureModule.dll"
-r:"C:/Program Files/Unity/Hub/Editor/6000.5.8f1/Editor/Data/Managed/UnityEngine/UnityEngine.ScriptingModule.dll"
-r:"C:/Program Files/Unity/Hub/Editor/6000.5.8f1/Editor/Data/Managed/UnityEngine/UnityEngine.ShaderVariantAnalyticsModule.dll"
-r:"C:/Program Files/Unity/Hub/Editor/6000.5.8f1/Editor/Data/Managed/UnityEngine/UnityEngine.SharedInternalsModule.dll"
-r:"C:/Program Files/Unity/Hub/Editor/6000.5.8f1/Editor/Data/Managed/UnityEngine/UnityEngine.SpriteMaskModule.dll"
-r:"C:/Program Files/Unity/Hub/Editor/6000.5.8f1/Editor/Data/Managed/UnityEngine/UnityEngine.SpriteShapeModule.dll"
-r:"C:/Program Files/Unity/Hub/Editor/6000.5.8f1/Editor/Data/Managed/UnityEngine/UnityEngine.StreamingModule.dll"
-r:"C:/Program Files/Unity/Hub/Editor/6000.5.8f1/Editor/Data/Managed/UnityEngine/UnityEngine.SubstanceModule.dll"
-r:"C:/Program Files/Unity/Hub/Editor/6000.5.8f1/Editor/Data/Managed/UnityEngine/UnityEngine.SubsystemsModule.dll"
-r:"C:/Program Files/Unity/Hub/Editor/6000.5.8f1/Editor/Data/Managed/UnityEngine/UnityEngine.TLSModule.dll"
-r:"C:/Program Files/Unity/Hub/Editor/6000.5.8f1/Editor/Data/Managed/UnityEngine/UnityEngine.TerrainModule.dll"
-r:"C:/Program Files/Unity/Hub/Editor/6000.5.8f1/Editor/Data/Managed/UnityEngine/UnityEngine.TerrainPhysicsModule.dll"
-r:"C:/Program Files/Unity/Hub/Editor/6000.5.8f1/Editor/Data/Managed/UnityEngine/UnityEngine.TextCoreFontEngineModule.dll"
-r:"C:/Program Files/Unity/Hub/Editor/6000.5.8f1/Editor/Data/Managed/UnityEngine/UnityEngine.TextCoreTextEngineModule.dll"
-r:"C:/Program Files/Unity/Hub/Editor/6000.5.8f1/Editor/Data/Managed/UnityEngine/UnityEngine.TextRenderingModule.dll"
-r:"C:/Program Files/Unity/Hub/Editor/6000.5.8f1/Editor/Data/Managed/UnityEngine/UnityEngine.TilemapModule.dll"
-r:"C:/Program Files/Unity/Hub/Editor/6000.5.8f1/Editor/Data/Managed/UnityEngine/UnityEngine.U2DRuntimeModule.dll"
-r:"C:/Program Files/Unity/Hub/Editor/6000.5.8f1/Editor/Data/Managed/UnityEngine/UnityEngine.UIElementsModule.dll"
-r:"C:/Program Files/Unity/Hub/Editor/6000.5.8f1/Editor/Data/Managed/UnityEngine/UnityEngine.UIModule.dll"
-r:"C:/Program Files/Unity/Hub/Editor/6000.5.8f1/Editor/Data/Managed/UnityEngine/UnityEngine.UmbraModule.dll"
-r:"C:/Program Files/Unity/Hub/Editor/6000.5.8f1/Editor/Data/Managed/UnityEngine/UnityEngine.UnityAnalyticsCommonModule.dll"
-r:"C:/Program Files/Unity/Hub/Editor/6000.5.8f1/Editor/Data/Managed/UnityEngine/UnityEngine.UnityAnalyticsModule.dll"
-r:"C:/Program Files/Unity/Hub/Editor/6000.5.8f1/Editor/Data/Managed/UnityEngine/UnityEngine.UnityConnectModule.dll"
-r:"C:/Program Files/Unity/Hub/Editor/6000.5.8f1/Editor/Data/Managed/UnityEngine/UnityEngine.UnityConsentModule.dll"
-r:"C:/Program Files/Unity/Hub/Editor/6000.5.8f1/Editor/Data/Managed/UnityEngine/UnityEngine.UnityCurlModule.dll"
-r:"C:/Program Files/Unity/Hub/Editor/6000.5.8f1/Editor/Data/Managed/UnityEngine/UnityEngine.UnityWebRequestAssetBundleModule.dll"
-r:"C:/Program Files/Unity/Hub/Editor/6000.5.8f1/Editor/Data/Managed/UnityEngine/UnityEngine.UnityWebRequestAudioModule.dll"
-r:"C:/Program Files/Unity/Hub/Editor/6000.5.8f1/Editor/Data/Managed/UnityEngine/UnityEngine.UnityWebRequestModule.dll"
-r:"C:/Program Files/Unity/Hub/Editor/6000.5.8f1/Editor/Data/Managed/UnityEngine/UnityEngine.UnityWebRequestTextureModule.dll"
-r:"C:/Program Files/Unity/Hub/Editor/6000.5.8f1/Editor/Data/Managed/UnityEngine/UnityEngine.UnityWebRequestWWWModule.dll"
-r:"C:/Program Files/Unity/Hub/Editor/6000.5.8f1/Editor/Data/Managed/UnityEngine/UnityEngine.VFXModule.dll"
-r:"C:/Program Files/Unity/Hub/Editor/6000.5.8f1/Editor/Data/Managed/UnityEngine/UnityEngine.VectorGraphicsModule.dll"
-r:"C:/Program Files/Unity/Hub/Editor/6000.5.8f1/Editor/Data/Managed/UnityEngine/UnityEngine.VehiclesModule.dll"
-r:"C:/Program Files/Unity/Hub/Editor/6000.5.8f1/Editor/Data/Managed/UnityEngine/UnityEngine.VideoModule.dll"
-r:"C:/Program Files/Unity/Hub/Editor/6000.5.8f1/Editor/Data/Managed/UnityEngine/UnityEngine.VirtualTexturingModule.dll"
-r:"C:/Program Files/Unity/Hub/Editor/6000.5.8f1/Editor/Data/Managed/UnityEngine/UnityEngine.WindModule.dll"
-r:"C:/Program Files/Unity/Hub/Editor/6000.5.8f1/Editor/Data/Managed/UnityEngine/UnityEngine.XRModule.dll"
-r:"C:/Program Files/Unity/Hub/Editor/6000.5.8f1/Editor/Data/Managed/UnityEngine/UnityEngine.dll"
-r:"C:/Program Files/Unity/Hub/Editor/6000.5.8f1/Editor/Data/NetStandard/Extensions/2.0.0/System.Runtime.InteropServices.WindowsRuntime.dll"
-r:"C:/Program Files/Unity/Hub/Editor/6000.5.8f1/Editor/Data/NetStandard/compat/2.1.0/shims/netfx/System.ComponentModel.Composition.dll"
-r:"C:/Program Files/Unity/Hub/Editor/6000.5.8f1/Editor/Data/NetStandard/compat/2.1.0/shims/netfx/System.Core.dll"
-r:"C:/Program Files/Unity/Hub/Editor/6000.5.8f1/Editor/Data/NetStandard/compat/2.1.0/shims/netfx/System.Data.dll"
-r:"C:/Program Files/Unity/Hub/Editor/6000.5.8f1/Editor/Data/NetStandard/compat/2.1.0/shims/netfx/System.Drawing.dll"
-r:"C:/Program Files/Unity/Hub/Editor/6000.5.8f1/Editor/Data/NetStandard/compat/2.1.0/shims/netfx/System.IO.Compression.FileSystem.dll"
-r:"C:/Program Files/Unity/Hub/Editor/6000.5.8f1/Editor/Data/NetStandard/compat/2.1.0/shims/netfx/System.Net.dll"
-r:"C:/Program Files/Unity/Hub/Editor/6000.5.8f1/Editor/Data/NetStandard/compat/2.1.0/shims/netfx/System.Numerics.dll"
-r:"C:/Program Files/Unity/Hub/Editor/6000.5.8f1/Editor/Data/NetStandard/compat/2.1.0/shims/netfx/System.Runtime.Serialization.dll"
-r:"C:/Program Files/Unity/Hub/Editor/6000.5.8f1/Editor/Data/NetStandard/compat/2.1.0/shims/netfx/System.ServiceModel.Web.dll"
-r:"C:/Program Files/Unity/Hub/Editor/6000.5.8f1/Editor/Data/NetStandard/compat/2.1.0/shims/netfx/System.Transactions.dll"
-r:"C:/Program Files/Unity/Hub/Editor/6000.5.8f1/Editor/Data/NetStandard/compat/2.1.0/shims/netfx/System.Web.dll"
-r:"C:/Program Files/Unity/Hub/Editor/6000.5.8f1/Editor/Data/NetStandard/compat/2.1.0/shims/netfx/System.Windows.dll"
-r:"C:/Program Files/Unity/Hub/Editor/6000.5.8f1/Editor/Data/NetStandard/compat/2.1.0/shims/netfx/System.Xml.Linq.dll"
-r:"C:/Program Files/Unity/Hub/Editor/6000.5.8f1/Editor/Data/NetStandard/compat/2.1.0/shims/netfx/System.Xml.Serialization.dll"
-r:"C:/Program Files/Unity/Hub/Editor/6000.5.8f1/Editor/Data/NetStandard/compat/2.1.0/shims/netfx/System.Xml.dll"
-r:"C:/Program Files/Unity/Hub/Editor/6000.5.8f1/Editor/Data/NetStandard/compat/2.1.0/shims/netfx/System.dll"
-r:"C:/Program Files/Unity/Hub/Editor/6000.5.8f1/Editor/Data/NetStandard/compat/2.1.0/shims/netfx/mscorlib.dll"
-r:"C:/Program Files/Unity/Hub/Editor/6000.5.8f1/Editor/Data/NetStandard/compat/2.1.0/shims/netstandard/Microsoft.Win32.Primitives.dll"
-r:"C:/Program Files/Unity/Hub/Editor/6000.5.8f1/Editor/Data/NetStandard/compat/2.1.0/shims/netstandard/System.AppContext.dll"
-r:"C:/Program Files/Unity/Hub/Editor/6000.5.8f1/Editor/Data/NetStandard/compat/2.1.0/shims/netstandard/System.Buffers.dll"
-r:"C:/Program Files/Unity/Hub/Editor/6000.5.8f1/Editor/Data/NetStandard/compat/2.1.0/shims/netstandard/System.Collections.Concurrent.dll"
-r:"C:/Program Files/Unity/Hub/Editor/6000.5.8f1/Editor/Data/NetStandard/compat/2.1.0/shims/netstandard/System.Collections.NonGeneric.dll"
-r:"C:/Program Files/Unity/Hub/Editor/6000.5.8f1/Editor/Data/NetStandard/compat/2.1.0/shims/netstandard/System.Collections.Specialized.dll"
-r:"C:/Program Files/Unity/Hub/Editor/6000.5.8f1/Editor/Data/NetStandard/compat/2.1.0/shims/netstandard/System.Collections.dll"
-r:"C:/Program Files/Unity/Hub/Editor/6000.5.8f1/Editor/Data/NetStandard/compat/2.1.0/shims/netstandard/System.ComponentModel.EventBasedAsync.dll"
-r:"C:/Program Files/Unity/Hub/Editor/6000.5.8f1/Editor/Data/NetStandard/compat/2.1.0/shims/netstandard/System.ComponentModel.Primitives.dll"
-r:"C:/Program Files/Unity/Hub/Editor/6000.5.8f1/Editor/Data/NetStandard/compat/2.1.0/shims/netstandard/System.ComponentModel.TypeConverter.dll"
-r:"C:/Program Files/Unity/Hub/Editor/6000.5.8f1/Editor/Data/NetStandard/compat/2.1.0/shims/netstandard/System.ComponentModel.dll"
-r:"C:/Program Files/Unity/Hub/Editor/6000.5.8f1/Editor/Data/NetStandard/compat/2.1.0/shims/netstandard/System.Console.dll"
-r:"C:/Program Files/Unity/Hub/Editor/6000.5.8f1/Editor/Data/NetStandard/compat/2.1.0/shims/netstandard/System.Data.Common.dll"
-r:"C:/Program Files/Unity/Hub/Editor/6000.5.8f1/Editor/Data/NetStandard/compat/2.1.0/shims/netstandard/System.Diagnostics.Contracts.dll"
-r:"C:/Program Files/Unity/Hub/Editor/6000.5.8f1/Editor/Data/NetStandard/compat/2.1.0/shims/netstandard/System.Diagnostics.Debug.dll"
-r:"C:/Program Files/Unity/Hub/Editor/6000.5.8f1/Editor/Data/NetStandard/compat/2.1.0/shims/netstandard/System.Diagnostics.FileVersionInfo.dll"
-r:"C:/Program Files/Unity/Hub/Editor/6000.5.8f1/Editor/Data/NetStandard/compat/2.1.0/shims/netstandard/System.Diagnostics.Process.dll"
-r:"C:/Program Files/Unity/Hub/Editor/6000.5.8f1/Editor/Data/NetStandard/compat/2.1.0/shims/netstandard/System.Diagnostics.StackTrace.dll"
-r:"C:/Program Files/Unity/Hub/Editor/6000.5.8f1/Editor/Data/NetStandard/compat/2.1.0/shims/netstandard/System.Diagnostics.TextWriterTraceListener.dll"
-r:"C:/Program Files/Unity/Hub/Editor/6000.5.8f1/Editor/Data/NetStandard/compat/2.1.0/shims/netstandard/System.Diagnostics.Tools.dll"
-r:"C:/Program Files/Unity/Hub/Editor/6000.5.8f1/Editor/Data/NetStandard/compat/2.1.0/shims/netstandard/System.Diagnostics.TraceSource.dll"
-r:"C:/Program Files/Unity/Hub/Editor/6000.5.8f1/Editor/Data/NetStandard/compat/2.1.0/shims/netstandard/System.Diagnostics.Tracing.dll"
-r:"C:/Program Files/Unity/Hub/Editor/6000.5.8f1/Editor/Data/NetStandard/compat/2.1.0/shims/netstandard/System.Drawing.Primitives.dll"
-r:"C:/Program Files/Unity/Hub/Editor/6000.5.8f1/Editor/Data/NetStandard/compat/2.1.0/shims/netstandard/System.Dynamic.Runtime.dll"
-r:"C:/Program Files/Unity/Hub/Editor/6000.5.8f1/Editor/Data/NetStandard/compat/2.1.0/shims/netstandard/System.Globalization.Calendars.dll"
-r:"C:/Program Files/Unity/Hub/Editor/6000.5.8f1/Editor/Data/NetStandard/compat/2.1.0/shims/netstandard/System.Globalization.Extensions.dll"
-r:"C:/Program Files/Unity/Hub/Editor/6000.5.8f1/Editor/Data/NetStandard/compat/2.1.0/shims/netstandard/System.Globalization.dll"
-r:"C:/Program Files/Unity/Hub/Editor/6000.5.8f1/Editor/Data/NetStandard/compat/2.1.0/shims/netstandard/System.IO.Compression.ZipFile.dll"
-r:"C:/Program Files/Unity/Hub/Editor/6000.5.8f1/Editor/Data/NetStandard/compat/2.1.0/shims/netstandard/System.IO.Compression.dll"
-r:"C:/Program Files/Unity/Hub/Editor/6000.5.8f1/Editor/Data/NetStandard/compat/2.1.0/shims/netstandard/System.IO.FileSystem.DriveInfo.dll"
-r:"C:/Program Files/Unity/Hub/Editor/6000.5.8f1/Editor/Data/NetStandard/compat/2.1.0/shims/netstandard/System.IO.FileSystem.Primitives.dll"
-r:"C:/Program Files/Unity/Hub/Editor/6000.5.8f1/Editor/Data/NetStandard/compat/2.1.0/shims/netstandard/System.IO.FileSystem.Watcher.dll"
-r:"C:/Program Files/Unity/Hub/Editor/6000.5.8f1/Editor/Data/NetStandard/compat/2.1.0/shims/netstandard/System.IO.FileSystem.dll"
-r:"C:/Program Files/Unity/Hub/Editor/6000.5.8f1/Editor/Data/NetStandard/compat/2.1.0/shims/netstandard/System.IO.IsolatedStorage.dll"
-r:"C:/Program Files/Unity/Hub/Editor/6000.5.8f1/Editor/Data/NetStandard/compat/2.1.0/shims/netstandard/System.IO.MemoryMappedFiles.dll"
-r:"C:/Program Files/Unity/Hub/Editor/6000.5.8f1/Editor/Data/NetStandard/compat/2.1.0/shims/netstandard/System.IO.Pipes.dll"
-r:"C:/Program Files/Unity/Hub/Editor/6000.5.8f1/Editor/Data/NetStandard/compat/2.1.0/shims/netstandard/System.IO.UnmanagedMemoryStream.dll"
-r:"C:/Program Files/Unity/Hub/Editor/6000.5.8f1/Editor/Data/NetStandard/compat/2.1.0/shims/netstandard/System.IO.dll"
-r:"C:/Program Files/Unity/Hub/Editor/6000.5.8f1/Editor/Data/NetStandard/compat/2.1.0/shims/netstandard/System.Linq.Expressions.dll"
-r:"C:/Program Files/Unity/Hub/Editor/6000.5.8f1/Editor/Data/NetStandard/compat/2.1.0/shims/netstandard/System.Linq.Parallel.dll"
-r:"C:/Program Files/Unity/Hub/Editor/6000.5.8f1/Editor/Data/NetStandard/compat/2.1.0/shims/netstandard/System.Linq.Queryable.dll"
-r:"C:/Program Files/Unity/Hub/Editor/6000.5.8f1/Editor/Data/NetStandard/compat/2.1.0/shims/netstandard/System.Linq.dll"
-r:"C:/Program Files/Unity/Hub/Editor/6000.5.8f1/Editor/Data/NetStandard/compat/2.1.0/shims/netstandard/System.Memory.dll"
-r:"C:/Program Files/Unity/Hub/Editor/6000.5.8f1/Editor/Data/NetStandard/compat/2.1.0/shims/netstandard/System.Net.Http.dll"
-r:"C:/Program Files/Unity/Hub/Editor/6000.5.8f1/Editor/Data/NetStandard/compat/2.1.0/shims/netstandard/System.Net.NameResolution.dll"
-r:"C:/Program Files/Unity/Hub/Editor/6000.5.8f1/Editor/Data/NetStandard/compat/2.1.0/shims/netstandard/System.Net.NetworkInformation.dll"
-r:"C:/Program Files/Unity/Hub/Editor/6000.5.8f1/Editor/Data/NetStandard/compat/2.1.0/shims/netstandard/System.Net.Ping.dll"
-r:"C:/Program Files/Unity/Hub/Editor/6000.5.8f1/Editor/Data/NetStandard/compat/2.1.0/shims/netstandard/System.Net.Primitives.dll"
-r:"C:/Program Files/Unity/Hub/Editor/6000.5.8f1/Editor/Data/NetStandard/compat/2.1.0/shims/netstandard/System.Net.Requests.dll"
-r:"C:/Program Files/Unity/Hub/Editor/6000.5.8f1/Editor/Data/NetStandard/compat/2.1.0/shims/netstandard/System.Net.Security.dll"
-r:"C:/Program Files/Unity/Hub/Editor/6000.5.8f1/Editor/Data/NetStandard/compat/2.1.0/shims/netstandard/System.Net.Sockets.dll"
-r:"C:/Program Files/Unity/Hub/Editor/6000.5.8f1/Editor/Data/NetStandard/compat/2.1.0/shims/netstandard/System.Net.WebHeaderCollection.dll"
-r:"C:/Program Files/Unity/Hub/Editor/6000.5.8f1/Editor/Data/NetStandard/compat/2.1.0/shims/netstandard/System.Net.WebSockets.Client.dll"
-r:"C:/Program Files/Unity/Hub/Editor/6000.5.8f1/Editor/Data/NetStandard/compat/2.1.0/shims/netstandard/System.Net.WebSockets.dll"
-r:"C:/Program Files/Unity/Hub/Editor/6000.5.8f1/Editor/Data/NetStandard/compat/2.1.0/shims/netstandard/System.Numerics.Vectors.dll"
-r:"C:/Program Files/Unity/Hub/Editor/6000.5.8f1/Editor/Data/NetStandard/compat/2.1.0/shims/netstandard/System.ObjectModel.dll"
-r:"C:/Program Files/Unity/Hub/Editor/6000.5.8f1/Editor/Data/NetStandard/compat/2.1.0/shims/netstandard/System.Reflection.DispatchProxy.dll"
-r:"C:/Program Files/Unity/Hub/Editor/6000.5.8f1/Editor/Data/NetStandard/compat/2.1.0/shims/netstandard/System.Reflection.Emit.ILGeneration.dll"
-r:"C:/Program Files/Unity/Hub/Editor/6000.5.8f1/Editor/Data/NetStandard/compat/2.1.0/shims/netstandard/System.Reflection.Emit.Lightweight.dll"
-r:"C:/Program Files/Unity/Hub/Editor/6000.5.8f1/Editor/Data/NetStandard/compat/2.1.0/shims/netstandard/System.Reflection.Emit.dll"
-r:"C:/Program Files/Unity/Hub/Editor/6000.5.8f1/Editor/Data/NetStandard/compat/2.1.0/shims/netstandard/System.Reflection.Extensions.dll"
-r:"C:/Program Files/Unity/Hub/Editor/6000.5.8f1/Editor/Data/NetStandard/compat/2.1.0/shims/netstandard/System.Reflection.Primitives.dll"
-r:"C:/Program Files/Unity/Hub/Editor/6000.5.8f1/Editor/Data/NetStandard/compat/2.1.0/shims/netstandard/System.Reflection.dll"
-r:"C:/Program Files/Unity/Hub/Editor/6000.5.8f1/Editor/Data/NetStandard/compat/2.1.0/shims/netstandard/System.Resources.Reader.dll"
-r:"C:/Program Files/Unity/Hub/Editor/6000.5.8f1/Editor/Data/NetStandard/compat/2.1.0/shims/netstandard/System.Resources.ResourceManager.dll"
-r:"C:/Program Files/Unity/Hub/Editor/6000.5.8f1/Editor/Data/NetStandard/compat/2.1.0/shims/netstandard/System.Resources.Writer.dll"
-r:"C:/Program Files/Unity/Hub/Editor/6000.5.8f1/Editor/Data/NetStandard/compat/2.1.0/shims/netstandard/System.Runtime.CompilerServices.VisualC.dll"
-r:"C:/Program Files/Unity/Hub/Editor/6000.5.8f1/Editor/Data/NetStandard/compat/2.1.0/shims/netstandard/System.Runtime.Extensions.dll"
-r:"C:/Program Files/Unity/Hub/Editor/6000.5.8f1/Editor/Data/NetStandard/compat/2.1.0/shims/netstandard/System.Runtime.Handles.dll"
-r:"C:/Program Files/Unity/Hub/Editor/6000.5.8f1/Editor/Data/NetStandard/compat/2.1.0/shims/netstandard/System.Runtime.InteropServices.RuntimeInformation.dll"
-r:"C:/Program Files/Unity/Hub/Editor/6000.5.8f1/Editor/Data/NetStandard/compat/2.1.0/shims/netstandard/System.Runtime.InteropServices.dll"
-r:"C:/Program Files/Unity/Hub/Editor/6000.5.8f1/Editor/Data/NetStandard/compat/2.1.0/shims/netstandard/System.Runtime.Numerics.dll"
-r:"C:/Program Files/Unity/Hub/Editor/6000.5.8f1/Editor/Data/NetStandard/compat/2.1.0/shims/netstandard/System.Runtime.Serialization.Formatters.dll"
-r:"C:/Program Files/Unity/Hub/Editor/6000.5.8f1/Editor/Data/NetStandard/compat/2.1.0/shims/netstandard/System.Runtime.Serialization.Json.dll"
-r:"C:/Program Files/Unity/Hub/Editor/6000.5.8f1/Editor/Data/NetStandard/compat/2.1.0/shims/netstandard/System.Runtime.Serialization.Primitives.dll"
-r:"C:/Program Files/Unity/Hub/Editor/6000.5.8f1/Editor/Data/NetStandard/compat/2.1.0/shims/netstandard/System.Runtime.Serialization.Xml.dll"
-r:"C:/Program Files/Unity/Hub/Editor/6000.5.8f1/Editor/Data/NetStandard/compat/2.1.0/shims/netstandard/System.Runtime.dll"
-r:"C:/Program Files/Unity/Hub/Editor/6000.5.8f1/Editor/Data/NetStandard/compat/2.1.0/shims/netstandard/System.Security.Claims.dll"
-r:"C:/Program Files/Unity/Hub/Editor/6000.5.8f1/Editor/Data/NetStandard/compat/2.1.0/shims/netstandard/System.Security.Cryptography.Algorithms.dll"
-r:"C:/Program Files/Unity/Hub/Editor/6000.5.8f1/Editor/Data/NetStandard/compat/2.1.0/shims/netstandard/System.Security.Cryptography.Csp.dll"
-r:"C:/Program Files/Unity/Hub/Editor/6000.5.8f1/Editor/Data/NetStandard/compat/2.1.0/shims/netstandard/System.Security.Cryptography.Encoding.dll"
-r:"C:/Program Files/Unity/Hub/Editor/6000.5.8f1/Editor/Data/NetStandard/compat/2.1.0/shims/netstandard/System.Security.Cryptography.Primitives.dll"
-r:"C:/Program Files/Unity/Hub/Editor/6000.5.8f1/Editor/Data/NetStandard/compat/2.1.0/shims/netstandard/System.Security.Cryptography.X509Certificates.dll"
-r:"C:/Program Files/Unity/Hub/Editor/6000.5.8f1/Editor/Data/NetStandard/compat/2.1.0/shims/netstandard/System.Security.Principal.dll"
-r:"C:/Program Files/Unity/Hub/Editor/6000.5.8f1/Editor/Data/NetStandard/compat/2.1.0/shims/netstandard/System.Security.SecureString.dll"
-r:"C:/Program Files/Unity/Hub/Editor/6000.5.8f1/Editor/Data/NetStandard/compat/2.1.0/shims/netstandard/System.Text.Encoding.Extensions.dll"
-r:"C:/Program Files/Unity/Hub/Editor/6000.5.8f1/Editor/Data/NetStandard/compat/2.1.0/shims/netstandard/System.Text.Encoding.dll"
-r:"C:/Program Files/Unity/Hub/Editor/6000.5.8f1/Editor/Data/NetStandard/compat/2.1.0/shims/netstandard/System.Text.RegularExpressions.dll"
-r:"C:/Program Files/Unity/Hub/Editor/6000.5.8f1/Editor/Data/NetStandard/compat/2.1.0/shims/netstandard/System.Threading.Overlapped.dll"
-r:"C:/Program Files/Unity/Hub/Editor/6000.5.8f1/Editor/Data/NetStandard/compat/2.1.0/shims/netstandard/System.Threading.Tasks.Extensions.dll"
-r:"C:/Program Files/Unity/Hub/Editor/6000.5.8f1/Editor/Data/NetStandard/compat/2.1.0/shims/netstandard/System.Threading.Tasks.Parallel.dll"
-r:"C:/Program Files/Unity/Hub/Editor/6000.5.8f1/Editor/Data/NetStandard/compat/2.1.0/shims/netstandard/System.Threading.Tasks.dll"
-r:"C:/Program Files/Unity/Hub/Editor/6000.5.8f1/Editor/Data/NetStandard/compat/2.1.0/shims/netstandard/System.Threading.Thread.dll"
-r:"C:/Program Files/Unity/Hub/Editor/6000.5.8f1/Editor/Data/NetStandard/compat/2.1.0/shims/netstandard/System.Threading.ThreadPool.dll"
-r:"C:/Program Files/Unity/Hub/Editor/6000.5.8f1/Editor/Data/NetStandard/compat/2.1.0/shims/netstandard/System.Threading.Timer.dll"
-r:"C:/Program Files/Unity/Hub/Editor/6000.5.8f1/Editor/Data/NetStandard/compat/2.1.0/shims/netstandard/System.Threading.dll"
-r:"C:/Program Files/Unity/Hub/Editor/6000.5.8f1/Editor/Data/NetStandard/compat/2.1.0/shims/netstandard/System.ValueTuple.dll"
-r:"C:/Program Files/Unity/Hub/Editor/6000.5.8f1/Editor/Data/NetStandard/compat/2.1.0/shims/netstandard/System.Xml.ReaderWriter.dll"
-r:"C:/Program Files/Unity/Hub/Editor/6000.5.8f1/Editor/Data/NetStandard/compat/2.1.0/shims/netstandard/System.Xml.XDocument.dll"
-r:"C:/Program Files/Unity/Hub/Editor/6000.5.8f1/Editor/Data/NetStandard/compat/2.1.0/shims/netstandard/System.Xml.XPath.XDocument.dll"
-r:"C:/Program Files/Unity/Hub/Editor/6000.5.8f1/Editor/Data/NetStandard/compat/2.1.0/shims/netstandard/System.Xml.XPath.dll"
-r:"C:/Program Files/Unity/Hub/Editor/6000.5.8f1/Editor/Data/NetStandard/compat/2.1.0/shims/netstandard/System.Xml.XmlDocument.dll"
-r:"C:/Program Files/Unity/Hub/Editor/6000.5.8f1/Editor/Data/NetStandard/compat/2.1.0/shims/netstandard/System.Xml.XmlSerializer.dll"
-r:"C:/Program Files/Unity/Hub/Editor/6000.5.8f1/Editor/Data/NetStandard/ref/2.1.0/netstandard.dll"
-r:"Library/PackageCache/com.unity.collections@ec2c217e4cb2/Unity.Collections.LowLevel.ILSupport/Unity.Collections.LowLevel.ILSupport.dll"
-r:"Library/PackageCache/com.unity.ext.nunit@44f7d31723bd/net472/unity-custom/nunit.framework.dll"
-r:"Library/PackageCache/com.unity.nuget.mono-cecil@ecb9724e46ff/Mono.Cecil.dll"
-r:"Library/Bee/artifacts/1900b0aE.dag/Unity.2D.Sprite.Editor.ref.dll"
-r:"Library/Bee/artifacts/1900b0aE.dag/Unity.2D.Tilemap.Editor.ref.dll"
-r:"Library/Bee/artifacts/1900b0aE.dag/Unity.Burst.Editor.ref.dll"
-r:"Library/Bee/artifacts/1900b0aE.dag/Unity.Burst.ref.dll"
-r:"Library/Bee/artifacts/1900b0aE.dag/Unity.Collections.Editor.ref.dll"
-r:"Library/Bee/artifacts/1900b0aE.dag/Unity.Collections.ref.dll"
-r:"Library/Bee/artifacts/1900b0aE.dag/Unity.InputSystem.ForUI.Editor.ref.dll"
-r:"Library/Bee/artifacts/1900b0aE.dag/Unity.InputSystem.ForUI.ref.dll"
-r:"Library/Bee/artifacts/1900b0aE.dag/Unity.InputSystem.ref.dll"
-r:"Library/Bee/artifacts/1900b0aE.dag/Unity.InternalAPIEditorBridge.ShaderGraph.Editor.ref.dll"
-r:"Library/Bee/artifacts/1900b0aE.dag/Unity.InternalAPIEngineBridge.004.ref.dll"
-r:"Library/Bee/artifacts/1900b0aE.dag/Unity.InternalAPIEngineBridge.RenderPipelines.Core.Editor.ref.dll"
-r:"Library/Bee/artifacts/1900b0aE.dag/Unity.InternalAPIEngineBridge.RenderPipelines.Core.Runtime.Shared.ref.dll"
-r:"Library/Bee/artifacts/1900b0aE.dag/Unity.Mathematics.ref.dll"
-r:"Library/Bee/artifacts/1900b0aE.dag/Unity.PathTracing.Editor.ref.dll"
-r:"Library/Bee/artifacts/1900b0aE.dag/Unity.PathTracing.Runtime.ref.dll"
-r:"Library/Bee/artifacts/1900b0aE.dag/Unity.Rendering.LightTransport.Editor.ref.dll"
-r:"Library/Bee/artifacts/1900b0aE.dag/Unity.RenderPipeline.Universal.ShaderLibrary.ref.dll"
-r:"Library/Bee/artifacts/1900b0aE.dag/Unity.RenderPipelines.Core.Editor.ref.dll"
-r:"Library/Bee/artifacts/1900b0aE.dag/Unity.RenderPipelines.Core.Editor.Shared.ref.dll"
-r:"Library/Bee/artifacts/1900b0aE.dag/Unity.RenderPipelines.Core.Runtime.ref.dll"
-r:"Library/Bee/artifacts/1900b0aE.dag/Unity.RenderPipelines.Core.Runtime.Shared.ref.dll"
-r:"Library/Bee/artifacts/1900b0aE.dag/Unity.RenderPipelines.Core.ShaderLibrary.ref.dll"
-r:"Library/Bee/artifacts/1900b0aE.dag/Unity.RenderPipelines.GPUDriven.Runtime.ref.dll"
-r:"Library/Bee/artifacts/1900b0aE.dag/Unity.RenderPipelines.ShaderGraph.ShaderGraphLibrary.ref.dll"
-r:"Library/Bee/artifacts/1900b0aE.dag/Unity.RenderPipelines.Universal.2D.Editor.Overrides.ref.dll"
-r:"Library/Bee/artifacts/1900b0aE.dag/Unity.RenderPipelines.Universal.2D.Runtime.ref.dll"
-r:"Library/Bee/artifacts/1900b0aE.dag/Unity.RenderPipelines.Universal.Config.Runtime.ref.dll"
-r:"Library/Bee/artifacts/1900b0aE.dag/Unity.RenderPipelines.Universal.Editor.ref.dll"
-r:"Library/Bee/artifacts/1900b0aE.dag/Unity.RenderPipelines.Universal.Runtime.ref.dll"
-r:"Library/Bee/artifacts/1900b0aE.dag/Unity.RenderPipelines.Universal.Shaders.ref.dll"
-r:"Library/Bee/artifacts/1900b0aE.dag/Unity.Searcher.Editor.ref.dll"
-r:"Library/Bee/artifacts/1900b0aE.dag/Unity.ShaderGraph.Editor.ref.dll"
-r:"Library/Bee/artifacts/1900b0aE.dag/Unity.SurfaceCache.Runtime.ref.dll"
-r:"Library/Bee/artifacts/1900b0aE.dag/Unity.TextMeshPro.Editor.ref.dll"
-r:"Library/Bee/artifacts/1900b0aE.dag/Unity.TextMeshPro.ref.dll"
-r:"Library/Bee/artifacts/1900b0aE.dag/Unity.Timeline.Editor.ref.dll"
-r:"Library/Bee/artifacts/1900b0aE.dag/Unity.Timeline.ref.dll"
-r:"Library/Bee/artifacts/1900b0aE.dag/Unity.UnifiedRayTracing.Runtime.ref.dll"
-r:"Library/Bee/artifacts/1900b0aE.dag/Unity.VisualStudio.Editor.ref.dll"
-r:"Library/Bee/artifacts/1900b0aE.dag/UnityEditor.UI.Analytics.ref.dll"
-r:"Library/Bee/artifacts/1900b0aE.dag/UnityEditor.UI.ref.dll"
-r:"Library/Bee/artifacts/1900b0aE.dag/UnityEngine.UI.ref.dll"
-analyzer:"C:/Program Files/Unity/Hub/Editor/6000.5.8f1/Editor/Data/BCLExtensions/TargetingPacks/netstandard2.1/analyzers/dotnet/roslyn4.0/cs/Microsoft.Extensions.Logging.Generators.dll"
-analyzer:"C:/Program Files/Unity/Hub/Editor/6000.5.8f1/Editor/Data/BCLExtensions/TargetingPacks/netstandard2.1/analyzers/dotnet/roslyn4.0/cs/System.Text.Json.SourceGeneration.dll"
-analyzer:"C:/Program Files/Unity/Hub/Editor/6000.5.8f1/Editor/Data/Tools/BuildPipeline/Unity.Analyzers.Common/Unity.Analyzers.Common.dll"
-analyzer:"C:/Program Files/Unity/Hub/Editor/6000.5.8f1/Editor/Data/Tools/BuildPipeline/Unity.Analyzers.LongLiving/Unity.Analyzers.LongLiving.dll"
-analyzer:"C:/Program Files/Unity/Hub/Editor/6000.5.8f1/Editor/Data/Tools/BuildPipeline/Unity.SourceGenerators/Unity.Properties.SourceGenerator.dll"
-analyzer:"C:/Program Files/Unity/Hub/Editor/6000.5.8f1/Editor/Data/Tools/BuildPipeline/Unity.SourceGenerators/Unity.SourceGenerators.dll"
-analyzer:"C:/Program Files/Unity/Hub/Editor/6000.5.8f1/Editor/Data/Tools/BuildPipeline/Unity.SourceGenerators/Unity.UIToolkit.SourceGenerator.dll"
"Assets/BoltController.cs"
"Assets/ShipController.cs"
-langversion:9.0
/deterministic
/optimize+
/debug:portable
/nologo
/RuntimeMetadataVersion:v4.0.30319
/nowarn:0169
/nowarn:0649
/nowarn:0282
/nowarn:1701
/nowarn:1702
/utf8output
/preferreduilang:en-US
/additionalfile:"Library/Bee/artifacts/1900b0aE.dag/Assembly-CSharp.UnityAdditionalFile.txt"
##### Custom Environment Variables
DOTNET_HOST_PATH=C:\Program Files\Unity\Hub\Editor\6000.5.8f1\Editor\Data\DotNetSdk\dotnet.exe
DOTNET_MULTILEVEL_LOOKUP=0
##### ExitCode
1
##### Output
Assets\BoltController.cs(12,9): error CS1525: Invalid expression term ')'
*** Tundra build failed (0.40 seconds), 2 items updated, 727 evaluated
## Script Compilation Error for: Csc Library/Bee/artifacts/1900b0aE.dag/Assembly-CSharp.dll (+2 others)
## CmdLine: "C:\Program Files\Unity\Hub\Editor\6000.5.8f1\Editor\Data\DotNetSdk\dotnet.exe" exec "C:/Program Files/Unity/Hub/Editor/6000.5.8f1/Editor/Data/DotNetSdk/sdk/8.0.318/Roslyn/bincore/csc.dll" /nostdlib /noconfig /shared "@Library/Bee/artifacts/1900b0aE.dag/Assembly-CSharp.rsp" "@Library/Bee/artifacts/1900b0aE.dag/Assembly-CSharp.rsp2"
## Output:
Assets\BoltController.cs(12,9): error CS1525: Invalid expression term ')'

Assets\BoltController.cs(12,9): error CS1525: Invalid expression term ')'
Total cache size 267935000
Total cache size after purge 267935000, took 00:00:01.5431161
[ScriptCompilation] Requested script compilation because: AssetDatabase observed changes in script compilation related files
Asset Pipeline Refresh (id=1c6e5a3511bf51d4a88ab6984978361e): Total: 0.106 seconds - Initiated by RefreshV2(NoUpdateAssetOptions)
[Licensing::Client] Successfully resolved entitlement details
info: Microsoft.AspNetCore.Hosting.Diagnostics[1]
      Request starting HTTP/2 POST http://ilpp/UnityILPP.PostProcessing/Ping - application/grpc -
info: Microsoft.AspNetCore.Routing.EndpointMiddleware[0]
      Executing endpoint 'gRPC - /UnityILPP.PostProcessing/Ping'
info: Microsoft.AspNetCore.Routing.EndpointMiddleware[1]
      Executed endpoint 'gRPC - /UnityILPP.PostProcessing/Ping'
info: Microsoft.AspNetCore.Hosting.Diagnostics[2]
      Request finished HTTP/2 POST http://ilpp/UnityILPP.PostProcessing/Ping - 200 - application/grpc 0.1721ms
Starting: C:\Program Files\Unity\Hub\Editor\6000.5.8f1\Editor\Data\Tools\BuildPipeline\bee_backend.exe --ipc --defer-dag-verification --dagfile="Library/Bee/1900b0aE.dag" --continue-on-failure --profile="Library/Bee/backend1.traceevents" ScriptAssemblies
WorkingDir: C:/DEV/NTI/2026-2027 Programmering/TIA 2dshooter
info: Microsoft.AspNetCore.Hosting.Diagnostics[1]
      Request starting HTTP/2 POST http://ilpp/UnityILPP.PostProcessing/ConfigurePostProcessors - application/grpc -
info: Microsoft.AspNetCore.Routing.EndpointMiddleware[0]
      Executing endpoint 'gRPC - /UnityILPP.PostProcessing/ConfigurePostProcessors'
info: Unity.ILPP.Runner.PostProcessingAssemblyLoadContext[0]
      Current configuration matches the requested one, skipping
info: Microsoft.AspNetCore.Routing.EndpointMiddleware[1]
      Executed endpoint 'gRPC - /UnityILPP.PostProcessing/ConfigurePostProcessors'
info: Microsoft.AspNetCore.Hosting.Diagnostics[2]
      Request finished HTTP/2 POST http://ilpp/UnityILPP.PostProcessing/ConfigurePostProcessors - 200 - application/grpc 2.0450ms
[Worker0] Imported GUID: c405d08b2536fe34b9a6068d89ccea1c - Path: Assets/BoltController.cs - Importer: PreviewImporter -> (ImportResultId: 'f50cadeeb3e7108b63dc1004be20224f') in 0.0287812 seconds
info: Microsoft.AspNetCore.Hosting.Diagnostics[1]
      Request starting HTTP/2 POST http://ilpp/UnityILPP.PostProcessing/PostProcessAssembly - application/grpc -
info: Microsoft.AspNetCore.Routing.EndpointMiddleware[0]
      Executing endpoint 'gRPC - /UnityILPP.PostProcessing/PostProcessAssembly'
info: Unity.ILPP.Runner.PostProcessingPipeline[0]
      Processing assembly Library/Bee/artifacts/1900b0aE.dag/Assembly-CSharp.dll, with 142 defines and 323 references
info: Unity.ILPP.Runner.PostProcessingPipeline[0]
      processors: Unity.Jobs.CodeGen.JobsILPostProcessor, zzzUnity.Burst.CodeGen.BurstILPostProcessor
info: Unity.ILPP.Runner.PostProcessingPipeline[0]
      running Unity.Jobs.CodeGen.JobsILPostProcessor
info: Unity.ILPP.Runner.PostProcessingPipeline[0]
      running zzzUnity.Burst.CodeGen.BurstILPostProcessor
info: Microsoft.AspNetCore.Routing.EndpointMiddleware[1]
      Executed endpoint 'gRPC - /UnityILPP.PostProcessing/PostProcessAssembly'
info: Microsoft.AspNetCore.Hosting.Diagnostics[2]
      Request finished HTTP/2 POST http://ilpp/UnityILPP.PostProcessing/PostProcessAssembly - 200 - application/grpc 25.6620ms
ExitCode: 0 Duration: 0s693ms
[581/727    0s] ILPP-Configuration Library/ilpp-configuration.nevergeneratedoutput
[723/727    0s] Csc Library/Bee/artifacts/1900b0aE.dag/Assembly-CSharp.dll (+2 others)
[724/727    0s] ILPostProcess Library/Bee/artifacts/1900b0aE.dag/post-processed/Assembly-CSharp.dll (+pdb)
Processing assembly Library/Bee/artifacts/1900b0aE.dag/Assembly-CSharp.dll, with 142 defines and 323 references

processors: Unity.Jobs.CodeGen.JobsILPostProcessor, zzzUnity.Burst.CodeGen.BurstILPostProcessor

running Unity.Jobs.CodeGen.JobsILPostProcessor

running zzzUnity.Burst.CodeGen.BurstILPostProcessor
[725/727    0s] CopyFiles Library/ScriptAssemblies/Assembly-CSharp.dll
[726/727    0s] CopyFiles Library/ScriptAssemblies/Assembly-CSharp.pdb
*** Tundra build success (0.67 seconds), 5 items updated, 727 evaluated
Reloading assemblies after finishing script compilation.
Reloading assemblies after forced synchronous recompile.
Begin MonoManager ReloadAssembly
Native extension for WindowsStandalone target not found
[MODES] ModeService[none].Initialize
[MODES] ModeService[none].LoadModes
ScheduleIndexationOnStartup MainProcess:True IndexOnStartup:True
Mono: successfully reloaded assembly
- Finished resetting the current domain, in  2.968 seconds
Domain Reload Profiling: 4802ms
	BeginReloadAssembly (1170ms)
		DisableScriptedObjects (294ms)
		CreateAndSetChildDomain (429ms)
	RebuildCommonClasses (13ms)
	RebuildNativeTypeToScriptingClass (31ms)
	initialDomainReloadingComplete (96ms)
	LoadAllAssembliesAndSetupDomain (522ms)
		LoadAssemblies (195ms)
		AnalyzeDomain (235ms)
			TypeCache.Refresh (9ms)
			BuildScriptInfoCaches (182ms)
			ResolveRequiredComponents (41ms)
	FinalizeReload (2969ms)
		SetupLoadedEditorAssemblies (0ms)
			InitializePlatformSupportModulesInManaged (3ms)
			BeforeProcessingInitializeOnLoad (338ms)
			ProcessInitializeOnLoadAttributes (579ms)
			ProcessInitializeOnLoadMethodAttributes (288ms)
			AfterProcessingInitializeOnLoad (23ms)
		AwakeInstancesAfterBackupRestoration (835ms)

Asset Pipeline Refresh (id=62e6c0156c04a0942aab6444f35252a2): Total: 5.172 seconds - Initiated by StopAssetImportingV2(ForceSynchronousImport | ForceDomainReload)
	(Values over 0.05ms)
	Summary:
		Imports: total=0 (actual=0, local cache=0, cache server=0)
		Asset DB Process Time: managed=0 ms, native=3154 ms
		Asset DB Callback time: managed=60 ms, native=1 ms
		Scripting: domain reloads=1, domain reload time=1950 ms, compile time=4 ms, other=0 ms
		Project Asset Count: scripts=980, non-scripts=1925
		Asset File Changes: new=0, changed=0, moved=0, deleted=0
		Scan Filter Count: 0
	InvokePackagesCallback: 6.214ms
	ApplyChangesToAssetFolders: 0.459ms
	Collect global state as custom dependencies: 1.923ms
	ProcessAssetsWithTransientArtifactChanges: 3.799ms
	CategorizeAssets: 66.435ms
	CompileScripts: 3.892ms
	ImportOutOfDateAssets: 3023.122ms (2978.410ms without children)
		CollectScriptTypesHashes: 2.028ms
		ReloadNativeAssets: 0.767ms
		UnloadImportedAssets: 0.174ms
		EnsureUptoDateAssetsAreRegisteredWithGuidPM: 0.401ms
		ImportSchedulerStart: 43.333ms
	PostProcessAllAssets: 60.790ms
		MonoPostProcessAllAssets: 60.785ms
			UniversalRenderPipelineGlobalSettingsPostprocessor.OnPostprocessAllAssets 20.363ms
			SyncVS.PostprocessSyncProject 11.068ms
			SpeedTree9Postprocessor.OnPostprocessAllAssets 3.543ms
			WindowAssetPostprocessingWatcher.OnPostprocessAllAssets 3.373ms
			EditModeScopePostprocessor.OnPostprocessAllAssets 2.144ms
			ProjectSettingsPostprocessor.OnPostprocessAllAssets 0.708ms
			ShaderReflectionAssetPostProcessor.OnPostprocessAllAssets 0.674ms
			InputActionAssetPostprocessor.OnPostprocessAllAssets 0.601ms
			ReferencedClipsPostProcessor.OnPostprocessAllAssets 0.531ms
			AssetDatabaseCallbacks.OnPostprocessAllAssets 0.283ms
			TerrainToolbarOverlayPostProcessor.OnPostprocessAllAssets 0.274ms
			AssetChangedListener.OnPostprocessAllAssets 0.259ms
			RenderPipelineGlobalSettingsPostprocessor.OnPostprocessAllAssets 0.201ms
			SpriteEditorTexturePostprocessor.OnPostprocessAllAssets 0.144ms
			ShaderGraphAssetPostProcessor.OnPostprocessAllAssets 0.089ms
			AssetPostprocessor.OnPostprocessAllAssets 0.072ms
	GatherAllCurrentPrimaryImportResultRevisions: 0.214ms
	UnloadStreamsBegin: 0.063ms
	PersistCurrentRevisions: 0.129ms
	GenerateScriptTypeHashes: 2.783ms
	GenerateScriptTypeSerializationHashes: 4.740ms
	Untracked: 1994.720ms

[Licensing::Client] Successfully resolved entitlement details
[Licensing::Client] Successfully resolved entitlement details
[ScriptCompilation] Requested script compilation because: AssetDatabase observed changes in script compilation related files
Asset Pipeline Refresh (id=e59e08e05b782144784185a78b275049): Total: 0.165 seconds - Initiated by RefreshV2(NoUpdateAssetOptions)
info: Microsoft.AspNetCore.Hosting.Diagnostics[1]
      Request starting HTTP/2 POST http://ilpp/UnityILPP.PostProcessing/Ping - application/grpc -
info: Microsoft.AspNetCore.Routing.EndpointMiddleware[0]
      Executing endpoint 'gRPC - /UnityILPP.PostProcessing/Ping'
info: Microsoft.AspNetCore.Routing.EndpointMiddleware[1]
      Executed endpoint 'gRPC - /UnityILPP.PostProcessing/Ping'
info: Microsoft.AspNetCore.Hosting.Diagnostics[2]
      Request finished HTTP/2 POST http://ilpp/UnityILPP.PostProcessing/Ping - 200 - application/grpc 0.1135ms
[Worker1] Imported GUID: c405d08b2536fe34b9a6068d89ccea1c - Path: Assets/BoltController.cs - Importer: PreviewImporter -> (ImportResultId: '71aa6c4c6f43322fe11944a2e5eca410') in 0.0228745 seconds
Starting: C:\Program Files\Unity\Hub\Editor\6000.5.8f1\Editor\Data\Tools\BuildPipeline\bee_backend.exe --ipc --defer-dag-verification --dagfile="Library/Bee/1900b0aE.dag" --continue-on-failure --profile="Library/Bee/backend1.traceevents" ScriptAssemblies
WorkingDir: C:/DEV/NTI/2026-2027 Programmering/TIA 2dshooter
info: Microsoft.AspNetCore.Hosting.Diagnostics[1]
      Request starting HTTP/2 POST http://ilpp/UnityILPP.PostProcessing/ConfigurePostProcessors - application/grpc -
info: Microsoft.AspNetCore.Routing.EndpointMiddleware[0]
      Executing endpoint 'gRPC - /UnityILPP.PostProcessing/ConfigurePostProcessors'
info: Unity.ILPP.Runner.PostProcessingAssemblyLoadContext[0]
      Current configuration matches the requested one, skipping
info: Microsoft.AspNetCore.Routing.EndpointMiddleware[1]
      Executed endpoint 'gRPC - /UnityILPP.PostProcessing/ConfigurePostProcessors'
info: Microsoft.AspNetCore.Hosting.Diagnostics[2]
      Request finished HTTP/2 POST http://ilpp/UnityILPP.PostProcessing/ConfigurePostProcessors - 200 - application/grpc 1.7562ms
info: Microsoft.AspNetCore.Hosting.Diagnostics[1]
      Request starting HTTP/2 POST http://ilpp/UnityILPP.PostProcessing/PostProcessAssembly - application/grpc -
info: Microsoft.AspNetCore.Routing.EndpointMiddleware[0]
      Executing endpoint 'gRPC - /UnityILPP.PostProcessing/PostProcessAssembly'
info: Unity.ILPP.Runner.PostProcessingPipeline[0]
      Processing assembly Library/Bee/artifacts/1900b0aE.dag/Assembly-CSharp.dll, with 142 defines and 323 references
info: Unity.ILPP.Runner.PostProcessingPipeline[0]
      processors: Unity.Jobs.CodeGen.JobsILPostProcessor, zzzUnity.Burst.CodeGen.BurstILPostProcessor
info: Unity.ILPP.Runner.PostProcessingPipeline[0]
      running Unity.Jobs.CodeGen.JobsILPostProcessor
info: Unity.ILPP.Runner.PostProcessingPipeline[0]
      running zzzUnity.Burst.CodeGen.BurstILPostProcessor
info: Microsoft.AspNetCore.Routing.EndpointMiddleware[1]
      Executed endpoint 'gRPC - /UnityILPP.PostProcessing/PostProcessAssembly'
info: Microsoft.AspNetCore.Hosting.Diagnostics[2]
      Request finished HTTP/2 POST http://ilpp/UnityILPP.PostProcessing/PostProcessAssembly - 200 - application/grpc 15.9677ms
ExitCode: 0 Duration: 0s624ms
[581/727    0s] ILPP-Configuration Library/ilpp-configuration.nevergeneratedoutput
[723/727    0s] Csc Library/Bee/artifacts/1900b0aE.dag/Assembly-CSharp.dll (+2 others)
[724/727    0s] ILPostProcess Library/Bee/artifacts/1900b0aE.dag/post-processed/Assembly-CSharp.dll (+pdb)
Processing assembly Library/Bee/artifacts/1900b0aE.dag/Assembly-CSharp.dll, with 142 defines and 323 references

processors: Unity.Jobs.CodeGen.JobsILPostProcessor, zzzUnity.Burst.CodeGen.BurstILPostProcessor

running Unity.Jobs.CodeGen.JobsILPostProcessor

running zzzUnity.Burst.CodeGen.BurstILPostProcessor
[725/727    0s] CopyFiles Library/ScriptAssemblies/Assembly-CSharp.pdb
[726/727    0s] CopyFiles Library/ScriptAssemblies/Assembly-CSharp.dll
*** Tundra build success (0.59 seconds), 5 items updated, 727 evaluated
Reloading assemblies after finishing script compilation.
Reloading assemblies after forced synchronous recompile.
Begin MonoManager ReloadAssembly
Native extension for WindowsStandalone target not found
[MODES] ModeService[none].Initialize
[MODES] ModeService[none].LoadModes
ScheduleIndexationOnStartup MainProcess:True IndexOnStartup:True
Mono: successfully reloaded assembly
- Finished resetting the current domain, in  3.000 seconds
Domain Reload Profiling: 4620ms
	BeginReloadAssembly (1096ms)
		DisableScriptedObjects (230ms)
		CreateAndSetChildDomain (455ms)
	RebuildCommonClasses (18ms)
	RebuildNativeTypeToScriptingClass (32ms)
	initialDomainReloadingComplete (90ms)
	LoadAllAssembliesAndSetupDomain (383ms)
		LoadAssemblies (191ms)
		AnalyzeDomain (175ms)
			TypeCache.Refresh (9ms)
			BuildScriptInfoCaches (138ms)
			ResolveRequiredComponents (26ms)
	FinalizeReload (3002ms)
		SetupLoadedEditorAssemblies (0ms)
			InitializePlatformSupportModulesInManaged (5ms)
			BeforeProcessingInitializeOnLoad (351ms)
			ProcessInitializeOnLoadAttributes (609ms)
			ProcessInitializeOnLoadMethodAttributes (282ms)
			AfterProcessingInitializeOnLoad (13ms)
		AwakeInstancesAfterBackupRestoration (858ms)

Asset Pipeline Refresh (id=d12eb089382eb7b45975df5802d8b465): Total: 5.050 seconds - Initiated by StopAssetImportingV2(ForceSynchronousImport | ForceDomainReload)
	(Values over 0.05ms)
	Summary:
		Imports: total=0 (actual=0, local cache=0, cache server=0)
		Asset DB Process Time: managed=0 ms, native=3191 ms
		Asset DB Callback time: managed=63 ms, native=0 ms
		Scripting: domain reloads=1, domain reload time=1787 ms, compile time=6 ms, other=0 ms
		Project Asset Count: scripts=980, non-scripts=1925
		Asset File Changes: new=0, changed=0, moved=0, deleted=0
		Scan Filter Count: 0
	InvokePackagesCallback: 6.618ms
	ApplyChangesToAssetFolders: 0.502ms
	Collect global state as custom dependencies: 2.615ms
	ProcessAssetsWithTransientArtifactChanges: 5.122ms
	CategorizeAssets: 48.444ms
	CompileScripts: 5.931ms
	ImportOutOfDateAssets: 3055.495ms (3015.228ms without children)
		CollectScriptTypesHashes: 2.184ms
		ReloadNativeAssets: 1.062ms
		UnloadImportedAssets: 0.394ms
		EnsureUptoDateAssetsAreRegisteredWithGuidPM: 0.738ms
		ImportSchedulerStart: 38.040ms
	PostProcessAllAssets: 63.765ms
		MonoPostProcessAllAssets: 63.759ms
			UniversalRenderPipelineGlobalSettingsPostprocessor.OnPostprocessAllAssets 20.092ms
			SyncVS.PostprocessSyncProject 17.264ms
			BuilderAssetPostprocessor.OnPostprocessAllAssets 10.826ms
			AssetChangedListener.OnPostprocessAllAssets 8.475ms
			AssetPostprocessor.OnPostprocessAllAssets 6.566ms
			WindowAssetPostprocessingWatcher.OnPostprocessAllAssets 3.704ms
			SpeedTree9Postprocessor.OnPostprocessAllAssets 3.227ms
			SpriteSlicePostprocessor.OnPostprocessAllAssets 2.414ms
			ShaderGraphAssetPostProcessor.OnPostprocessAllAssets 1.926ms
			EditModeScopePostprocessor.OnPostprocessAllAssets 1.708ms
			ArtifactBrowserPostProcessor.OnPostprocessAllAssets 1.411ms
			ProjectSettingsPostprocessor.OnPostprocessAllAssets 1.390ms
			RetainedModeAssetPostprocessor.OnPostprocessAllAssets 1.142ms
			TMPro_TexturePostProcessor.OnPostprocessAllAssets 1.017ms
			SpriteEditorTexturePostprocessor.OnPostprocessAllAssets 0.628ms
			InputActionAssetPostprocessor.OnPostprocessAllAssets 0.605ms
			ShaderReflectionAssetPostProcessor.OnPostprocessAllAssets 0.604ms
			MaterialPostprocessor.OnPostprocessAllAssets 0.587ms
			AudioMixerPostprocessor.OnPostprocessAllAssets 0.564ms
			ReferencedClipsPostProcessor.OnPostprocessAllAssets 0.538ms
			SampleDependencyImporterPostProcessor.OnPostprocessAllAssets 0.482ms
			StyleCatalogPostProcessor.OnPostprocessAllAssets 0.432ms
			AssetEvents.OnPostprocessAllAssets 0.383ms
			PostProcessor.OnPostprocessAllAssets 0.379ms
			TextAssetPostProcessor.OnPostprocessAllAssets 0.370ms
			ConfigAssetsTracker.OnPostprocessAllAssets 0.330ms
			InputActionJsonNameModifierAssetProcessor.OnPostprocessAllAssets 0.323ms
			ScenarioDriftAssetsTracker.OnPostprocessAllAssets 0.320ms
			TerrainToolbarOverlayPostProcessor.OnPostprocessAllAssets 0.285ms
			AssetDatabaseCallbacks.OnPostprocessAllAssets 0.277ms
			SamplePostprocessor.OnPostprocessAllAssets 0.197ms
			SpeedTreePostProcessor.OnPostprocessAllAssets 0.163ms
			RenderPipelineGlobalSettingsPostprocessor.OnPostprocessAllAssets 0.159ms
			AudioContainerPostProcessor.OnPostprocessAllAssets 0.138ms
			AssetProcessor.OnPostprocessAllAssets 0.065ms
	GatherAllCurrentPrimaryImportResultRevisions: 0.174ms
	UnloadStreamsBegin: 0.056ms
	PersistCurrentRevisions: 0.178ms
	GenerateScriptTypeHashes: 2.861ms
	GenerateScriptTypeSerializationHashes: 5.309ms
	Untracked: 1849.822ms

[Licensing::Client] Successfully resolved entitlement details
[Licensing::Client] Successfully resolved entitlement details
Asset Pipeline Refresh (id=8ef2083a0d6d77d4792aefbba3197f04): Total: 0.018 seconds - Initiated by RefreshV2(AllowForceSynchronousImport)
Asset Pipeline Refresh (id=9290c619c9a99984ea37dda9f36cf8bb): Total: 0.009 seconds - Initiated by RefreshV2(NoUpdateAssetOptions)
SpriteAtlasPacking completed in 0.015054 sec
Reloading assemblies for play mode.
Reloading assemblies after forced synchronous recompile.
[Licensing::Client] Successfully resolved entitlement details
Begin MonoManager ReloadAssembly
Native extension for WindowsStandalone target not found
ScheduleIndexationOnStartup MainProcess:True IndexOnStartup:True
[MODES] ModeService[none].Initialize
[MODES] ModeService[none].LoadModes
Mono: successfully reloaded assembly
- Finished resetting the current domain, in  1.714 seconds
Domain Reload Profiling: 2637ms
	BeginReloadAssembly (677ms)
		DisableScriptedObjects (134ms)
		CreateAndSetChildDomain (338ms)
	RebuildCommonClasses (9ms)
	RebuildNativeTypeToScriptingClass (14ms)
	initialDomainReloadingComplete (65ms)
	LoadAllAssembliesAndSetupDomain (157ms)
		LoadAssemblies (131ms)
		AnalyzeDomain (30ms)
			TypeCache.Refresh (5ms)
			ResolveRequiredComponents (22ms)
	FinalizeReload (1715ms)
		SetupLoadedEditorAssemblies (0ms)
			BeforeProcessingInitializeOnLoad (92ms)
			ProcessInitializeOnLoadAttributes (378ms)
			ProcessInitializeOnLoadMethodAttributes (201ms)
			AfterProcessingInitializeOnLoad (9ms)
		AwakeInstancesAfterBackupRestoration (577ms)

Asset Pipeline Refresh (id=1ed83d66ac2699243975d734993d373a): Total: 2.856 seconds - Initiated by StopAssetImportingV2(ForceSynchronousImport | ForceDomainReload)
	(Values over 0.05ms)
	Summary:
		Imports: total=0 (actual=0, local cache=0, cache server=0)
		Asset DB Process Time: managed=0 ms, native=1835 ms
		Asset DB Callback time: managed=38 ms, native=0 ms
		Scripting: domain reloads=1, domain reload time=979 ms, compile time=3 ms, other=0 ms
		Project Asset Count: scripts=980, non-scripts=1925
		Asset File Changes: new=0, changed=0, moved=0, deleted=0
		Scan Filter Count: 0
	InvokePackagesCallback: 2.366ms
	ApplyChangesToAssetFolders: 0.342ms
	Collect global state as custom dependencies: 1.352ms
	ProcessAssetsWithTransientArtifactChanges: 0.130ms
	CategorizeAssets: 33.281ms
	CompileScripts: 2.634ms
	ImportOutOfDateAssets: 1759.608ms (1722.450ms without children)
		CollectScriptTypesHashes: 0.817ms
		ReloadNativeAssets: 0.998ms
		UnloadImportedAssets: 0.128ms
		EnsureUptoDateAssetsAreRegisteredWithGuidPM: 0.453ms
		ImportSchedulerStart: 35.560ms
	PostProcessAllAssets: 38.151ms
		MonoPostProcessAllAssets: 38.146ms
			SyncVS.PostprocessSyncProject 11.142ms
			BuilderAssetPostprocessor.OnPostprocessAllAssets 10.826ms
			UniversalRenderPipelineGlobalSettingsPostprocessor.OnPostprocessAllAssets 10.614ms
			AssetChangedListener.OnPostprocessAllAssets 8.475ms
			AssetPostprocessor.OnPostprocessAllAssets 6.566ms
			SpriteSlicePostprocessor.OnPostprocessAllAssets 2.414ms
			SpeedTree9Postprocessor.OnPostprocessAllAssets 2.072ms
			WindowAssetPostprocessingWatcher.OnPostprocessAllAssets 2.058ms
			ShaderGraphAssetPostProcessor.OnPostprocessAllAssets 1.926ms
			ArtifactBrowserPostProcessor.OnPostprocessAllAssets 1.411ms
			RetainedModeAssetPostprocessor.OnPostprocessAllAssets 1.142ms
			TMPro_TexturePostProcessor.OnPostprocessAllAssets 1.017ms
			ProjectSettingsPostprocessor.OnPostprocessAllAssets 0.891ms
			SpriteEditorTexturePostprocessor.OnPostprocessAllAssets 0.628ms
			MaterialPostprocessor.OnPostprocessAllAssets 0.587ms
			AudioMixerPostprocessor.OnPostprocessAllAssets 0.564ms
			SampleDependencyImporterPostProcessor.OnPostprocessAllAssets 0.482ms
			StyleCatalogPostProcessor.OnPostprocessAllAssets 0.432ms
			AssetEvents.OnPostprocessAllAssets 0.383ms
			PostProcessor.OnPostprocessAllAssets 0.379ms
			TextAssetPostProcessor.OnPostprocessAllAssets 0.370ms
			EditModeScopePostprocessor.OnPostprocessAllAssets 0.335ms
			ConfigAssetsTracker.OnPostprocessAllAssets 0.330ms
			InputActionAssetPostprocessor.OnPostprocessAllAssets 0.324ms
			InputActionJsonNameModifierAssetProcessor.OnPostprocessAllAssets 0.323ms
			ScenarioDriftAssetsTracker.OnPostprocessAllAssets 0.320ms
			ShaderReflectionAssetPostProcessor.OnPostprocessAllAssets 0.320ms
			ReferencedClipsPostProcessor.OnPostprocessAllAssets 0.308ms
			AssetDatabaseCallbacks.OnPostprocessAllAssets 0.274ms
			SamplePostprocessor.OnPostprocessAllAssets 0.197ms
			TerrainToolbarOverlayPostProcessor.OnPostprocessAllAssets 0.173ms
			SpeedTreePostProcessor.OnPostprocessAllAssets 0.163ms
			AudioContainerPostProcessor.OnPostprocessAllAssets 0.138ms
			RenderPipelineGlobalSettingsPostprocessor.OnPostprocessAllAssets 0.084ms
			AssetProcessor.OnPostprocessAllAssets 0.065ms
	GatherAllCurrentPrimaryImportResultRevisions: 0.131ms
	PersistCurrentRevisions: 0.114ms
	GenerateScriptTypeHashes: 2.358ms
	GenerateScriptTypeSerializationHashes: 4.040ms
	Untracked: 1009.578ms

LightingSettings: switching bake backend from 2 to 1.
Loaded scene 'Temp/__Backupscenes/0.backup'
	Deserialize:            1.614 ms
	Integration:            224.660 ms
	Integration of assets:  0.003 ms
	Thread Wait Time:       0.019 ms
	Total Operation Time:   226.296 ms
[Licensing::Client] Successfully resolved entitlement details
[Licensing::Client] Successfully resolved entitlement details
LightingSettings: switching bake backend from 2 to 1.
Unloading 7 Unused Serialized files (Serialized files now loaded: 0)
Loaded scene 'Temp/__Backupscenes/0.backup'
	Deserialize:            0.917 ms
	Integration:            147.142 ms
	Integration of assets:  0.001 ms
	Thread Wait Time:       0.012 ms
	Total Operation Time:   148.073 ms
Unloading 18 unused Assets / (339.6 KB). Loaded Objects now: 6389.
Memory consumption went from 0.68 GB to 0.68 GB.
Total: 12.691500 ms (FindLiveObjects: 0.587500 ms CreateObjectMapping: 1.111600 ms MarkObjects: 10.916900 ms  DeleteObjects: 0.073600 ms)

[Licensing::Client] Successfully resolved entitlement details
Asset Pipeline Refresh (id=9377539cc1b89ff4d8108d0be2cd76e0): Total: 0.025 seconds - Initiated by RefreshV2(AllowForceSynchronousImport)
[Worker0] Imported GUID: 4dd15c7fe51711c48ba135fef149bbf8 - Path: Assets/Prefabs/Bolt.prefab - Importer: PreviewImporter -> (ImportResultId: '5f2b62fce24eaa934d8a44d3f1670876') in 0.1565405 seconds
[Licensing::Client] Successfully resolved entitlement details
[ScriptCompilation] Requested script compilation because: AssetDatabase observed changes in script compilation related files
Asset Pipeline Refresh (id=f9221e8d5321cec48be02a2af9605de9): Total: 0.156 seconds - Initiated by RefreshV2(NoUpdateAssetOptions)
[Licensing::Client] Successfully resolved entitlement details
info: Microsoft.AspNetCore.Hosting.Diagnostics[1]
      Request starting HTTP/2 POST http://ilpp/UnityILPP.PostProcessing/Ping - application/grpc -
info: Microsoft.AspNetCore.Routing.EndpointMiddleware[0]
      Executing endpoint 'gRPC - /UnityILPP.PostProcessing/Ping'
info: Microsoft.AspNetCore.Routing.EndpointMiddleware[1]
      Executed endpoint 'gRPC - /UnityILPP.PostProcessing/Ping'
info: Microsoft.AspNetCore.Hosting.Diagnostics[2]
      Request finished HTTP/2 POST http://ilpp/UnityILPP.PostProcessing/Ping - 200 - application/grpc 0.2712ms
Starting: C:\Program Files\Unity\Hub\Editor\6000.5.8f1\Editor\Data\Tools\BuildPipeline\bee_backend.exe --ipc --defer-dag-verification --dagfile="Library/Bee/1900b0aE.dag" --continue-on-failure --profile="Library/Bee/backend1.traceevents" ScriptAssemblies
WorkingDir: C:/DEV/NTI/2026-2027 Programmering/TIA 2dshooter
[Worker0] Imported GUID: 4dd15c7fe51711c48ba135fef149bbf8 - Path: Assets/Prefabs/Bolt.prefab - Importer: PreviewImporter -> (ImportResultId: '9e4d04791755f6149653c636295f1184') in 0.0364841 seconds
info: Microsoft.AspNetCore.Hosting.Diagnostics[1]
      Request starting HTTP/2 POST http://ilpp/UnityILPP.PostProcessing/ConfigurePostProcessors - application/grpc -
info: Microsoft.AspNetCore.Routing.EndpointMiddleware[0]
      Executing endpoint 'gRPC - /UnityILPP.PostProcessing/ConfigurePostProcessors'
info: Unity.ILPP.Runner.PostProcessingAssemblyLoadContext[0]
      Current configuration matches the requested one, skipping
info: Microsoft.AspNetCore.Routing.EndpointMiddleware[1]
      Executed endpoint 'gRPC - /UnityILPP.PostProcessing/ConfigurePostProcessors'
info: Microsoft.AspNetCore.Hosting.Diagnostics[2]
      Request finished HTTP/2 POST http://ilpp/UnityILPP.PostProcessing/ConfigurePostProcessors - 200 - application/grpc 2.1673ms
info: Microsoft.AspNetCore.Hosting.Diagnostics[1]
      Request starting HTTP/2 POST http://ilpp/UnityILPP.PostProcessing/PostProcessAssembly - application/grpc -
info: Microsoft.AspNetCore.Routing.EndpointMiddleware[0]
      Executing endpoint 'gRPC - /UnityILPP.PostProcessing/PostProcessAssembly'
info: Unity.ILPP.Runner.PostProcessingPipeline[0]
      Processing assembly Library/Bee/artifacts/1900b0aE.dag/Assembly-CSharp.dll, with 142 defines and 323 references
info: Unity.ILPP.Runner.PostProcessingPipeline[0]
      processors: Unity.Jobs.CodeGen.JobsILPostProcessor, zzzUnity.Burst.CodeGen.BurstILPostProcessor
info: Unity.ILPP.Runner.PostProcessingPipeline[0]
      running Unity.Jobs.CodeGen.JobsILPostProcessor
info: Unity.ILPP.Runner.PostProcessingPipeline[0]
      running zzzUnity.Burst.CodeGen.BurstILPostProcessor
info: Microsoft.AspNetCore.Routing.EndpointMiddleware[1]
      Executed endpoint 'gRPC - /UnityILPP.PostProcessing/PostProcessAssembly'
info: Microsoft.AspNetCore.Hosting.Diagnostics[2]
      Request finished HTTP/2 POST http://ilpp/UnityILPP.PostProcessing/PostProcessAssembly - 200 - application/grpc 22.6366ms
ExitCode: 0 Duration: 0s688ms
[581/727    0s] ILPP-Configuration Library/ilpp-configuration.nevergeneratedoutput
[723/727    0s] Csc Library/Bee/artifacts/1900b0aE.dag/Assembly-CSharp.dll (+2 others)
[724/727    0s] ILPostProcess Library/Bee/artifacts/1900b0aE.dag/post-processed/Assembly-CSharp.dll (+pdb)
Processing assembly Library/Bee/artifacts/1900b0aE.dag/Assembly-CSharp.dll, with 142 defines and 323 references

processors: Unity.Jobs.CodeGen.JobsILPostProcessor, zzzUnity.Burst.CodeGen.BurstILPostProcessor

running Unity.Jobs.CodeGen.JobsILPostProcessor

running zzzUnity.Burst.CodeGen.BurstILPostProcessor
[725/727    0s] CopyFiles Library/ScriptAssemblies/Assembly-CSharp.dll
[726/727    0s] CopyFiles Library/ScriptAssemblies/Assembly-CSharp.pdb
*** Tundra build success (0.64 seconds), 5 items updated, 727 evaluated
Reloading assemblies after finishing script compilation.
Reloading assemblies after forced synchronous recompile.
Begin MonoManager ReloadAssembly
Native extension for WindowsStandalone target not found
[MODES] ModeService[none].Initialize
[MODES] ModeService[none].LoadModes
ScheduleIndexationOnStartup MainProcess:True IndexOnStartup:True
Mono: successfully reloaded assembly
- Finished resetting the current domain, in  3.059 seconds
Domain Reload Profiling: 4983ms
	BeginReloadAssembly (1254ms)
		DisableScriptedObjects (215ms)
		CreateAndSetChildDomain (448ms)
	RebuildCommonClasses (18ms)
	RebuildNativeTypeToScriptingClass (20ms)
	initialDomainReloadingComplete (120ms)
	LoadAllAssembliesAndSetupDomain (509ms)
		LoadAssemblies (233ms)
		AnalyzeDomain (284ms)
			TypeCache.Refresh (10ms)
			BuildScriptInfoCaches (217ms)
			ResolveRequiredComponents (53ms)
	FinalizeReload (3061ms)
		SetupLoadedEditorAssemblies (0ms)
			InitializePlatformSupportModulesInManaged (3ms)
			BeforeProcessingInitializeOnLoad (286ms)
			ProcessInitializeOnLoadAttributes (675ms)
			ProcessInitializeOnLoadMethodAttributes (282ms)
			AfterProcessingInitializeOnLoad (14ms)
		AwakeInstancesAfterBackupRestoration (865ms)

Asset Pipeline Refresh (id=97a9165fad5ebba45a4545d5914227de): Total: 5.362 seconds - Initiated by StopAssetImportingV2(ForceSynchronousImport | ForceDomainReload)
	(Values over 0.05ms)
	Summary:
		Imports: total=0 (actual=0, local cache=0, cache server=0)
		Asset DB Process Time: managed=0 ms, native=3246 ms
		Asset DB Callback time: managed=64 ms, native=1 ms
		Scripting: domain reloads=1, domain reload time=2041 ms, compile time=8 ms, other=0 ms
		Project Asset Count: scripts=980, non-scripts=1925
		Asset File Changes: new=0, changed=0, moved=0, deleted=0
		Scan Filter Count: 0
	InvokePackagesCallback: 6.129ms
	ApplyChangesToAssetFolders: 0.500ms
	Collect global state as custom dependencies: 2.670ms
	ProcessAssetsWithTransientArtifactChanges: 3.266ms
	CategorizeAssets: 50.868ms
	CompileScripts: 8.007ms
	ImportOutOfDateAssets: 3123.799ms (3073.224ms without children)
		CollectScriptTypesHashes: 2.034ms
		ReloadNativeAssets: 1.024ms
		UnloadImportedAssets: 0.513ms
		EnsureUptoDateAssetsAreRegisteredWithGuidPM: 0.749ms
		ImportSchedulerStart: 48.267ms
	PostProcessAllAssets: 64.650ms
		MonoPostProcessAllAssets: 64.644ms
			UniversalRenderPipelineGlobalSettingsPostprocessor.OnPostprocessAllAssets 17.399ms
			SyncVS.PostprocessSyncProject 17.294ms
			AssetChangedListener.OnPostprocessAllAssets 10.138ms
			BuilderAssetPostprocessor.OnPostprocessAllAssets 6.734ms
			AssetPostprocessor.OnPostprocessAllAssets 5.995ms
			SpriteSlicePostprocessor.OnPostprocessAllAssets 4.138ms
			WindowAssetPostprocessingWatcher.OnPostprocessAllAssets 3.796ms
			SpeedTree9Postprocessor.OnPostprocessAllAssets 2.829ms
			ShaderGraphAssetPostProcessor.OnPostprocessAllAssets 2.597ms
			EditModeScopePostprocessor.OnPostprocessAllAssets 2.078ms
			RetainedModeAssetPostprocessor.OnPostprocessAllAssets 1.582ms
			ShaderReflectionAssetPostProcessor.OnPostprocessAllAssets 1.176ms
			ProjectSettingsPostprocessor.OnPostprocessAllAssets 1.065ms
			TMPro_TexturePostProcessor.OnPostprocessAllAssets 1.057ms
			SpriteEditorTexturePostprocessor.OnPostprocessAllAssets 0.972ms
			MaterialPostprocessor.OnPostprocessAllAssets 0.959ms
			ArtifactBrowserPostProcessor.OnPostprocessAllAssets 0.860ms
			PostProcessor.OnPostprocessAllAssets 0.849ms
			SampleDependencyImporterPostProcessor.OnPostprocessAllAssets 0.544ms
			ReferencedClipsPostProcessor.OnPostprocessAllAssets 0.529ms
			InputActionJsonNameModifierAssetProcessor.OnPostprocessAllAssets 0.506ms
			AudioMixerPostprocessor.OnPostprocessAllAssets 0.505ms
			TextAssetPostProcessor.OnPostprocessAllAssets 0.475ms
			StyleCatalogPostProcessor.OnPostprocessAllAssets 0.452ms
			InputActionAssetPostprocessor.OnPostprocessAllAssets 0.409ms
			ConfigAssetsTracker.OnPostprocessAllAssets 0.400ms
			SamplePostprocessor.OnPostprocessAllAssets 0.311ms
			ScenarioDriftAssetsTracker.OnPostprocessAllAssets 0.307ms
			AssetEvents.OnPostprocessAllAssets 0.292ms
			SpeedTreePostProcessor.OnPostprocessAllAssets 0.234ms
			AssetDatabaseCallbacks.OnPostprocessAllAssets 0.232ms
			TerrainToolbarOverlayPostProcessor.OnPostprocessAllAssets 0.185ms
			RenderPipelineGlobalSettingsPostprocessor.OnPostprocessAllAssets 0.143ms
			AudioContainerPostProcessor.OnPostprocessAllAssets 0.127ms
			AssetProcessor.OnPostprocessAllAssets 0.111ms
	GatherAllCurrentPrimaryImportResultRevisions: 0.165ms
	PersistCurrentRevisions: 0.177ms
	GenerateScriptTypeHashes: 3.418ms
	GenerateScriptTypeSerializationHashes: 6.112ms
	Untracked: 2088.653ms

[Licensing::Client] Successfully resolved entitlement details
[Licensing::Client] Successfully resolved entitlement details
Asset Pipeline Refresh (id=f2f4dc04c7ef3354f8a9af338510d1ad): Total: 0.018 seconds - Initiated by RefreshV2(AllowForceSynchronousImport)
Asset Pipeline Refresh (id=7993c36425ebeff4eaf34f6e0cc6a985): Total: 0.010 seconds - Initiated by RefreshV2(NoUpdateAssetOptions)
SpriteAtlasPacking completed in 0.014187 sec
Reloading assemblies for play mode.
Reloading assemblies after forced synchronous recompile.
Begin MonoManager ReloadAssembly
Native extension for WindowsStandalone target not found
ScheduleIndexationOnStartup MainProcess:True IndexOnStartup:True
[MODES] ModeService[none].Initialize
[MODES] ModeService[none].LoadModes
Mono: successfully reloaded assembly
- Finished resetting the current domain, in  1.787 seconds
Domain Reload Profiling: 2788ms
	BeginReloadAssembly (744ms)
		DisableScriptedObjects (169ms)
		CreateAndSetChildDomain (351ms)
	RebuildCommonClasses (10ms)
	RebuildNativeTypeToScriptingClass (16ms)
	initialDomainReloadingComplete (64ms)
	LoadAllAssembliesAndSetupDomain (167ms)
		LoadAssemblies (141ms)
		AnalyzeDomain (31ms)
			TypeCache.Refresh (5ms)
			ResolveRequiredComponents (23ms)
	FinalizeReload (1788ms)
		SetupLoadedEditorAssemblies (0ms)
			BeforeProcessingInitializeOnLoad (95ms)
			ProcessInitializeOnLoadAttributes (400ms)
			ProcessInitializeOnLoadMethodAttributes (197ms)
			AfterProcessingInitializeOnLoad (11ms)
		AwakeInstancesAfterBackupRestoration (603ms)

Asset Pipeline Refresh (id=7c9b5d474e3f1fc41a2196fbe0edf1a9): Total: 3.023 seconds - Initiated by StopAssetImportingV2(ForceSynchronousImport | ForceDomainReload)
	(Values over 0.05ms)
	Summary:
		Imports: total=0 (actual=0, local cache=0, cache server=0)
		Asset DB Process Time: managed=0 ms, native=1909 ms
		Asset DB Callback time: managed=50 ms, native=0 ms
		Scripting: domain reloads=1, domain reload time=1059 ms, compile time=3 ms, other=0 ms
		Project Asset Count: scripts=980, non-scripts=1925
		Asset File Changes: new=0, changed=0, moved=0, deleted=0
		Scan Filter Count: 0
	InvokePackagesCallback: 2.911ms
	ApplyChangesToAssetFolders: 0.369ms
	Collect global state as custom dependencies: 1.397ms
	ProcessAssetsWithTransientArtifactChanges: 0.097ms
	CategorizeAssets: 33.104ms
	CompileScripts: 3.060ms
	ImportOutOfDateAssets: 1832.312ms (1794.906ms without children)
		CollectScriptTypesHashes: 0.876ms
		ReloadNativeAssets: 0.859ms
		UnloadImportedAssets: 0.171ms
		EnsureUptoDateAssetsAreRegisteredWithGuidPM: 0.407ms
		ImportSchedulerStart: 35.952ms
	PostProcessAllAssets: 50.378ms
		MonoPostProcessAllAssets: 50.372ms
			UniversalRenderPipelineGlobalSettingsPostprocessor.OnPostprocessAllAssets 12.320ms
			SyncVS.PostprocessSyncProject 11.224ms
			AssetChangedListener.OnPostprocessAllAssets 10.138ms
			BuilderAssetPostprocessor.OnPostprocessAllAssets 6.734ms
			AssetPostprocessor.OnPostprocessAllAssets 5.995ms
			SpriteSlicePostprocessor.OnPostprocessAllAssets 4.138ms
			WindowAssetPostprocessingWatcher.OnPostprocessAllAssets 3.688ms
			ShaderGraphAssetPostProcessor.OnPostprocessAllAssets 2.597ms
			SpeedTree9Postprocessor.OnPostprocessAllAssets 2.185ms
			RetainedModeAssetPostprocessor.OnPostprocessAllAssets 1.582ms
			TMPro_TexturePostProcessor.OnPostprocessAllAssets 1.057ms
			SpriteEditorTexturePostprocessor.OnPostprocessAllAssets 0.972ms
			MaterialPostprocessor.OnPostprocessAllAssets 0.959ms
			ProjectSettingsPostprocessor.OnPostprocessAllAssets 0.932ms
			ArtifactBrowserPostProcessor.OnPostprocessAllAssets 0.860ms
			PostProcessor.OnPostprocessAllAssets 0.849ms
			ReferencedClipsPostProcessor.OnPostprocessAllAssets 0.687ms
			SampleDependencyImporterPostProcessor.OnPostprocessAllAssets 0.544ms
			InputActionJsonNameModifierAssetProcessor.OnPostprocessAllAssets 0.506ms
			AudioMixerPostprocessor.OnPostprocessAllAssets 0.505ms
			InputActionAssetPostprocessor.OnPostprocessAllAssets 0.483ms
			TextAssetPostProcessor.OnPostprocessAllAssets 0.475ms
			StyleCatalogPostProcessor.OnPostprocessAllAssets 0.452ms
			EditModeScopePostprocessor.OnPostprocessAllAssets 0.418ms
			ConfigAssetsTracker.OnPostprocessAllAssets 0.400ms
			ShaderReflectionAssetPostProcessor.OnPostprocessAllAssets 0.351ms
			AssetDatabaseCallbacks.OnPostprocessAllAssets 0.325ms
			SamplePostprocessor.OnPostprocessAllAssets 0.311ms
			ScenarioDriftAssetsTracker.OnPostprocessAllAssets 0.307ms
			AssetEvents.OnPostprocessAllAssets 0.292ms
			SpeedTreePostProcessor.OnPostprocessAllAssets 0.234ms
			TerrainToolbarOverlayPostProcessor.OnPostprocessAllAssets 0.233ms
			RenderPipelineGlobalSettingsPostprocessor.OnPostprocessAllAssets 0.164ms
			AudioContainerPostProcessor.OnPostprocessAllAssets 0.127ms
			AssetProcessor.OnPostprocessAllAssets 0.111ms
	GatherAllCurrentPrimaryImportResultRevisions: 0.151ms
	UnloadStreamsBegin: 0.061ms
	PersistCurrentRevisions: 0.212ms
	GenerateScriptTypeHashes: 2.274ms
	GenerateScriptTypeSerializationHashes: 3.958ms
	Untracked: 1089.478ms

LightingSettings: switching bake backend from 2 to 1.
Loaded scene 'Temp/__Backupscenes/0.backup'
	Deserialize:            2.313 ms
	Integration:            246.763 ms
	Integration of assets:  0.004 ms
	Thread Wait Time:       0.074 ms
	Total Operation Time:   249.155 ms
[Licensing::Client] Successfully resolved entitlement details
[Licensing::Client] Successfully resolved entitlement details
LightingSettings: switching bake backend from 2 to 1.
Unloading 4 Unused Serialized files (Serialized files now loaded: 0)
Loaded scene 'Temp/__Backupscenes/0.backup'
	Deserialize:            0.959 ms
	Integration:            141.184 ms
	Integration of assets:  0.002 ms
	Thread Wait Time:       0.019 ms
	Total Operation Time:   142.164 ms
Unloading 19 unused Assets / (331.6 KB). Loaded Objects now: 6413.
Memory consumption went from 0.71 GB to 0.71 GB.
Total: 13.099800 ms (FindLiveObjects: 0.351800 ms CreateObjectMapping: 0.815500 ms MarkObjects: 11.866500 ms  DeleteObjects: 0.064500 ms)

[Licensing::Client] Successfully resolved entitlement details
