[Licensing::Module] Trying to connect to existing licensing client channel...
Built from '6000.5/staging' branch; Version is '6000.5.8f1 (5cb7df797b7d) revision 6076383'; Using compiler version '194234433'; Build Type 'Release'
[Licensing::IpcConnector] Successfully connected to: "LicenseClient-krank" at "2026-09-08T13:19:26.002134Z"
OS: 'Windows 11  (10.0.26220) Professional' Language: 'en' Physical Memory: 65165 MB
BatchMode: 0, IsHumanControllingUs: 1, StartBugReporterOnCrash: 1, Is64bit: 1
System  architecture: x64
Process architecture: x64
Date: 2026-09-08T13:19:26Z
[Licensing::Client] Code 10 while verifying Licensing Client signature (process Id: 37992, path: "C:/Program Files/Unity Hub/UnityLicensingClient_V1/Unity.Licensing.Client.exe")
[Licensing::Module] LicensingClient has failed validation; ignoring
[Licensing::Client] Handshaking with LicensingClient:
  Version:                 1.18.3+d7ffd15
  Session Id:              e81bacdc291848c5b50a1e8fc7d32c61
  Correlation Id:          1174662959654b0b3a5ea46c19847e55
  External correlation Id: 2867061075091221442
  Machine Id:              tZrLmtu1YNEJ3A39E52V3q1A25E=
[Licensing::Module] Successfully connected to LicensingClient on channel: "LicenseClient-krank" (connect: 0.00s, validation: 0.00s, handshake: 0.05s)
[Licensing::IpcConnector] Successfully connected to: "LicenseClient-krank-notifications" at "2026-09-08T13:19:26.0521238Z"
[Licensing::Client] Successfully updated the access token
[Licensing::Module] Successfully updated the access token Ku2xnMCGTB...
[Licensing::Client] Successfully resolved entitlement details
[Licensing::Module] License group:
  Id: 1782019-UnityPersXXXX
  Product: Unity Personal
  Type: Assigned
  Expiration: Unlimited
[Licensing::Client] Successfully updated license, isAsync: True, time: 0.01
[Licensing::Client] Successfully resolved entitlement details
[Licensing::Module] Licensing Background thread has ended after 0.07s

COMMAND LINE ARGUMENTS:
C:\Program Files\Unity\Hub\Editor\6000.5.8f1\Editor\Unity.exe
-projectpath
C:\DEV\NTI\2026-2027 Programmering\TIA 2dshooter
-acceptSoftwareTermsForThisRunOnly
-useHub
-hubIPC
-cloudEnvironment
production
-licensingIpc
LicenseClient-krank
-hubSessionId
1fb08291-53f9-4cfd-8041-7d20f47aa6c3
-accessToken
Ku2xnMCGTBcIsWHfNv9o0WhTNYMZEuRPG8No6zyJE18005f
Successfully changed project path to: C:\DEV\NTI\2026-2027 Programmering\TIA 2dshooter
C:/DEV/NTI/2026-2027 Programmering/TIA 2dshooter
[UnityMemory] Configuration Parameters - Can be set up in boot.config
    "memorysetup-temp-allocator-size-gi-baking-worker=262144"
    "memorysetup-temp-allocator-size-gi-baking-worker=262144"
    "memorysetup-temp-allocator-size-gi-baking-worker=262144"
    "memorysetup-temp-allocator-size-gi-baking-worker=262144"
    "memorysetup-temp-allocator-size-gi-baking-worker=262144"
    "memorysetup-temp-allocator-size-nav-mesh-worker=65536"
    "memorysetup-temp-allocator-size-audio-worker=65536"
    "memorysetup-temp-allocator-size-cloud-worker=32768"
    "memorysetup-temp-allocator-size-gfx=262144"
    "memorysetup-temp-allocator-size-preload-manager=33554432"
    "memorysetup-allocator-temp-initial-block-size-main=262144"
    "memorysetup-allocator-temp-initial-block-size-worker=262144"
    "memorysetup-temp-allocator-size-job-worker=262144"
    "memorysetup-temp-allocator-size-background-worker=32768"
    "memorysetup-bucket-allocator-granularity=16"
    "memorysetup-bucket-allocator-bucket-count=8"
    "memorysetup-bucket-allocator-block-size=33554432"
    "memorysetup-bucket-allocator-block-count=8"
    "memorysetup-main-allocator-block-size=16777216"
    "memorysetup-thread-allocator-block-size=16777216"
    "memorysetup-main-allocator-mimalloc-enabled=0"
    "memorysetup-gfx-main-allocator-block-size=16777216"
    "memorysetup-gfx-thread-allocator-block-size=16777216"
    "memorysetup-cache-allocator-block-size=4194304"
    "memorysetup-typetree-allocator-block-size=2097152"
    "memorysetup-profiler-bucket-allocator-granularity=16"
    "memorysetup-profiler-bucket-allocator-bucket-count=8"
    "memorysetup-profiler-bucket-allocator-block-size=33554432"
    "memorysetup-profiler-bucket-allocator-block-count=8"
    "memorysetup-profiler-allocator-block-size=16777216"
    "memorysetup-profiler-editor-allocator-block-size=1048576"
    "memorysetup-temp-allocator-size-main=16777216"
    "memorysetup-job-temp-allocator-block-size=2097152"
    "memorysetup-job-temp-allocator-block-size-background=1048576"
    "memorysetup-job-temp-allocator-reduction-small-platforms=262144"
Player connection [35068]  Target information:

Player connection [35068]  * "[IP] 172.26.144.1 [Port] 55504 [Flags] 2 [Guid] 998143068 [EditorId] 998143068 [Version] 1048832 [Id] WindowsEditor(7,Monster) [Debug] 1 [PackageName] WindowsEditor [ProjectName] Editor" 

Player connection [35068]  * "[IP] 10.131.168.44 [Port] 55504 [Flags] 2 [Guid] 998143068 [EditorId] 998143068 [Version] 1048832 [Id] WindowsEditor(7,Monster) [Debug] 1 [PackageName] WindowsEditor [ProjectName] Editor" 

Player connection [35068] Host joined multi-casting on [225.0.0.222:54997]...
Player connection [35068] Host joined alternative multi-casting on [225.0.0.222:34997]...
Input System module state changed to: Initialized.
[Physics::Module] Initialized fallback backend.
[Physics::Module] Id: 0xdecafbad
[Package Manager] Connected to IPC stream "Upm-30248" after 0.2 seconds.
[Licensing::Client] Successfully resolved entitlement details
Library Redirect Path: Library/
[Physics::Module] Selected backend.
[Physics::Module] Name: PhysX
[Physics::Module] Id: 0xf2b8ea05
[Physics::Module] SDK Version: 4.1.2
[Physics::Module] Integration Version: 1.0.0
[Physics::Module] Threading Mode: Multi-Threaded
Initialize engine version: 6000.5.8f1 (5cb7df797b7d)
[Subsystems] Discovering subsystems at path C:/Program Files/Unity/Hub/Editor/6000.5.8f1/Editor/Data/Resources/UnitySubsystems
[Subsystems] Discovering subsystems at path C:/DEV/NTI/2026-2027 Programmering/TIA 2dshooter/Assets
GfxDevice: creating device client; kGfxThreadingModeThreaded
Direct3D:
    Version:  Direct3D 11.0 [level 11.1]
    Renderer: NVIDIA GeForce RTX 4050 Laptop GPU (ID=0x28e1)
    Vendor:   NVIDIA
    VRAM:     5920 MB
    Driver:   32.0.16.1664
Initialize mono
Mono path[0] = 'C:/Program Files/Unity/Hub/Editor/6000.5.8f1/Editor/Data/Managed'
Mono path[1] = 'C:/Program Files/Unity/Hub/Editor/6000.5.8f1/Editor/Data/BCLExtensions/runtime/netstandard2.1'
Mono path[2] = 'C:/Program Files/Unity/Hub/Editor/6000.5.8f1/Editor/Data/MonoBleedingEdge/lib/mono/unityjit-win32'
Mono config path = 'C:/Program Files/Unity/Hub/Editor/6000.5.8f1/Editor/Data/MonoBleedingEdge/etc'
Using monoOptions --debugger-agent=transport=dt_socket,embedding=1,server=y,suspend=n,address=127.0.0.1:56248
CodeReloadManager initialized
ImportWorker Server TCP listen port: 0
AcceleratorClientConnectionCallback - disconnected - :0
Begin MonoManager ReloadAssembly
Registering precompiled unity dll's ...
Register platform support module: C:/Program Files/Unity/Hub/Editor/6000.5.8f1/Editor/Data/PlaybackEngines/WindowsStandaloneSupport/UnityEditor.WindowsStandalone.Extensions.dll
Registered in 0.753918 seconds.
Native extension for WindowsStandalone target not found
Package Manager log level set to [2]
ScheduleIndexationOnStartup MainProcess:False IndexOnStartup:True
Mono: successfully reloaded assembly
- Finished resetting the current domain, in  0.615 seconds
Domain Reload Profiling: 6583ms
	BeginReloadAssembly (541ms)
		CreateAndSetChildDomain (5ms)
	RebuildCommonClasses (4ms)
	RebuildNativeTypeToScriptingClass (534ms)
	initialDomainReloadingComplete (1178ms)
	LoadAllAssembliesAndSetupDomain (3709ms)
		LoadAssemblies (530ms)
		AnalyzeDomain (3634ms)
			TypeCache.Refresh (3633ms)
				TypeCache.ScanAssembly (2923ms)
	FinalizeReload (616ms)
		SetupLoadedEditorAssemblies (0ms)
			BeforeProcessingInitializeOnLoad (79ms)
			ProcessInitializeOnLoadAttributes (121ms)
			ProcessInitializeOnLoadMethodAttributes (358ms)
[Licensing::Client] Successfully resolved entitlement details
Application.AssetDatabase Initial Refresh Start
[Package Manager] Restoring resolved packages state from cache
[Licensing::Client] Successfully resolved entitlement details
[Package Manager] Registered 54 packages:
  Packages from [https://packages.unity.com]:
    com.unity.ide.visualstudio@2.0.26 (location: C:\DEV\NTI\2026-2027 Programmering\TIA 2dshooter\Library\PackageCache\com.unity.ide.visualstudio@a99d56dec63f)
    com.unity.inputsystem@1.20.0 (location: C:\DEV\NTI\2026-2027 Programmering\TIA 2dshooter\Library\PackageCache\com.unity.inputsystem@7a4e1a2a8194)
    com.unity.timeline@1.8.12 (location: C:\DEV\NTI\2026-2027 Programmering\TIA 2dshooter\Library\PackageCache\com.unity.timeline@8cd8509afae5)
    com.unity.searcher@4.9.5 (location: C:\DEV\NTI\2026-2027 Programmering\TIA 2dshooter\Library\PackageCache\com.unity.searcher@a463122f2c00)
    com.unity.burst@1.8.30 (location: C:\DEV\NTI\2026-2027 Programmering\TIA 2dshooter\Library\PackageCache\com.unity.burst@2f3d916873ea)
    com.unity.nuget.mono-cecil@1.11.6 (location: C:\DEV\NTI\2026-2027 Programmering\TIA 2dshooter\Library\PackageCache\com.unity.nuget.mono-cecil@ecb9724e46ff)
    com.unity.test-framework.performance@3.5.0 (location: C:\DEV\NTI\2026-2027 Programmering\TIA 2dshooter\Library\PackageCache\com.unity.test-framework.performance@8b56083ec0f0)
  Built-in packages:
    com.unity.2d.sprite@1.0.0 (location: C:\DEV\NTI\2026-2027 Programmering\TIA 2dshooter\Library\PackageCache\com.unity.2d.sprite@053a968eab56)
    com.unity.2d.tilemap@1.0.0 (location: C:\DEV\NTI\2026-2027 Programmering\TIA 2dshooter\Library\PackageCache\com.unity.2d.tilemap@b959501fd678)
    com.unity.render-pipelines.universal@17.5.0 (location: C:\DEV\NTI\2026-2027 Programmering\TIA 2dshooter\Library\PackageCache\com.unity.render-pipelines.universal@73b4c4ff130e)
    com.unity.test-framework@1.7.0 (location: C:\DEV\NTI\2026-2027 Programmering\TIA 2dshooter\Library\PackageCache\com.unity.test-framework@1405238725ab)
    com.unity.ugui@2.5.0 (location: C:\DEV\NTI\2026-2027 Programmering\TIA 2dshooter\Library\PackageCache\com.unity.ugui@1c4864518158)
    com.unity.modules.accessibility@1.0.0 (location: C:\DEV\NTI\2026-2027 Programmering\TIA 2dshooter\Library\PackageCache\com.unity.modules.accessibility)
    com.unity.modules.adaptiveperformance@1.0.0 (location: C:\DEV\NTI\2026-2027 Programmering\TIA 2dshooter\Library\PackageCache\com.unity.modules.adaptiveperformance)
    com.unity.modules.ai@1.0.0 (location: C:\DEV\NTI\2026-2027 Programmering\TIA 2dshooter\Library\PackageCache\com.unity.modules.ai)
    com.unity.modules.androidjni@1.0.0 (location: C:\DEV\NTI\2026-2027 Programmering\TIA 2dshooter\Library\PackageCache\com.unity.modules.androidjni)
    com.unity.modules.animation@1.0.0 (location: C:\DEV\NTI\2026-2027 Programmering\TIA 2dshooter\Library\PackageCache\com.unity.modules.animation)
    com.unity.modules.assetbundle@1.0.0 (location: C:\DEV\NTI\2026-2027 Programmering\TIA 2dshooter\Library\PackageCache\com.unity.modules.assetbundle)
    com.unity.modules.audio@1.0.0 (location: C:\DEV\NTI\2026-2027 Programmering\TIA 2dshooter\Library\PackageCache\com.unity.modules.audio)
    com.unity.modules.cloth@1.0.0 (location: C:\DEV\NTI\2026-2027 Programmering\TIA 2dshooter\Library\PackageCache\com.unity.modules.cloth)
    com.unity.modules.director@1.0.0 (location: C:\DEV\NTI\2026-2027 Programmering\TIA 2dshooter\Library\PackageCache\com.unity.modules.director)
    com.unity.modules.imageconversion@1.0.0 (location: C:\DEV\NTI\2026-2027 Programmering\TIA 2dshooter\Library\PackageCache\com.unity.modules.imageconversion)
    com.unity.modules.imgui@1.0.0 (location: C:\DEV\NTI\2026-2027 Programmering\TIA 2dshooter\Library\PackageCache\com.unity.modules.imgui)
    com.unity.modules.jsonserialize@1.0.0 (location: C:\DEV\NTI\2026-2027 Programmering\TIA 2dshooter\Library\PackageCache\com.unity.modules.jsonserialize)
    com.unity.modules.particlesystem@1.0.0 (location: C:\DEV\NTI\2026-2027 Programmering\TIA 2dshooter\Library\PackageCache\com.unity.modules.particlesystem)
    com.unity.modules.physics@1.0.0 (location: C:\DEV\NTI\2026-2027 Programmering\TIA 2dshooter\Library\PackageCache\com.unity.modules.physics)
    com.unity.modules.physics2d@1.0.0 (location: C:\DEV\NTI\2026-2027 Programmering\TIA 2dshooter\Library\PackageCache\com.unity.modules.physics2d)
    com.unity.modules.physicscore2d@1.0.0 (location: C:\DEV\NTI\2026-2027 Programmering\TIA 2dshooter\Library\PackageCache\com.unity.modules.physicscore2d)
    com.unity.modules.screencapture@1.0.0 (location: C:\DEV\NTI\2026-2027 Programmering\TIA 2dshooter\Library\PackageCache\com.unity.modules.screencapture)
    com.unity.modules.terrain@1.0.0 (location: C:\DEV\NTI\2026-2027 Programmering\TIA 2dshooter\Library\PackageCache\com.unity.modules.terrain)
    com.unity.modules.terrainphysics@1.0.0 (location: C:\DEV\NTI\2026-2027 Programmering\TIA 2dshooter\Library\PackageCache\com.unity.modules.terrainphysics)
    com.unity.modules.tilemap@1.0.0 (location: C:\DEV\NTI\2026-2027 Programmering\TIA 2dshooter\Library\PackageCache\com.unity.modules.tilemap)
    com.unity.modules.ui@1.0.0 (location: C:\DEV\NTI\2026-2027 Programmering\TIA 2dshooter\Library\PackageCache\com.unity.modules.ui)
    com.unity.modules.uielements@1.0.0 (location: C:\DEV\NTI\2026-2027 Programmering\TIA 2dshooter\Library\PackageCache\com.unity.modules.uielements)
    com.unity.modules.umbra@1.0.0 (location: C:\DEV\NTI\2026-2027 Programmering\TIA 2dshooter\Library\PackageCache\com.unity.modules.umbra)
    com.unity.modules.unityanalytics@1.0.0 (location: C:\DEV\NTI\2026-2027 Programmering\TIA 2dshooter\Library\PackageCache\com.unity.modules.unityanalytics)
    com.unity.modules.unitywebrequest@1.0.0 (location: C:\DEV\NTI\2026-2027 Programmering\TIA 2dshooter\Library\PackageCache\com.unity.modules.unitywebrequest)
    com.unity.modules.unitywebrequestassetbundle@1.0.0 (location: C:\DEV\NTI\2026-2027 Programmering\TIA 2dshooter\Library\PackageCache\com.unity.modules.unitywebrequestassetbundle)
    com.unity.modules.unitywebrequestaudio@1.0.0 (location: C:\DEV\NTI\2026-2027 Programmering\TIA 2dshooter\Library\PackageCache\com.unity.modules.unitywebrequestaudio)
    com.unity.modules.unitywebrequesttexture@1.0.0 (location: C:\DEV\NTI\2026-2027 Programmering\TIA 2dshooter\Library\PackageCache\com.unity.modules.unitywebrequesttexture)
    com.unity.modules.unitywebrequestwww@1.0.0 (location: C:\DEV\NTI\2026-2027 Programmering\TIA 2dshooter\Library\PackageCache\com.unity.modules.unitywebrequestwww)
    com.unity.modules.vectorgraphics@1.0.0 (location: C:\DEV\NTI\2026-2027 Programmering\TIA 2dshooter\Library\PackageCache\com.unity.modules.vectorgraphics)
    com.unity.modules.vehicles@1.0.0 (location: C:\DEV\NTI\2026-2027 Programmering\TIA 2dshooter\Library\PackageCache\com.unity.modules.vehicles)
    com.unity.modules.video@1.0.0 (location: C:\DEV\NTI\2026-2027 Programmering\TIA 2dshooter\Library\PackageCache\com.unity.modules.video)
    com.unity.modules.wind@1.0.0 (location: C:\DEV\NTI\2026-2027 Programmering\TIA 2dshooter\Library\PackageCache\com.unity.modules.wind)
    com.unity.modules.xr@1.0.0 (location: C:\DEV\NTI\2026-2027 Programmering\TIA 2dshooter\Library\PackageCache\com.unity.modules.xr)
    com.unity.modules.subsystems@1.0.0 (location: C:\DEV\NTI\2026-2027 Programmering\TIA 2dshooter\Library\PackageCache\com.unity.modules.subsystems)
    com.unity.modules.hierarchycore@1.0.0 (location: C:\DEV\NTI\2026-2027 Programmering\TIA 2dshooter\Library\PackageCache\com.unity.modules.hierarchycore)
    com.unity.ext.nunit@2.1.0 (location: C:\DEV\NTI\2026-2027 Programmering\TIA 2dshooter\Library\PackageCache\com.unity.ext.nunit@44f7d31723bd)
    com.unity.render-pipelines.core@17.5.0 (location: C:\DEV\NTI\2026-2027 Programmering\TIA 2dshooter\Library\PackageCache\com.unity.render-pipelines.core@a4c9a9793789)
    com.unity.shadergraph@17.5.0 (location: C:\DEV\NTI\2026-2027 Programmering\TIA 2dshooter\Library\PackageCache\com.unity.shadergraph@8d7376ec43ee)
    com.unity.render-pipelines.universal-config@17.5.0 (location: C:\DEV\NTI\2026-2027 Programmering\TIA 2dshooter\Library\PackageCache\com.unity.render-pipelines.universal-config@fdda01c80fe3)
    com.unity.collections@6.5.0 (location: C:\DEV\NTI\2026-2027 Programmering\TIA 2dshooter\Library\PackageCache\com.unity.collections@ec2c217e4cb2)
    com.unity.mathematics@1.4.0 (location: C:\DEV\NTI\2026-2027 Programmering\TIA 2dshooter\Library\PackageCache\com.unity.mathematics@981956d94fb6)
[Subsystems] No new subsystems found in resolved package list.
[Package Manager] Done registering packages in 0.03 seconds
info: Microsoft.Hosting.Lifetime[14]
      Now listening on: http://localhost:80
info: Microsoft.Hosting.Lifetime[0]
      Application started. Press Ctrl+C to shut down.
info: Microsoft.Hosting.Lifetime[0]
      Hosting environment: Production
info: Microsoft.Hosting.Lifetime[0]
      Content root path: C:\DEV\NTI\2026-2027 Programmering\TIA 2dshooter
info: Microsoft.AspNetCore.Hosting.Diagnostics[1]
      Request starting HTTP/2 POST http://ilpp/UnityILPP.PostProcessing/Ping - application/grpc -
info: Microsoft.AspNetCore.Routing.EndpointMiddleware[0]
      Executing endpoint 'gRPC - /UnityILPP.PostProcessing/Ping'
info: Microsoft.AspNetCore.Routing.EndpointMiddleware[1]
      Executed endpoint 'gRPC - /UnityILPP.PostProcessing/Ping'
info: Microsoft.AspNetCore.Hosting.Diagnostics[2]
      Request finished HTTP/2 POST http://ilpp/UnityILPP.PostProcessing/Ping - 200 - application/grpc 24.5527ms
Starting: C:\Program Files\Unity\Hub\Editor\6000.5.8f1\Editor\Data\Tools\BuildPipeline\bee_backend.exe --ipc --defer-dag-verification --dagfile="Library/Bee/1900b0aE.dag" --continue-on-failure --profile="Library/Bee/backend1.traceevents" ScriptAssemblies
WorkingDir: C:/DEV/NTI/2026-2027 Programmering/TIA 2dshooter
info: Microsoft.AspNetCore.Hosting.Diagnostics[1]
      Request starting HTTP/2 POST http://ilpp/UnityILPP.PostProcessing/ConfigurePostProcessors - application/grpc -
info: Microsoft.AspNetCore.Routing.EndpointMiddleware[0]
      Executing endpoint 'gRPC - /UnityILPP.PostProcessing/ConfigurePostProcessors'
warn: Unity.ILPP.Runner.PostProcessingAssemblyLoadContext[0]
      Assembly system.runtime.interopservices.windowsruntime has duplicate hint path. Ignoring "C:\Program Files\Unity\Hub\Editor\6000.5.8f1\Editor\Data\UnityReferenceAssemblies\unity-4.8-api\Facades\System.Runtime.InteropServices.WindowsRuntime.dll" in favor of "C:\Program Files\Unity\Hub\Editor\6000.5.8f1\Editor\Data\NetStandard\Extensions\2.0.0\System.Runtime.InteropServices.WindowsRuntime.dll"
warn: Unity.ILPP.Runner.PostProcessingAssemblyLoadContext[0]
      Assembly system.componentmodel.composition has duplicate hint path. Ignoring "C:\Program Files\Unity\Hub\Editor\6000.5.8f1\Editor\Data\UnityReferenceAssemblies\unity-4.8-api\System.ComponentModel.Composition.dll" in favor of "C:\Program Files\Unity\Hub\Editor\6000.5.8f1\Editor\Data\NetStandard\compat\2.1.0\shims\netfx\System.ComponentModel.Composition.dll"
info: Unity.ILPP.Runner.PostProcessingAssemblyLoadContext[0]
      Resolved Unity.Burst.Cecil, Version=0.11.6.0, Culture=neutral, PublicKeyToken=50cebf1cceb9d05e with Library\PackageCache\com.unity.burst@2f3d916873ea\Unity.Burst.CodeGen\Unity.Burst.Cecil.dll
info: Unity.ILPP.Runner.PostProcessingAssemblyLoadContext[0]
      Resolved Mono.Cecil, Version=0.11.5.0, Culture=neutral, PublicKeyToken=50cebf1cceb9d05e with Library\PackageCache\com.unity.nuget.mono-cecil@ecb9724e46ff\Mono.Cecil.dll
info: Microsoft.AspNetCore.Routing.EndpointMiddleware[1]
      Executed endpoint 'gRPC - /UnityILPP.PostProcessing/ConfigurePostProcessors'
info: Microsoft.AspNetCore.Hosting.Diagnostics[2]
      Request finished HTTP/2 POST http://ilpp/UnityILPP.PostProcessing/ConfigurePostProcessors - 200 - application/grpc 790.1809ms
ExitCode: 0 Duration: 1s116ms
[582/727    0s] ILPP-Configuration Library/ilpp-configuration.nevergeneratedoutput
*** Tundra build success (1.08 seconds), 1 items updated, 727 evaluated
AssetDatabase: script compilation time: 2.042912s
Begin MonoManager ReloadAssembly
Refreshing native plugins compatible for Editor in 9.02 ms, found 0 plugins.
Native extension for WindowsStandalone target not found
ScheduleIndexationOnStartup MainProcess:True IndexOnStartup:True
Mono: successfully reloaded assembly
- Finished resetting the current domain, in  2.844 seconds
Domain Reload Profiling: 5253ms
	BeginReloadAssembly (343ms)
		DisableScriptedObjects (41ms)
		CreateAndSetChildDomain (159ms)
	RebuildCommonClasses (8ms)
	RebuildNativeTypeToScriptingClass (14ms)
	initialDomainReloadingComplete (52ms)
	LoadAllAssembliesAndSetupDomain (1991ms)
		LoadAssemblies (1840ms)
		AnalyzeDomain (144ms)
			TypeCache.Refresh (95ms)
				TypeCache.ScanAssembly (87ms)
			BuildScriptInfoCaches (41ms)
			ResolveRequiredComponents (7ms)
	FinalizeReload (2845ms)
		SetupLoadedEditorAssemblies (0ms)
			BeforeProcessingInitializeOnLoad (83ms)
			ProcessInitializeOnLoadAttributes (2373ms)
			ProcessInitializeOnLoadMethodAttributes (163ms)
			AfterProcessingInitializeOnLoad (8ms)
		AwakeInstancesAfterBackupRestoration (30ms)
Starting new worker id: 0 with log in C:/DEV/NTI/2026-2027 Programmering/TIA 2dshooter/Logs/AssetImportWorkerHW0.log

Asset Pipeline Refresh (id=b0aa98c2fd733974889a4cad00cceecb): Total: 18.923 seconds - Initiated by InitialRefreshV2(ForceSynchronousImport)
	(Values over 0.05ms)
	Summary:
		Imports: total=0 (actual=0, local cache=0, cache server=0)
		Asset DB Process Time: managed=0 ms, native=13450 ms
		Asset DB Callback time: managed=871 ms, native=48 ms
		Scripting: domain reloads=1, domain reload time=2459 ms, compile time=2046 ms, other=47 ms
		Project Asset Count: scripts=980, non-scripts=1925
		Asset File Changes: new=0, changed=0, moved=0, deleted=0
		Scan Filter Count: 0
	InvokePackagesCallback: 50.418ms
	ApplyChangesToAssetFolders: 1.384ms
	Scan: 290.240ms
	Collect global state as custom dependencies: 7.269ms
	CategorizeScriptCompilationAssets: 660.665ms
	ProcessAssetsWithTransientArtifactChanges: 44.157ms
	CategorizeAssets: 39.599ms
	CompileScripts: 2045.531ms
	ImportOutOfDateAssets: 2902.059ms (2862.415ms without children)
		UnloadImportedAssets: 0.127ms
		EnsureUptoDateAssetsAreRegisteredWithGuidPM: 0.341ms
		ImportSchedulerStart: 39.172ms
	PostProcessAllAssets: 871.929ms
		MonoPostProcessAllAssets: 871.884ms
			UniversalRenderPipelineGlobalSettingsPostprocessor.OnPostprocessAllAssets 805.887ms
			SyncVS.PostprocessSyncProject 39.370ms
			SpeedTree9Postprocessor.OnPostprocessAllAssets 3.738ms
			WindowAssetPostprocessingWatcher.OnPostprocessAllAssets 2.248ms
			EditModeScopePostprocessor.OnPostprocessAllAssets 0.904ms
			InputActionAssetPostprocessor.OnPostprocessAllAssets 0.411ms
			TerrainToolbarOverlayPostProcessor.OnPostprocessAllAssets 0.379ms
			ShaderReflectionAssetPostProcessor.OnPostprocessAllAssets 0.332ms
			ReferencedClipsPostProcessor.OnPostprocessAllAssets 0.272ms
			ProjectSettingsPostprocessor.OnPostprocessAllAssets 0.258ms
			AssetDatabaseCallbacks.OnPostprocessAllAssets 0.174ms
			RenderPipelineGlobalSettingsPostprocessor.OnPostprocessAllAssets 0.086ms
	UnloadStreamsBegin: 2.293ms
	PersistCurrentRevisions: 0.091ms
	GenerateScriptTypeHashes: 1.787ms
	GenerateScriptTypeSerializationHashes: 3.421ms
	Untracked: 11998.489ms

Application.AssetDatabase Initial Refresh End
Launched and connected shader compiler UnityShaderCompiler.exe after 0.05 seconds
Worker ready: AssetImportWorkerHW0 0
Scanning for USB devices : 2.577ms
Initializing Unity extensions:
[MODES] ModeService[none].Initialize
[MODES] ModeService[none].LoadModes
[MODES] Loading mode Default (0) for mode-current-id-ShooterBase
LightingSettings: switching bake backend from 2 to 1.
Unloading 142 Unused Serialized files (Serialized files now loaded: 0)
Loaded scene 'Assets/Main.unity'
	Deserialize:            16.606 ms
	Integration:            181.688 ms
	Integration of assets:  0.015 ms
	Thread Wait Time:       0.040 ms
	Total Operation Time:   198.348 ms
Unloading 4158 unused Assets / (10.4 MB). Loaded Objects now: 5228.
Memory consumption went from 364.4 MB to 353.9 MB.
Total: 12.371900 ms (FindLiveObjects: 0.371700 ms CreateObjectMapping: 0.971900 ms MarkObjects: 6.760000 ms  DeleteObjects: 4.266000 ms)

[LAYOUT] About to load UserSettings\Layouts\default-6000.dwlt, keepMainWindow=False
[LAYOUT] About to save layout C:\DEV\NTI\2026-2027 Programmering\TIA 2dshooter\UserSettings\Layouts\default-6000.dwlt
[LAYOUT] About to save layout C:/Users/krank/AppData/Roaming/Unity/Editor-5.x/Preferences\Layouts\current\default-6000.dwlt
[MODES] ModeService[default].InitializeCurrentMode
[MODES] ModeService[default].RaiseModeChanged(default, default)
This project uses Input Manager, which is marked for deprecation. To manage input in your project, use the <a href="https://docs.unity3d.com/Packages/com.unity.inputsystem@latest">Input System package</a> instead.
<RI> Initializing input.
Using Windows.Gaming.Input
<RI> Input initialized.
[Project] Loading completed in 55.258 seconds
	Project init time: 				53.685 seconds
		Template init time: 		0.000 seconds
		Package Manager init time: 		0.173 seconds
		Asset Database init time: 		0.701 seconds
		Global illumination init time: 	0.003 seconds
		Assemblies load time: 			29.171 seconds
		Unity extensions init time: 	0.018 seconds
		Asset Database refresh time: 	18.923 seconds
	Scene opening time: 			1.279 seconds
##utp:{"type":"ProjectInfo","version":2,"phase":"Immediate","time":1788873621245,"processId":30248,"projectLoad":55.2581271,"projectInit":53.685382,"templateInit":0.0,"packageManagerInit":0.1726691,"assetDatabaseInit":0.7012314,"globalIlluminationInit":0.0027394,"assembliesLoad":29.1709012,"unityExtensionsInit":0.0180967,"assetDatabaseRefresh":18.9229033,"sceneOpening":1.2786783}
##utp:{"type":"EditorInfo","version":2,"phase":"Immediate","time":1788873621245,"processId":30248,"editorVersion":"6000.5.8f1 (5cb7df797b7d)","branch":"6000.5/staging","buildType":"Release","platform":"Windows"}
Asset Pipeline Refresh (id=6257f5cc7a08dfe499faab231b8a80a8): Total: 0.070 seconds - Initiated by RefreshV2(AllowForceSynchronousImport)
Dynamic Batching is deprecated and will be removed in a future release. Use GPU Instancing instead. Disable Dynamic Batching in Project Settings > Player > Other Settings to remove this warning.
UnityEngine.Debug:ExtractStackTraceNoAlloc (byte*,int,string)
UnityEngine.StackTraceUtility:ExtractStackTrace ()
UnityEngine.DebugLogHandler:Internal_Log (UnityEngine.LogType,UnityEngine.LogOption,string,UnityEngine.Object)
UnityEngine.DebugLogHandler:LogFormat (UnityEngine.LogType,UnityEngine.Object,string,object[])
UnityEngine.Logger:Log (UnityEngine.LogType,object)
UnityEngine.Debug:LogWarning (object)
UnityEditor.PlayerSettingsBatchingWarning:WarnIfDynamicBatchingEnabled ()
UnityEditor.EditorApplication:Internal_CallUpdateFunctions ()

Created GICache directory at C:/Users/krank/AppData/LocalLow/Unity/Caches/GiCache. Took: 0.024s, timestamps: [56.084 - 56.108]
[Licensing::Client] Successfully resolved entitlement details
[Licensing::Client] Successfully updated the access token
[Licensing::Module] Successfully updated access token: "Ku2xnMCG"... (expires: 2026-09-08T15:18:43Z)
[Licensing::Client] Successfully resolved entitlement details
[Licensing::Client] Successfully resolved entitlement details
Asset Pipeline Refresh (id=2e459e176a4f0a04f9fb82b6b2245e76): Total: 0.007 seconds - Initiated by RefreshV2(AllowForceSynchronousImport)
Start Indexing on Editor startup
[Indexing] Starting Initial Indexing for Assets
Asset Pipeline Refresh (id=162fcb5ae4e7ca54a808903e74b1ea58): Total: 0.012 seconds - Initiated by RefreshV2(AllowForceSynchronousImport)
[Licensing::Client] Successfully resolved entitlement details
TrimDiskCacheJob: Current cache size 0mb
Asset Pipeline Refresh (id=546079ec2a38c4141959b60258e823e8): Total: 0.005 seconds - Initiated by RefreshV2(AllowForceSynchronousImport)
Asset Pipeline Refresh (id=05f0f7b935c967f42b587e6353d05bc0): Total: 0.006 seconds - Initiated by RefreshV2(AllowForceSynchronousImport)
[Licensing::Client] Successfully resolved entitlement details

[main 2026-09-08T13:24:35.141Z] StorageMainService: creating application shared storage
[main 2026-09-08T13:24:35.265Z] [shared storage] Creating shared storage database at 'c:\Users\krank\.vscode-shared\sharedStorage\state.vscdb' (wasCreated: false)
[main 2026-09-08T13:24:35.266Z] [shared storage] Initializing fallback application storage (path: c:\Users\krank\AppData\Roaming\Code\User\globalStorage\state.vscdb)
[main 2026-09-08T13:24:35.284Z] [shared storage] Fallback application storage initialized with 373 items
[main 2026-09-08T13:24:35.618Z] update#setState idle
(node:29308) [DEP0169] DeprecationWarning: `url.parse()` behavior is not standardized and prone to errors that have security implications. Use the WHATWG URL API instead. CVEs are not issued for `url.parse()` vulnerabilities.
(Use `Code --trace-deprecation ...` to show where the warning was created)
[29308:0908/152437.889:ERROR:electron\shell\browser\ui\win\jump_list.cc:304] Failed to append custom category 'Recent Folders' to Jump List due to system privacy settings.
[main 2026-09-08T13:24:37.903Z] updateWindowsJumpList#setJumpList unexpected result: customCategoryAccessDeniedError
[ScriptCompilation] Requested script compilation because: AssetDatabase observed changes in script compilation related files
Asset Pipeline Refresh (id=d20d95c490a1a8c478e88503da4ff1cb): Total: 0.297 seconds - Initiated by RefreshV2(NoUpdateAssetOptions)
info: Microsoft.AspNetCore.Hosting.Diagnostics[1]
      Request starting HTTP/2 POST http://ilpp/UnityILPP.PostProcessing/Ping - application/grpc -
info: Microsoft.AspNetCore.Routing.EndpointMiddleware[0]
      Executing endpoint 'gRPC - /UnityILPP.PostProcessing/Ping'
info: Microsoft.AspNetCore.Routing.EndpointMiddleware[1]
      Executed endpoint 'gRPC - /UnityILPP.PostProcessing/Ping'
info: Microsoft.AspNetCore.Hosting.Diagnostics[2]
      Request finished HTTP/2 POST http://ilpp/UnityILPP.PostProcessing/Ping - 200 - application/grpc 1.3292ms
Starting: C:\Program Files\Unity\Hub\Editor\6000.5.8f1\Editor\Data\Tools\BuildPipeline\bee_backend.exe --ipc --defer-dag-verification --dagfile="Library/Bee/1900b0aE.dag" --continue-on-failure --profile="Library/Bee/backend1.traceevents" ScriptAssemblies
WorkingDir: C:/DEV/NTI/2026-2027 Programmering/TIA 2dshooter
info: Microsoft.AspNetCore.Hosting.Diagnostics[1]
      Request starting HTTP/2 POST http://ilpp/UnityILPP.PostProcessing/ConfigurePostProcessors - application/grpc -
info: Microsoft.AspNetCore.Routing.EndpointMiddleware[0]
      Executing endpoint 'gRPC - /UnityILPP.PostProcessing/ConfigurePostProcessors'
info: Unity.ILPP.Runner.PostProcessingAssemblyLoadContext[0]
      Current configuration matches the requested one, skipping
info: Microsoft.AspNetCore.Routing.EndpointMiddleware[1]
      Executed endpoint 'gRPC - /UnityILPP.PostProcessing/ConfigurePostProcessors'
info: Microsoft.AspNetCore.Hosting.Diagnostics[2]
      Request finished HTTP/2 POST http://ilpp/UnityILPP.PostProcessing/ConfigurePostProcessors - 200 - application/grpc 4.0195ms
Starting new worker id: 1 with log in C:/DEV/NTI/2026-2027 Programmering/TIA 2dshooter/Logs/AssetImportWorkerHW1.log
[Worker0] Imported GUID: 7773b55d4ee631c4db0a3fa836b171e7 - Path: Assets/ShipController.cs - Importer: ScriptedImporter/UnityEditor.QuickSearchModule:UnityEditor.Search:ASIAI03 -> (ImportResultId: '7120a1ee9921ebacbc1dd1cc00b85630') in 0.1970595 seconds
[main 2026-09-08T13:25:05.659Z] update#setState checking for updates
[main 2026-09-08T13:25:05.744Z] update#setState idle
[ScriptCompilation] Requested script compilation because: AssetDatabase observed changes in script compilation related files
Asset Pipeline Refresh (id=31eb4e270f9647e41be786a950b795d5): Total: 0.147 seconds - Initiated by RefreshV2(NoUpdateAssetOptions)
Worker ready: AssetImportWorkerHW1 1
ExitCode: 1 Duration: 5s209ms
[581/727    0s] ILPP-Configuration Library/ilpp-configuration.nevergeneratedoutput
[723/727    4s] Csc Library/Bee/artifacts/1900b0aE.dag/Assembly-CSharp.dll (+2 others)
[             ] Modification date of `Assets\ShipController.cs` changed while running `Csc Library/Bee/artifacts/1900b0aE.dag/Assembly-CSharp.dll (+2 others)`. Old timestamp: 134333475017434884, new timestamp: 134333475071228174
*** Tundra build interrupted (5.15 seconds), 2 items updated, 722 evaluated
info: Microsoft.AspNetCore.Hosting.Diagnostics[1]
      Request starting HTTP/2 POST http://ilpp/UnityILPP.PostProcessing/Ping - application/grpc -
info: Microsoft.AspNetCore.Routing.EndpointMiddleware[0]
      Executing endpoint 'gRPC - /UnityILPP.PostProcessing/Ping'
info: Microsoft.AspNetCore.Routing.EndpointMiddleware[1]
      Executed endpoint 'gRPC - /UnityILPP.PostProcessing/Ping'
info: Microsoft.AspNetCore.Hosting.Diagnostics[2]
      Request finished HTTP/2 POST http://ilpp/UnityILPP.PostProcessing/Ping - 200 - application/grpc 0.2519ms
Starting: C:\Program Files\Unity\Hub\Editor\6000.5.8f1\Editor\Data\Tools\BuildPipeline\bee_backend.exe --ipc --defer-dag-verification --dagfile="Library/Bee/1900b0aE.dag" --continue-on-failure --profile="Library/Bee/backend1.traceevents" ScriptAssemblies
WorkingDir: C:/DEV/NTI/2026-2027 Programmering/TIA 2dshooter
info: Microsoft.AspNetCore.Hosting.Diagnostics[1]
      Request starting HTTP/2 POST http://ilpp/UnityILPP.PostProcessing/ConfigurePostProcessors - application/grpc -
info: Microsoft.AspNetCore.Routing.EndpointMiddleware[0]
      Executing endpoint 'gRPC - /UnityILPP.PostProcessing/ConfigurePostProcessors'
info: Unity.ILPP.Runner.PostProcessingAssemblyLoadContext[0]
      Current configuration matches the requested one, skipping
info: Microsoft.AspNetCore.Routing.EndpointMiddleware[1]
      Executed endpoint 'gRPC - /UnityILPP.PostProcessing/ConfigurePostProcessors'
info: Microsoft.AspNetCore.Hosting.Diagnostics[2]
      Request finished HTTP/2 POST http://ilpp/UnityILPP.PostProcessing/ConfigurePostProcessors - 200 - application/grpc 2.9961ms
[Worker0] Imported GUID: 7773b55d4ee631c4db0a3fa836b171e7 - Path: Assets/ShipController.cs - Importer: ScriptedImporter/UnityEditor.QuickSearchModule:UnityEditor.Search:ASIAI03 -> (ImportResultId: '0da59631250c163b23200310403f8dbf') in 0.034095 seconds
info: Microsoft.AspNetCore.Hosting.Diagnostics[1]
      Request starting HTTP/2 POST http://ilpp/UnityILPP.PostProcessing/PostProcessAssembly - application/grpc -
info: Microsoft.AspNetCore.Routing.EndpointMiddleware[0]
      Executing endpoint 'gRPC - /UnityILPP.PostProcessing/PostProcessAssembly'
info: Unity.ILPP.Runner.PostProcessingPipeline[0]
      Processing assembly Library/Bee/artifacts/1900b0aE.dag/Assembly-CSharp.dll, with 142 defines and 323 references
info: Unity.ILPP.Runner.PostProcessingPipeline[0]
      processors: Unity.Jobs.CodeGen.JobsILPostProcessor, zzzUnity.Burst.CodeGen.BurstILPostProcessor
info: Unity.ILPP.Runner.PostProcessingPipeline[0]
      running Unity.Jobs.CodeGen.JobsILPostProcessor
info: Unity.ILPP.Runner.PostProcessingAssemblyLoadContext[0]
      Resolved Unity.Collections, Version=0.0.0.0, Culture=neutral, PublicKeyToken=null with Library\Bee\artifacts\1900b0aE.dag\Unity.Collections.dll
Total cache size 267935000
Total cache size after purge 267935000, took 00:00:01.5357699
info: Unity.ILPP.Runner.PostProcessingAssemblyLoadContext[0]
      Resolved UnityEditor.CoreModule, Version=0.0.0.0, Culture=neutral, PublicKeyToken=null with C:\Program Files\Unity\Hub\Editor\6000.5.8f1\Editor\Data\Managed\UnityEngine\UnityEditor.CoreModule.dll
info: Unity.ILPP.Runner.PostProcessingAssemblyLoadContext[0]
      Resolved UnityEngine.CoreModule, Version=0.0.0.0, Culture=neutral, PublicKeyToken=null with C:\Program Files\Unity\Hub\Editor\6000.5.8f1\Editor\Data\Managed\UnityEngine\UnityEngine.CoreModule.dll
info: Unity.ILPP.Runner.PostProcessingAssemblyLoadContext[0]
      Resolved Unity.Scripting, Version=0.0.0.0, Culture=neutral, PublicKeyToken=null with C:\Program Files\Unity\Hub\Editor\6000.5.8f1\Editor\Data\Managed\UnityEngine\Unity.Scripting.dll
info: Unity.ILPP.Runner.PostProcessingPipeline[0]
      running zzzUnity.Burst.CodeGen.BurstILPostProcessor
info: Unity.ILPP.Runner.PostProcessingAssemblyLoadContext[0]
      Resolved Unity.Burst.Cecil.Rocks, Version=0.11.6.0, Culture=neutral, PublicKeyToken=50cebf1cceb9d05e with Library\PackageCache\com.unity.burst@2f3d916873ea\Unity.Burst.CodeGen\Unity.Burst.Cecil.Rocks.dll
info: Microsoft.AspNetCore.Routing.EndpointMiddleware[1]
      Executed endpoint 'gRPC - /UnityILPP.PostProcessing/PostProcessAssembly'
info: Microsoft.AspNetCore.Hosting.Diagnostics[2]
      Request finished HTTP/2 POST http://ilpp/UnityILPP.PostProcessing/PostProcessAssembly - 200 - application/grpc 3486.9985ms
ExitCode: 0 Duration: 4s299ms
[581/727    0s] ILPP-Configuration Library/ilpp-configuration.nevergeneratedoutput
[723/727    0s] Csc Library/Bee/artifacts/1900b0aE.dag/Assembly-CSharp.dll (+2 others)
[724/727    3s] ILPostProcess Library/Bee/artifacts/1900b0aE.dag/post-processed/Assembly-CSharp.dll (+pdb)
Processing assembly Library/Bee/artifacts/1900b0aE.dag/Assembly-CSharp.dll, with 142 defines and 323 references

processors: Unity.Jobs.CodeGen.JobsILPostProcessor, zzzUnity.Burst.CodeGen.BurstILPostProcessor

running Unity.Jobs.CodeGen.JobsILPostProcessor

running zzzUnity.Burst.CodeGen.BurstILPostProcessor
[725/727    0s] CopyFiles Library/ScriptAssemblies/Assembly-CSharp.pdb
[726/727    0s] CopyFiles Library/ScriptAssemblies/Assembly-CSharp.dll
*** Tundra build success (4.26 seconds), 5 items updated, 727 evaluated
Reloading assemblies after finishing script compilation.
Reloading assemblies after forced synchronous recompile.
Begin MonoManager ReloadAssembly
Native extension for WindowsStandalone target not found
[MODES] ModeService[none].Initialize
[MODES] ModeService[none].LoadModes
ScheduleIndexationOnStartup MainProcess:True IndexOnStartup:True
Mono: successfully reloaded assembly
- Finished resetting the current domain, in  4.345 seconds
Domain Reload Profiling: 6898ms
	BeginReloadAssembly (1575ms)
		DisableScriptedObjects (267ms)
		CreateAndSetChildDomain (680ms)
	RebuildCommonClasses (23ms)
	RebuildNativeTypeToScriptingClass (47ms)
	initialDomainReloadingComplete (171ms)
	LoadAllAssembliesAndSetupDomain (734ms)
		LoadAssemblies (376ms)
		AnalyzeDomain (357ms)
			TypeCache.Refresh (15ms)
			BuildScriptInfoCaches (279ms)
			ResolveRequiredComponents (59ms)
	FinalizeReload (4347ms)
		SetupLoadedEditorAssemblies (0ms)
			InitializePlatformSupportModulesInManaged (5ms)
			BeforeProcessingInitializeOnLoad (440ms)
			ProcessInitializeOnLoadAttributes (914ms)
			ProcessInitializeOnLoadMethodAttributes (389ms)
			AfterProcessingInitializeOnLoad (41ms)
		AwakeInstancesAfterBackupRestoration (1352ms)

Asset Pipeline Refresh (id=b8c2f033d1012fc41bd237ba6370f996): Total: 7.427 seconds - Initiated by StopAssetImportingV2(ForceSynchronousImport | ForceDomainReload)
	(Values over 0.05ms)
	Summary:
		Imports: total=0 (actual=0, local cache=0, cache server=0)
		Asset DB Process Time: managed=0 ms, native=4623 ms
		Asset DB Callback time: managed=81 ms, native=1 ms
		Scripting: domain reloads=1, domain reload time=2714 ms, compile time=6 ms, other=0 ms
		Project Asset Count: scripts=980, non-scripts=1925
		Asset File Changes: new=0, changed=0, moved=0, deleted=0
		Scan Filter Count: 0
	InvokePackagesCallback: 6.314ms
	ApplyChangesToAssetFolders: 0.442ms
	Collect global state as custom dependencies: 2.688ms
	ProcessAssetsWithTransientArtifactChanges: 6.067ms
	CategorizeAssets: 77.683ms
	CompileScripts: 6.068ms
	ImportOutOfDateAssets: 4438.353ms (4364.049ms without children)
		CollectScriptTypesHashes: 5.502ms
		ReloadNativeAssets: 2.475ms
		UnloadImportedAssets: 3.161ms
		EnsureUptoDateAssetsAreRegisteredWithGuidPM: 0.928ms
		ImportSchedulerStart: 67.700ms
	PostProcessAllAssets: 81.420ms
		MonoPostProcessAllAssets: 81.414ms
			UniversalRenderPipelineGlobalSettingsPostprocessor.OnPostprocessAllAssets 23.661ms
			SyncVS.PostprocessSyncProject 21.556ms
			WindowAssetPostprocessingWatcher.OnPostprocessAllAssets 4.382ms
			SpeedTree9Postprocessor.OnPostprocessAllAssets 4.164ms
			AssetPostprocessor.OnPostprocessAllAssets 3.429ms
			ProjectSettingsPostprocessor.OnPostprocessAllAssets 1.665ms
			EditModeScopePostprocessor.OnPostprocessAllAssets 1.453ms
			ReferencedClipsPostProcessor.OnPostprocessAllAssets 0.710ms
			InputActionAssetPostprocessor.OnPostprocessAllAssets 0.700ms
			ShaderReflectionAssetPostProcessor.OnPostprocessAllAssets 0.495ms
			TerrainToolbarOverlayPostProcessor.OnPostprocessAllAssets 0.418ms
			AssetDatabaseCallbacks.OnPostprocessAllAssets 0.366ms
			RenderPipelineGlobalSettingsPostprocessor.OnPostprocessAllAssets 0.189ms
			ShaderGraphAssetPostProcessor.OnPostprocessAllAssets 0.158ms
			SpriteEditorTexturePostprocessor.OnPostprocessAllAssets 0.118ms
			AssetChangedListener.OnPostprocessAllAssets 0.099ms
			SpriteSlicePostprocessor.OnPostprocessAllAssets 0.084ms
	GatherAllCurrentPrimaryImportResultRevisions: 0.159ms
	PersistCurrentRevisions: 0.124ms
	GenerateScriptTypeHashes: 8.714ms
	GenerateScriptTypeSerializationHashes: 15.360ms
	Untracked: 2793.239ms

[Licensing::Client] Successfully resolved entitlement details
[Licensing::Client] Successfully resolved entitlement details
Asset Pipeline Refresh (id=1da656615f32f094995bd1925b157655): Total: 0.018 seconds - Initiated by RefreshV2(AllowForceSynchronousImport)
Asset Pipeline Refresh (id=ebc1a51ceaff4b049838184615c38f92): Total: 0.010 seconds - Initiated by RefreshV2(AllowForceSynchronousImport)
[Worker0] Imported GUID: 4dd15c7fe51711c48ba135fef149bbf8 - Path: Assets/Prefabs/Bolt.prefab - Importer: PreviewImporter -> (ImportResultId: '5f16aa2010cad2894f0b8812eff7721d') in 0.1157996 seconds
[Worker0] Imported GUID: 7e5c5b1c1b18764459c69710c7dc4adc - Path: Assets/Prefabs/Explosion.prefab - Importer: PreviewImporter -> (ImportResultId: '7fba0596fd88dbe65f484be003becb92') in 0.0384843 seconds
[Worker1] Imported GUID: bf43fe3ed09cec246b4f2f367f9817fa - Path: Assets/Prefabs/Enemy.prefab - Importer: PreviewImporter -> (ImportResultId: 'be91440a0b50d1ab02060aa35c736e08') in 0.1593389 seconds
[Worker0] Imported GUID: 08a11ac572b1de04c89ee9c5500c84a0 - Path: Assets/Prefabs/Ship.prefab - Importer: PreviewImporter -> (ImportResultId: 'a0b8b92fe3a6deca8da3619aafa090f3') in 0.0211345 seconds
Request Asset Garbage Collect because used heap size increased from 354.9 MB to 0.60 GB, exceeding the threshold of 256.0 MB.
Unloading 18 Unused Serialized files (Serialized files now loaded: 0)
Unloading 109 unused Assets / (17.2 MB). Loaded Objects now: 6431.
Memory consumption went from 0.60 GB to 0.58 GB.
Total: 16.464900 ms (FindLiveObjects: 0.357500 ms CreateObjectMapping: 0.480600 ms MarkObjects: 11.685800 ms  DeleteObjects: 3.939500 ms)

Asset Pipeline Refresh (id=aa36fa58f92dd0b499770548aeda8c0a): Total: 0.006 seconds - Initiated by RefreshV2(AllowForceSynchronousImport)
[ScriptCompilation] Requested script compilation because: AssetDatabase observed changes in script compilation related files
[Licensing::Client] Successfully resolved entitlement details
Asset Pipeline Refresh (id=df2bd6f9a083c5443acd4ac9b4fc9eb0): Total: 0.274 seconds - Initiated by StopAssetImportingV2(NoUpdateAssetOptions)
Asset Pipeline Refresh (id=6b3f335aa73a6fa478b6771ed4d4c925): Total: 0.011 seconds - Initiated by RefreshV2(NoUpdateAssetOptions)
info: Microsoft.AspNetCore.Hosting.Diagnostics[1]
      Request starting HTTP/2 POST http://ilpp/UnityILPP.PostProcessing/Ping - application/grpc -
info: Microsoft.AspNetCore.Routing.EndpointMiddleware[0]
      Executing endpoint 'gRPC - /UnityILPP.PostProcessing/Ping'
info: Microsoft.AspNetCore.Routing.EndpointMiddleware[1]
      Executed endpoint 'gRPC - /UnityILPP.PostProcessing/Ping'
info: Microsoft.AspNetCore.Hosting.Diagnostics[2]
      Request finished HTTP/2 POST http://ilpp/UnityILPP.PostProcessing/Ping - 200 - application/grpc 0.3053ms
Starting: C:\Program Files\Unity\Hub\Editor\6000.5.8f1\Editor\Data\Tools\BuildPipeline\bee_backend.exe --ipc --defer-dag-verification --dagfile="Library/Bee/1900b0aE.dag" --continue-on-failure --profile="Library/Bee/backend1.traceevents" ScriptAssemblies
WorkingDir: C:/DEV/NTI/2026-2027 Programmering/TIA 2dshooter
info: Microsoft.AspNetCore.Hosting.Diagnostics[1]
      Request starting HTTP/2 POST http://ilpp/UnityILPP.PostProcessing/ConfigurePostProcessors - application/grpc -
info: Microsoft.AspNetCore.Routing.EndpointMiddleware[0]
      Executing endpoint 'gRPC - /UnityILPP.PostProcessing/ConfigurePostProcessors'
info: Unity.ILPP.Runner.PostProcessingAssemblyLoadContext[0]
      Current configuration matches the requested one, skipping
info: Microsoft.AspNetCore.Routing.EndpointMiddleware[1]
      Executed endpoint 'gRPC - /UnityILPP.PostProcessing/ConfigurePostProcessors'
info: Microsoft.AspNetCore.Hosting.Diagnostics[2]
      Request finished HTTP/2 POST http://ilpp/UnityILPP.PostProcessing/ConfigurePostProcessors - 200 - application/grpc 3.1538ms
Starting: C:\Program Files\Unity\Hub\Editor\6000.5.8f1\Editor\Data\netcorerun\netcorerun.exe "C:\Program Files\Unity\Hub\Editor\6000.5.8f1\Editor\Data\Tools\BuildPipeline\ScriptCompilationBuildProgram.exe" "Library/Bee/1900b0aE.dag.json" "Library/Bee/1900b0aE-inputdata.json" "Library\Bee\buildprogram0.traceevents"
WorkingDir: C:/DEV/NTI/2026-2027 Programmering/TIA 2dshooter
ExitCode: 4 Duration: 0s192ms
Rebuilding DAG because FileSignature timestamp changed: Library/Bee/1900b0aE-inputdata.json
[582/727    0s] ILPP-Configuration Library/ilpp-configuration.nevergeneratedoutput
*** Tundra requires additional run (0.16 seconds), 1 items updated, 581 evaluated
ExitCode: 0 Duration: 3s320ms
Starting: C:\Program Files\Unity\Hub\Editor\6000.5.8f1\Editor\Data\Tools\BuildPipeline\bee_backend.exe --ipc --defer-dag-verification --dagfile="Library/Bee/1900b0aE.dag" --continue-on-failure --dagfilejson="Library\Bee\1900b0aE.dag.json" --profile="Library/Bee/backend2.traceevents" ScriptAssemblies
WorkingDir: C:/DEV/NTI/2026-2027 Programmering/TIA 2dshooter
info: Microsoft.AspNetCore.Hosting.Diagnostics[1]
      Request starting HTTP/2 POST http://ilpp/UnityILPP.PostProcessing/ConfigurePostProcessors - application/grpc -
info: Microsoft.AspNetCore.Routing.EndpointMiddleware[0]
      Executing endpoint 'gRPC - /UnityILPP.PostProcessing/ConfigurePostProcessors'
info: Unity.ILPP.Runner.PostProcessingAssemblyLoadContext[0]
      Current configuration matches the requested one, skipping
info: Microsoft.AspNetCore.Routing.EndpointMiddleware[1]
      Executed endpoint 'gRPC - /UnityILPP.PostProcessing/ConfigurePostProcessors'
info: Microsoft.AspNetCore.Hosting.Diagnostics[2]
      Request finished HTTP/2 POST http://ilpp/UnityILPP.PostProcessing/ConfigurePostProcessors - 200 - application/grpc 0.8287ms
info: Microsoft.AspNetCore.Hosting.Diagnostics[1]
      Request starting HTTP/2 POST http://ilpp/UnityILPP.PostProcessing/PostProcessAssembly - application/grpc -
info: Microsoft.AspNetCore.Routing.EndpointMiddleware[0]
      Executing endpoint 'gRPC - /UnityILPP.PostProcessing/PostProcessAssembly'
info: Unity.ILPP.Runner.PostProcessingPipeline[0]
      Processing assembly Library/Bee/artifacts/1900b0aE.dag/Assembly-CSharp.dll, with 142 defines and 323 references
info: Unity.ILPP.Runner.PostProcessingPipeline[0]
      processors: Unity.Jobs.CodeGen.JobsILPostProcessor, zzzUnity.Burst.CodeGen.BurstILPostProcessor
info: Unity.ILPP.Runner.PostProcessingPipeline[0]
      running Unity.Jobs.CodeGen.JobsILPostProcessor
info: Unity.ILPP.Runner.PostProcessingPipeline[0]
      running zzzUnity.Burst.CodeGen.BurstILPostProcessor
info: Microsoft.AspNetCore.Routing.EndpointMiddleware[1]
      Executed endpoint 'gRPC - /UnityILPP.PostProcessing/PostProcessAssembly'
info: Microsoft.AspNetCore.Hosting.Diagnostics[2]
      Request finished HTTP/2 POST http://ilpp/UnityILPP.PostProcessing/PostProcessAssembly - 200 - application/grpc 10.3334ms
ExitCode: 0 Duration: 2s699ms
Finished compiling graph: 730 nodes, 12709 flattened edges (10721 ToBuild, 106 ToUse), maximum node priority 757
[420/727    0s] WriteText Library/Bee/artifacts/1900b0aE.dag/Assembly-CSharp.rsp
[581/727    0s] ILPP-Configuration Library/ilpp-configuration.nevergeneratedoutput
[723/727    1s] Csc Library/Bee/artifacts/1900b0aE.dag/Assembly-CSharp.dll (+2 others)
[724/727    0s] ILPostProcess Library/Bee/artifacts/1900b0aE.dag/post-processed/Assembly-CSharp.dll (+pdb)
Processing assembly Library/Bee/artifacts/1900b0aE.dag/Assembly-CSharp.dll, with 142 defines and 323 references

processors: Unity.Jobs.CodeGen.JobsILPostProcessor, zzzUnity.Burst.CodeGen.BurstILPostProcessor

running Unity.Jobs.CodeGen.JobsILPostProcessor

running zzzUnity.Burst.CodeGen.BurstILPostProcessor
[725/727    0s] CopyFiles Library/ScriptAssemblies/Assembly-CSharp.pdb
[726/727    0s] CopyFiles Library/ScriptAssemblies/Assembly-CSharp.dll
*** Tundra build success (2.68 seconds), 6 items updated, 727 evaluated
Reloading assemblies after finishing script compilation.
Reloading assemblies after forced synchronous recompile.
Begin MonoManager ReloadAssembly
Native extension for WindowsStandalone target not found
[MODES] ModeService[none].Initialize
[MODES] ModeService[none].LoadModes
ScheduleIndexationOnStartup MainProcess:True IndexOnStartup:True
Mono: successfully reloaded assembly
- Finished resetting the current domain, in  1.500 seconds
Domain Reload Profiling: 2555ms
	BeginReloadAssembly (763ms)
		DisableScriptedObjects (127ms)
		CreateAndSetChildDomain (382ms)
	RebuildCommonClasses (8ms)
	RebuildNativeTypeToScriptingClass (13ms)
	initialDomainReloadingComplete (51ms)
	LoadAllAssembliesAndSetupDomain (219ms)
		LoadAssemblies (106ms)
		AnalyzeDomain (113ms)
			TypeCache.Refresh (6ms)
			BuildScriptInfoCaches (86ms)
			ResolveRequiredComponents (19ms)
	FinalizeReload (1501ms)
		SetupLoadedEditorAssemblies (0ms)
			BeforeProcessingInitializeOnLoad (155ms)
			ProcessInitializeOnLoadAttributes (318ms)
			ProcessInitializeOnLoadMethodAttributes (146ms)
			AfterProcessingInitializeOnLoad (9ms)
		AwakeInstancesAfterBackupRestoration (481ms)

Asset Pipeline Refresh (id=7cb63b377a931074991233c342579a59): Total: 2.765 seconds - Initiated by StopAssetImportingV2(ForceSynchronousImport | ForceDomainReload)
	(Values over 0.05ms)
	Summary:
		Imports: total=0 (actual=0, local cache=0, cache server=0)
		Asset DB Process Time: managed=0 ms, native=1602 ms
		Asset DB Callback time: managed=54 ms, native=1 ms
		Scripting: domain reloads=1, domain reload time=1103 ms, compile time=3 ms, other=0 ms
		Project Asset Count: scripts=980, non-scripts=1925
		Asset File Changes: new=0, changed=0, moved=0, deleted=0
		Scan Filter Count: 0
	InvokePackagesCallback: 1.991ms
	ApplyChangesToAssetFolders: 0.237ms
	Collect global state as custom dependencies: 1.070ms
	ProcessAssetsWithTransientArtifactChanges: 3.171ms
	CategorizeAssets: 32.215ms
	CompileScripts: 2.555ms
	ImportOutOfDateAssets: 1533.305ms (1508.669ms without children)
		CollectScriptTypesHashes: 0.810ms
		ReloadNativeAssets: 0.689ms
		UnloadImportedAssets: 0.151ms
		EnsureUptoDateAssetsAreRegisteredWithGuidPM: 0.375ms
		ImportSchedulerStart: 23.406ms
	PostProcessAllAssets: 55.416ms
		XRBuildSystem.XRAssetImported 0.106ms
		MonoPostProcessAllAssets: 54.861ms
			UniversalRenderPipelineGlobalSettingsPostprocessor.OnPostprocessAllAssets 9.258ms
			SyncVS.PostprocessSyncProject 7.838ms
			AssetChangedListener.OnPostprocessAllAssets 4.867ms
			BuilderAssetPostprocessor.OnPostprocessAllAssets 4.723ms
			AssetPostprocessor.OnPostprocessAllAssets 3.438ms
			SpriteSlicePostprocessor.OnPostprocessAllAssets 2.039ms
			WindowAssetPostprocessingWatcher.OnPostprocessAllAssets 1.839ms
			SpeedTree9Postprocessor.OnPostprocessAllAssets 1.774ms
			ShaderGraphAssetPostProcessor.OnPostprocessAllAssets 1.509ms
			RetainedModeAssetPostprocessor.OnPostprocessAllAssets 1.037ms
			EditModeScopePostprocessor.OnPostprocessAllAssets 0.941ms
			ProjectSettingsPostprocessor.OnPostprocessAllAssets 0.693ms
			MaterialPostprocessor.OnPostprocessAllAssets 0.674ms
			TMPro_TexturePostProcessor.OnPostprocessAllAssets 0.504ms
			SpriteEditorTexturePostprocessor.OnPostprocessAllAssets 0.496ms
			ArtifactBrowserPostProcessor.OnPostprocessAllAssets 0.457ms
			ShaderReflectionAssetPostProcessor.OnPostprocessAllAssets 0.324ms
			InputActionAssetPostprocessor.OnPostprocessAllAssets 0.316ms
			TextAssetPostProcessor.OnPostprocessAllAssets 0.283ms
			SampleDependencyImporterPostProcessor.OnPostprocessAllAssets 0.256ms
			AudioMixerPostprocessor.OnPostprocessAllAssets 0.248ms
			PostProcessor.OnPostprocessAllAssets 0.245ms
			InputActionJsonNameModifierAssetProcessor.OnPostprocessAllAssets 0.244ms
			ReferencedClipsPostProcessor.OnPostprocessAllAssets 0.230ms
			AssetEvents.OnPostprocessAllAssets 0.202ms
			StyleCatalogPostProcessor.OnPostprocessAllAssets 0.177ms
			SpeedTreePostProcessor.OnPostprocessAllAssets 0.160ms
			SamplePostprocessor.OnPostprocessAllAssets 0.143ms
			AssetDatabaseCallbacks.OnPostprocessAllAssets 0.142ms
			TerrainToolbarOverlayPostProcessor.OnPostprocessAllAssets 0.135ms
			RenderPipelineGlobalSettingsPostprocessor.OnPostprocessAllAssets 0.108ms
			ConfigAssetsTracker.OnPostprocessAllAssets 0.108ms
			ScenarioDriftAssetsTracker.OnPostprocessAllAssets 0.104ms
			AudioContainerPostProcessor.OnPostprocessAllAssets 0.061ms
	PostAssetChangesProfiler: 0.759ms
	GatherAllCurrentPrimaryImportResultRevisions: 0.108ms
	PersistCurrentRevisions: 0.108ms
	GenerateScriptTypeHashes: 1.837ms
	GenerateScriptTypeSerializationHashes: 3.235ms
	Untracked: 1128.854ms

[Licensing::Client] Successfully resolved entitlement details
[Licensing::Client] Successfully resolved entitlement details
Asset Pipeline Refresh (id=eede773c4671cca4b9b79345b3a3fcae): Total: 0.017 seconds - Initiated by RefreshV2(AllowForceSynchronousImport)
Importing 'GUID: f365f0b6fef2eda438cb729e6a9020e7 - Path: Assets/Main.unity' with importer (DefaultImporter)
Imported 'GUID: f365f0b6fef2eda438cb729e6a9020e7' -> (Import Result ID: 'f28666d41e170944dab59fc5e8e25a46') in 0.006 seconds [static dependencies only]. Details - ImportResultOutputID=87b2738b17297f81c6f85b756b2ca9ed DependenciesID=485e36e5d1336dfe57767ec3e6978347 StaticDependenciesID=2b5f4b76f841829c9292f108863e8fcd 
Asset Pipeline Refresh (id=d41b18d6d3790a4458a48f462de8c0ee): Total: 0.087 seconds - Initiated by StopAssetImportingV2(NoUpdateAssetOptions)
[Licensing::Client] Successfully resolved entitlement details

[29308:0908/154202.449:ERROR:electron\shell\browser\ui\win\jump_list.cc:304] Failed to append custom category 'Recent Folders' to Jump List due to system privacy settings.
[main 2026-09-08T13:42:02.463Z] updateWindowsJumpList#setJumpList unexpected result: customCategoryAccessDeniedError
[ScriptCompilation] Requested script compilation because: AssetDatabase observed changes in script compilation related files
Asset Pipeline Refresh (id=4cf71187107a70343b13f0505c20a9ef): Total: 0.175 seconds - Initiated by RefreshV2(NoUpdateAssetOptions)
info: Microsoft.AspNetCore.Hosting.Diagnostics[1]
      Request starting HTTP/2 POST http://ilpp/UnityILPP.PostProcessing/Ping - application/grpc -
info: Microsoft.AspNetCore.Routing.EndpointMiddleware[0]
      Executing endpoint 'gRPC - /UnityILPP.PostProcessing/Ping'
info: Microsoft.AspNetCore.Routing.EndpointMiddleware[1]
      Executed endpoint 'gRPC - /UnityILPP.PostProcessing/Ping'
info: Microsoft.AspNetCore.Hosting.Diagnostics[2]
      Request finished HTTP/2 POST http://ilpp/UnityILPP.PostProcessing/Ping - 200 - application/grpc 0.3564ms
Starting: C:\Program Files\Unity\Hub\Editor\6000.5.8f1\Editor\Data\Tools\BuildPipeline\bee_backend.exe --ipc --defer-dag-verification --dagfile="Library/Bee/1900b0aE.dag" --continue-on-failure --profile="Library/Bee/backend1.traceevents" ScriptAssemblies
WorkingDir: C:/DEV/NTI/2026-2027 Programmering/TIA 2dshooter
info: Microsoft.AspNetCore.Hosting.Diagnostics[1]
      Request starting HTTP/2 POST http://ilpp/UnityILPP.PostProcessing/ConfigurePostProcessors - application/grpc -
info: Microsoft.AspNetCore.Routing.EndpointMiddleware[0]
      Executing endpoint 'gRPC - /UnityILPP.PostProcessing/ConfigurePostProcessors'
info: Unity.ILPP.Runner.PostProcessingAssemblyLoadContext[0]
      Current configuration matches the requested one, skipping
info: Microsoft.AspNetCore.Routing.EndpointMiddleware[1]
      Executed endpoint 'gRPC - /UnityILPP.PostProcessing/ConfigurePostProcessors'
info: Microsoft.AspNetCore.Hosting.Diagnostics[2]
      Request finished HTTP/2 POST http://ilpp/UnityILPP.PostProcessing/ConfigurePostProcessors - 200 - application/grpc 2.3371ms
info: Microsoft.AspNetCore.Hosting.Diagnostics[1]
      Request starting HTTP/2 POST http://ilpp/UnityILPP.PostProcessing/PostProcessAssembly - application/grpc -
info: Microsoft.AspNetCore.Routing.EndpointMiddleware[0]
      Executing endpoint 'gRPC - /UnityILPP.PostProcessing/PostProcessAssembly'
info: Unity.ILPP.Runner.PostProcessingPipeline[0]
      Processing assembly Library/Bee/artifacts/1900b0aE.dag/Assembly-CSharp.dll, with 142 defines and 323 references
info: Unity.ILPP.Runner.PostProcessingPipeline[0]
      processors: Unity.Jobs.CodeGen.JobsILPostProcessor, zzzUnity.Burst.CodeGen.BurstILPostProcessor
info: Unity.ILPP.Runner.PostProcessingPipeline[0]
      running Unity.Jobs.CodeGen.JobsILPostProcessor
info: Unity.ILPP.Runner.PostProcessingPipeline[0]
      running zzzUnity.Burst.CodeGen.BurstILPostProcessor
info: Microsoft.AspNetCore.Routing.EndpointMiddleware[1]
      Executed endpoint 'gRPC - /UnityILPP.PostProcessing/PostProcessAssembly'
info: Microsoft.AspNetCore.Hosting.Diagnostics[2]
      Request finished HTTP/2 POST http://ilpp/UnityILPP.PostProcessing/PostProcessAssembly - 200 - application/grpc 38.2448ms
ExitCode: 0 Duration: 0s770ms
[581/727    0s] ILPP-Configuration Library/ilpp-configuration.nevergeneratedoutput
[723/727    0s] Csc Library/Bee/artifacts/1900b0aE.dag/Assembly-CSharp.dll (+2 others)
[724/727    0s] ILPostProcess Library/Bee/artifacts/1900b0aE.dag/post-processed/Assembly-CSharp.dll (+pdb)
Processing assembly Library/Bee/artifacts/1900b0aE.dag/Assembly-CSharp.dll, with 142 defines and 323 references

processors: Unity.Jobs.CodeGen.JobsILPostProcessor, zzzUnity.Burst.CodeGen.BurstILPostProcessor

running Unity.Jobs.CodeGen.JobsILPostProcessor

running zzzUnity.Burst.CodeGen.BurstILPostProcessor
[725/727    0s] CopyFiles Library/ScriptAssemblies/Assembly-CSharp.pdb
[726/727    0s] CopyFiles Library/ScriptAssemblies/Assembly-CSharp.dll
*** Tundra build success (0.73 seconds), 5 items updated, 727 evaluated
Reloading assemblies after finishing script compilation.
Reloading assemblies after forced synchronous recompile.
Begin MonoManager ReloadAssembly
Native extension for WindowsStandalone target not found
[MODES] ModeService[none].Initialize
[MODES] ModeService[none].LoadModes
ScheduleIndexationOnStartup MainProcess:True IndexOnStartup:True
Mono: successfully reloaded assembly
- Finished resetting the current domain, in  4.567 seconds
Domain Reload Profiling: 7017ms
	BeginReloadAssembly (1455ms)
		DisableScriptedObjects (308ms)
		CreateAndSetChildDomain (631ms)
	RebuildCommonClasses (23ms)
	RebuildNativeTypeToScriptingClass (42ms)
	initialDomainReloadingComplete (187ms)
	LoadAllAssembliesAndSetupDomain (740ms)
		LoadAssemblies (364ms)
		AnalyzeDomain (360ms)
			TypeCache.Refresh (16ms)
			BuildScriptInfoCaches (275ms)
			ResolveRequiredComponents (65ms)
	FinalizeReload (4569ms)
		SetupLoadedEditorAssemblies (0ms)
			InitializePlatformSupportModulesInManaged (4ms)
			BeforeProcessingInitializeOnLoad (466ms)
			ProcessInitializeOnLoadAttributes (997ms)
			ProcessInitializeOnLoadMethodAttributes (373ms)
			AfterProcessingInitializeOnLoad (41ms)
		AwakeInstancesAfterBackupRestoration (1409ms)

Asset Pipeline Refresh (id=8414eacad4139094ca45a3a600342ee0): Total: 7.542 seconds - Initiated by StopAssetImportingV2(ForceSynchronousImport | ForceDomainReload)
	(Values over 0.05ms)
	Summary:
		Imports: total=0 (actual=0, local cache=0, cache server=0)
		Asset DB Process Time: managed=0 ms, native=4821 ms
		Asset DB Callback time: managed=75 ms, native=1 ms
		Scripting: domain reloads=1, domain reload time=2636 ms, compile time=7 ms, other=0 ms
		Project Asset Count: scripts=980, non-scripts=1925
		Asset File Changes: new=0, changed=0, moved=0, deleted=0
		Scan Filter Count: 0
	InvokePackagesCallback: 7.599ms
	ApplyChangesToAssetFolders: 0.576ms
	Collect global state as custom dependencies: 3.226ms
	ProcessAssetsWithTransientArtifactChanges: 5.326ms
	CategorizeAssets: 75.941ms
	CompileScripts: 7.025ms
	ImportOutOfDateAssets: 4643.751ms (4582.527ms without children)
		CollectScriptTypesHashes: 3.375ms
		ReloadNativeAssets: 1.895ms
		UnloadImportedAssets: 0.473ms
		EnsureUptoDateAssetsAreRegisteredWithGuidPM: 0.726ms
		ImportSchedulerStart: 58.092ms
	PostProcessAllAssets: 75.915ms
		MonoPostProcessAllAssets: 75.909ms
			UniversalRenderPipelineGlobalSettingsPostprocessor.OnPostprocessAllAssets 23.986ms
			SyncVS.PostprocessSyncProject 23.675ms
			WindowAssetPostprocessingWatcher.OnPostprocessAllAssets 3.524ms
			SpeedTree9Postprocessor.OnPostprocessAllAssets 3.350ms
			EditModeScopePostprocessor.OnPostprocessAllAssets 1.458ms
			ProjectSettingsPostprocessor.OnPostprocessAllAssets 1.204ms
			ShaderReflectionAssetPostProcessor.OnPostprocessAllAssets 0.555ms
			ReferencedClipsPostProcessor.OnPostprocessAllAssets 0.517ms
			InputActionAssetPostprocessor.OnPostprocessAllAssets 0.463ms
			AssetDatabaseCallbacks.OnPostprocessAllAssets 0.303ms
			TerrainToolbarOverlayPostProcessor.OnPostprocessAllAssets 0.237ms
			RenderPipelineGlobalSettingsPostprocessor.OnPostprocessAllAssets 0.192ms
			SpriteEditorTexturePostprocessor.OnPostprocessAllAssets 0.172ms
			ShaderGraphAssetPostProcessor.OnPostprocessAllAssets 0.167ms
			ScenarioDriftAssetsTracker.OnPostprocessAllAssets 0.154ms
			AssetPostprocessor.OnPostprocessAllAssets 0.153ms
			AssetChangedListener.OnPostprocessAllAssets 0.119ms
	GatherAllCurrentPrimaryImportResultRevisions: 0.204ms
	UnloadStreamsBegin: 0.068ms
	PersistCurrentRevisions: 0.128ms
	GenerateScriptTypeHashes: 6.254ms
	GenerateScriptTypeSerializationHashes: 10.975ms
	Untracked: 2706.923ms

[Licensing::Client] Successfully resolved entitlement details
[Licensing::Client] Successfully resolved entitlement details
[ScriptCompilation] Requested script compilation because: AssetDatabase observed changes in script compilation related files
Asset Pipeline Refresh (id=ea9325c3b33bdf14da0a4d315370060c): Total: 0.257 seconds - Initiated by RefreshV2(NoUpdateAssetOptions)
[Licensing::Client] Successfully resolved entitlement details
info: Microsoft.AspNetCore.Hosting.Diagnostics[1]
      Request starting HTTP/2 POST http://ilpp/UnityILPP.PostProcessing/Ping - application/grpc -
info: Microsoft.AspNetCore.Routing.EndpointMiddleware[0]
      Executing endpoint 'gRPC - /UnityILPP.PostProcessing/Ping'
info: Microsoft.AspNetCore.Routing.EndpointMiddleware[1]
      Executed endpoint 'gRPC - /UnityILPP.PostProcessing/Ping'
info: Microsoft.AspNetCore.Hosting.Diagnostics[2]
      Request finished HTTP/2 POST http://ilpp/UnityILPP.PostProcessing/Ping - 200 - application/grpc 0.2202ms
Starting: C:\Program Files\Unity\Hub\Editor\6000.5.8f1\Editor\Data\Tools\BuildPipeline\bee_backend.exe --ipc --defer-dag-verification --dagfile="Library/Bee/1900b0aE.dag" --continue-on-failure --profile="Library/Bee/backend1.traceevents" ScriptAssemblies
WorkingDir: C:/DEV/NTI/2026-2027 Programmering/TIA 2dshooter
info: Microsoft.AspNetCore.Hosting.Diagnostics[1]
      Request starting HTTP/2 POST http://ilpp/UnityILPP.PostProcessing/ConfigurePostProcessors - application/grpc -
info: Microsoft.AspNetCore.Routing.EndpointMiddleware[0]
      Executing endpoint 'gRPC - /UnityILPP.PostProcessing/ConfigurePostProcessors'
info: Unity.ILPP.Runner.PostProcessingAssemblyLoadContext[0]
      Current configuration matches the requested one, skipping
info: Microsoft.AspNetCore.Routing.EndpointMiddleware[1]
      Executed endpoint 'gRPC - /UnityILPP.PostProcessing/ConfigurePostProcessors'
info: Microsoft.AspNetCore.Hosting.Diagnostics[2]
      Request finished HTTP/2 POST http://ilpp/UnityILPP.PostProcessing/ConfigurePostProcessors - 200 - application/grpc 3.2304ms
info: Microsoft.AspNetCore.Hosting.Diagnostics[1]
      Request starting HTTP/2 POST http://ilpp/UnityILPP.PostProcessing/PostProcessAssembly - application/grpc -
info: Microsoft.AspNetCore.Routing.EndpointMiddleware[0]
      Executing endpoint 'gRPC - /UnityILPP.PostProcessing/PostProcessAssembly'
info: Unity.ILPP.Runner.PostProcessingPipeline[0]
      Processing assembly Library/Bee/artifacts/1900b0aE.dag/Assembly-CSharp.dll, with 142 defines and 323 references
info: Unity.ILPP.Runner.PostProcessingPipeline[0]
      processors: Unity.Jobs.CodeGen.JobsILPostProcessor, zzzUnity.Burst.CodeGen.BurstILPostProcessor
info: Unity.ILPP.Runner.PostProcessingPipeline[0]
      running Unity.Jobs.CodeGen.JobsILPostProcessor
info: Unity.ILPP.Runner.PostProcessingPipeline[0]
      running zzzUnity.Burst.CodeGen.BurstILPostProcessor
info: Microsoft.AspNetCore.Routing.EndpointMiddleware[1]
      Executed endpoint 'gRPC - /UnityILPP.PostProcessing/PostProcessAssembly'
info: Microsoft.AspNetCore.Hosting.Diagnostics[2]
      Request finished HTTP/2 POST http://ilpp/UnityILPP.PostProcessing/PostProcessAssembly - 200 - application/grpc 38.2553ms
ExitCode: 0 Duration: 0s613ms
[581/727    0s] ILPP-Configuration Library/ilpp-configuration.nevergeneratedoutput
[723/727    0s] Csc Library/Bee/artifacts/1900b0aE.dag/Assembly-CSharp.dll (+2 others)
Assets\BoltController.cs(5,9): warning CS0414: The field 'BoltController.speed' is assigned but its value is never used
[724/727    0s] ILPostProcess Library/Bee/artifacts/1900b0aE.dag/post-processed/Assembly-CSharp.dll (+pdb)
Processing assembly Library/Bee/artifacts/1900b0aE.dag/Assembly-CSharp.dll, with 142 defines and 323 references

processors: Unity.Jobs.CodeGen.JobsILPostProcessor, zzzUnity.Burst.CodeGen.BurstILPostProcessor

running Unity.Jobs.CodeGen.JobsILPostProcessor

running zzzUnity.Burst.CodeGen.BurstILPostProcessor
[725/727    0s] CopyFiles Library/ScriptAssemblies/Assembly-CSharp.pdb
[726/727    0s] CopyFiles Library/ScriptAssemblies/Assembly-CSharp.dll
*** Tundra build success (0.58 seconds), 5 items updated, 727 evaluated
Assets\BoltController.cs(5,9): warning CS0414: The field 'BoltController.speed' is assigned but its value is never used
Reloading assemblies after finishing script compilation.
Reloading assemblies after forced synchronous recompile.
Begin MonoManager ReloadAssembly
Native extension for WindowsStandalone target not found
[MODES] ModeService[none].Initialize
[MODES] ModeService[none].LoadModes
ScheduleIndexationOnStartup MainProcess:True IndexOnStartup:True
Mono: successfully reloaded assembly
- Finished resetting the current domain, in  4.587 seconds
Domain Reload Profiling: 7063ms
	BeginReloadAssembly (1560ms)
		DisableScriptedObjects (256ms)
		CreateAndSetChildDomain (604ms)
	RebuildCommonClasses (21ms)
	RebuildNativeTypeToScriptingClass (42ms)
	initialDomainReloadingComplete (178ms)
	LoadAllAssembliesAndSetupDomain (673ms)
		LoadAssemblies (341ms)
		AnalyzeDomain (316ms)
			TypeCache.Refresh (16ms)
			BuildScriptInfoCaches (243ms)
			ResolveRequiredComponents (53ms)
	FinalizeReload (4590ms)
		SetupLoadedEditorAssemblies (0ms)
			InitializePlatformSupportModulesInManaged (5ms)
			BeforeProcessingInitializeOnLoad (519ms)
			ProcessInitializeOnLoadAttributes (990ms)
			ProcessInitializeOnLoadMethodAttributes (347ms)
			AfterProcessingInitializeOnLoad (41ms)
		AwakeInstancesAfterBackupRestoration (1460ms)

Asset Pipeline Refresh (id=753c996bfc6d7f649b5a50ffc0acce99): Total: 7.649 seconds - Initiated by StopAssetImportingV2(ForceSynchronousImport | ForceDomainReload)
	(Values over 0.05ms)
	Summary:
		Imports: total=0 (actual=0, local cache=0, cache server=0)
		Asset DB Process Time: managed=0 ms, native=4872 ms
		Asset DB Callback time: managed=84 ms, native=1 ms
		Scripting: domain reloads=1, domain reload time=2682 ms, compile time=8 ms, other=0 ms
		Project Asset Count: scripts=980, non-scripts=1925
		Asset File Changes: new=0, changed=0, moved=0, deleted=0
		Scan Filter Count: 0
	InvokePackagesCallback: 6.972ms
	ApplyChangesToAssetFolders: 0.431ms
	Collect global state as custom dependencies: 2.427ms
	ProcessAssetsWithTransientArtifactChanges: 4.074ms
	CategorizeAssets: 92.764ms
	CompileScripts: 8.194ms
	ImportOutOfDateAssets: 4674.756ms (4605.821ms without children)
		CollectScriptTypesHashes: 2.460ms
		ReloadNativeAssets: 2.096ms
		UnloadImportedAssets: 0.512ms
		EnsureUptoDateAssetsAreRegisteredWithGuidPM: 1.006ms
		ImportSchedulerStart: 65.273ms
	PostProcessAllAssets: 84.359ms
		MonoPostProcessAllAssets: 84.352ms
			SyncVS.PostprocessSyncProject 24.993ms
			UniversalRenderPipelineGlobalSettingsPostprocessor.OnPostprocessAllAssets 23.231ms
			BuilderAssetPostprocessor.OnPostprocessAllAssets 17.527ms
			AssetChangedListener.OnPostprocessAllAssets 14.467ms
			AssetPostprocessor.OnPostprocessAllAssets 11.986ms
			SpriteSlicePostprocessor.OnPostprocessAllAssets 6.064ms
			WindowAssetPostprocessingWatcher.OnPostprocessAllAssets 4.796ms
			ShaderGraphAssetPostProcessor.OnPostprocessAllAssets 3.712ms
			SpeedTree9Postprocessor.OnPostprocessAllAssets 3.280ms
			RetainedModeAssetPostprocessor.OnPostprocessAllAssets 3.132ms
			EditModeScopePostprocessor.OnPostprocessAllAssets 2.319ms
			ProjectSettingsPostprocessor.OnPostprocessAllAssets 1.793ms
			MaterialPostprocessor.OnPostprocessAllAssets 1.157ms
			ShaderReflectionAssetPostProcessor.OnPostprocessAllAssets 1.003ms
			TMPro_TexturePostProcessor.OnPostprocessAllAssets 0.948ms
			SpriteEditorTexturePostprocessor.OnPostprocessAllAssets 0.910ms
			ArtifactBrowserPostProcessor.OnPostprocessAllAssets 0.856ms
			TextAssetPostProcessor.OnPostprocessAllAssets 0.815ms
			AssetEvents.OnPostprocessAllAssets 0.768ms
			ReferencedClipsPostProcessor.OnPostprocessAllAssets 0.757ms
			InputActionAssetPostprocessor.OnPostprocessAllAssets 0.742ms
			PostProcessor.OnPostprocessAllAssets 0.611ms
			AudioMixerPostprocessor.OnPostprocessAllAssets 0.552ms
			SampleDependencyImporterPostProcessor.OnPostprocessAllAssets 0.520ms
			InputActionJsonNameModifierAssetProcessor.OnPostprocessAllAssets 0.460ms
			StyleCatalogPostProcessor.OnPostprocessAllAssets 0.421ms
			ConfigAssetsTracker.OnPostprocessAllAssets 0.405ms
			AssetDatabaseCallbacks.OnPostprocessAllAssets 0.379ms
			SpeedTreePostProcessor.OnPostprocessAllAssets 0.365ms
			ScenarioDriftAssetsTracker.OnPostprocessAllAssets 0.358ms
			SamplePostprocessor.OnPostprocessAllAssets 0.236ms
			TerrainToolbarOverlayPostProcessor.OnPostprocessAllAssets 0.224ms
			RenderPipelineGlobalSettingsPostprocessor.OnPostprocessAllAssets 0.190ms
			AudioContainerPostProcessor.OnPostprocessAllAssets 0.122ms
			AssetProcessor.OnPostprocessAllAssets 0.091ms
	GatherAllCurrentPrimaryImportResultRevisions: 0.163ms
	PersistCurrentRevisions: 0.200ms
	GenerateScriptTypeHashes: 6.008ms
	GenerateScriptTypeSerializationHashes: 10.826ms
	Untracked: 2758.330ms

[Licensing::Client] Successfully resolved entitlement details
[Licensing::Client] Successfully resolved entitlement details
[ScriptCompilation] Requested script compilation because: AssetDatabase observed changes in script compilation related files
Asset Pipeline Refresh (id=cb9d011667cb5bb4791031c6e9c00833): Total: 0.234 seconds - Initiated by RefreshV2(NoUpdateAssetOptions)
info: Microsoft.AspNetCore.Hosting.Diagnostics[1]
      Request starting HTTP/2 POST http://ilpp/UnityILPP.PostProcessing/Ping - application/grpc -
info: Microsoft.AspNetCore.Routing.EndpointMiddleware[0]
      Executing endpoint 'gRPC - /UnityILPP.PostProcessing/Ping'
info: Microsoft.AspNetCore.Routing.EndpointMiddleware[1]
      Executed endpoint 'gRPC - /UnityILPP.PostProcessing/Ping'
info: Microsoft.AspNetCore.Hosting.Diagnostics[2]
      Request finished HTTP/2 POST http://ilpp/UnityILPP.PostProcessing/Ping - 200 - application/grpc 0.3835ms
Starting: C:\Program Files\Unity\Hub\Editor\6000.5.8f1\Editor\Data\Tools\BuildPipeline\bee_backend.exe --ipc --defer-dag-verification --dagfile="Library/Bee/1900b0aE.dag" --continue-on-failure --profile="Library/Bee/backend1.traceevents" ScriptAssemblies
WorkingDir: C:/DEV/NTI/2026-2027 Programmering/TIA 2dshooter
info: Microsoft.AspNetCore.Hosting.Diagnostics[1]
      Request starting HTTP/2 POST http://ilpp/UnityILPP.PostProcessing/ConfigurePostProcessors - application/grpc -
info: Microsoft.AspNetCore.Routing.EndpointMiddleware[0]
      Executing endpoint 'gRPC - /UnityILPP.PostProcessing/ConfigurePostProcessors'
info: Unity.ILPP.Runner.PostProcessingAssemblyLoadContext[0]
      Current configuration matches the requested one, skipping
info: Microsoft.AspNetCore.Routing.EndpointMiddleware[1]
      Executed endpoint 'gRPC - /UnityILPP.PostProcessing/ConfigurePostProcessors'
info: Microsoft.AspNetCore.Hosting.Diagnostics[2]
      Request finished HTTP/2 POST http://ilpp/UnityILPP.PostProcessing/ConfigurePostProcessors - 200 - application/grpc 1.5275ms
info: Microsoft.AspNetCore.Hosting.Diagnostics[1]
      Request starting HTTP/2 POST http://ilpp/UnityILPP.PostProcessing/PostProcessAssembly - application/grpc -
info: Microsoft.AspNetCore.Routing.EndpointMiddleware[0]
      Executing endpoint 'gRPC - /UnityILPP.PostProcessing/PostProcessAssembly'
info: Unity.ILPP.Runner.PostProcessingPipeline[0]
      Processing assembly Library/Bee/artifacts/1900b0aE.dag/Assembly-CSharp.dll, with 142 defines and 323 references
info: Unity.ILPP.Runner.PostProcessingPipeline[0]
      processors: Unity.Jobs.CodeGen.JobsILPostProcessor, zzzUnity.Burst.CodeGen.BurstILPostProcessor
info: Unity.ILPP.Runner.PostProcessingPipeline[0]
      running Unity.Jobs.CodeGen.JobsILPostProcessor
info: Unity.ILPP.Runner.PostProcessingPipeline[0]
      running zzzUnity.Burst.CodeGen.BurstILPostProcessor
info: Microsoft.AspNetCore.Routing.EndpointMiddleware[1]
      Executed endpoint 'gRPC - /UnityILPP.PostProcessing/PostProcessAssembly'
info: Microsoft.AspNetCore.Hosting.Diagnostics[2]
      Request finished HTTP/2 POST http://ilpp/UnityILPP.PostProcessing/PostProcessAssembly - 200 - application/grpc 29.1519ms
Asset Pipeline Refresh (id=ce2ec6a977139bf4c855e532ef82ddaa): Total: 0.035 seconds - Initiated by RefreshV2(NoUpdateAssetOptions)
ExitCode: 0 Duration: 0s551ms
[581/727    0s] ILPP-Configuration Library/ilpp-configuration.nevergeneratedoutput
[723/727    0s] Csc Library/Bee/artifacts/1900b0aE.dag/Assembly-CSharp.dll (+2 others)
Assets\BoltController.cs(5,9): warning CS0414: The field 'BoltController.speed' is assigned but its value is never used
[724/727    0s] ILPostProcess Library/Bee/artifacts/1900b0aE.dag/post-processed/Assembly-CSharp.dll (+pdb)
Processing assembly Library/Bee/artifacts/1900b0aE.dag/Assembly-CSharp.dll, with 142 defines and 323 references

processors: Unity.Jobs.CodeGen.JobsILPostProcessor, zzzUnity.Burst.CodeGen.BurstILPostProcessor

running Unity.Jobs.CodeGen.JobsILPostProcessor

running zzzUnity.Burst.CodeGen.BurstILPostProcessor
[725/727    0s] CopyFiles Library/ScriptAssemblies/Assembly-CSharp.pdb
[726/727    0s] CopyFiles Library/ScriptAssemblies/Assembly-CSharp.dll
*** Tundra build success (0.51 seconds), 5 items updated, 727 evaluated
Assets\BoltController.cs(5,9): warning CS0414: The field 'BoltController.speed' is assigned but its value is never used
Reloading assemblies after finishing script compilation.
Reloading assemblies after forced synchronous recompile.
Begin MonoManager ReloadAssembly
Native extension for WindowsStandalone target not found
[MODES] ModeService[none].Initialize
[MODES] ModeService[none].LoadModes
ScheduleIndexationOnStartup MainProcess:True IndexOnStartup:True
Mono: successfully reloaded assembly
- Finished resetting the current domain, in  4.600 seconds
Domain Reload Profiling: 7290ms
	BeginReloadAssembly (1726ms)
		DisableScriptedObjects (239ms)
		CreateAndSetChildDomain (640ms)
	RebuildCommonClasses (24ms)
	RebuildNativeTypeToScriptingClass (43ms)
	initialDomainReloadingComplete (172ms)
	LoadAllAssembliesAndSetupDomain (722ms)
		LoadAssemblies (380ms)
		AnalyzeDomain (345ms)
			TypeCache.Refresh (15ms)
			BuildScriptInfoCaches (264ms)
			ResolveRequiredComponents (63ms)
	FinalizeReload (4602ms)
		SetupLoadedEditorAssemblies (0ms)
			InitializePlatformSupportModulesInManaged (6ms)
			BeforeProcessingInitializeOnLoad (461ms)
			ProcessInitializeOnLoadAttributes (1073ms)
			ProcessInitializeOnLoadMethodAttributes (362ms)
			AfterProcessingInitializeOnLoad (40ms)
		AwakeInstancesAfterBackupRestoration (1423ms)

Asset Pipeline Refresh (id=094a9b0e12bd9604a917c3e269c13f89): Total: 7.837 seconds - Initiated by StopAssetImportingV2(ForceSynchronousImport | ForceDomainReload)
	(Values over 0.05ms)
	Summary:
		Imports: total=0 (actual=0, local cache=0, cache server=0)
		Asset DB Process Time: managed=0 ms, native=4866 ms
		Asset DB Callback time: managed=81 ms, native=1 ms
		Scripting: domain reloads=1, domain reload time=2882 ms, compile time=5 ms, other=0 ms
		Project Asset Count: scripts=980, non-scripts=1925
		Asset File Changes: new=0, changed=0, moved=0, deleted=0
		Scan Filter Count: 0
	InvokePackagesCallback: 8.391ms
	ApplyChangesToAssetFolders: 0.551ms
	Collect global state as custom dependencies: 3.668ms
	ProcessAssetsWithTransientArtifactChanges: 5.512ms
	CategorizeAssets: 84.486ms
	CompileScripts: 5.284ms
	ImportOutOfDateAssets: 4684.146ms (4618.229ms without children)
		CollectScriptTypesHashes: 2.605ms
		ReloadNativeAssets: 1.954ms
		UnloadImportedAssets: 0.456ms
		EnsureUptoDateAssetsAreRegisteredWithGuidPM: 1.012ms
		ImportSchedulerStart: 62.452ms
	PostProcessAllAssets: 81.400ms
		MonoPostProcessAllAssets: 81.393ms
			UniversalRenderPipelineGlobalSettingsPostprocessor.OnPostprocessAllAssets 26.302ms
			SyncVS.PostprocessSyncProject 22.838ms
			BuilderAssetPostprocessor.OnPostprocessAllAssets 15.066ms
			AssetChangedListener.OnPostprocessAllAssets 14.619ms
			AssetPostprocessor.OnPostprocessAllAssets 12.511ms
			SpriteSlicePostprocessor.OnPostprocessAllAssets 7.252ms
			ShaderGraphAssetPostProcessor.OnPostprocessAllAssets 3.725ms
			WindowAssetPostprocessingWatcher.OnPostprocessAllAssets 3.492ms
			RetainedModeAssetPostprocessor.OnPostprocessAllAssets 3.294ms
			SpeedTree9Postprocessor.OnPostprocessAllAssets 3.026ms
			SpriteEditorTexturePostprocessor.OnPostprocessAllAssets 1.702ms
			EditModeScopePostprocessor.OnPostprocessAllAssets 1.677ms
			MaterialPostprocessor.OnPostprocessAllAssets 1.646ms
			TMPro_TexturePostProcessor.OnPostprocessAllAssets 1.374ms
			ArtifactBrowserPostProcessor.OnPostprocessAllAssets 1.239ms
			ProjectSettingsPostprocessor.OnPostprocessAllAssets 1.121ms
			ShaderReflectionAssetPostProcessor.OnPostprocessAllAssets 0.968ms
			AudioMixerPostprocessor.OnPostprocessAllAssets 0.908ms
			TextAssetPostProcessor.OnPostprocessAllAssets 0.903ms
			SampleDependencyImporterPostProcessor.OnPostprocessAllAssets 0.897ms
			InputActionJsonNameModifierAssetProcessor.OnPostprocessAllAssets 0.860ms
			AssetEvents.OnPostprocessAllAssets 0.818ms
			ReferencedClipsPostProcessor.OnPostprocessAllAssets 0.718ms
			StyleCatalogPostProcessor.OnPostprocessAllAssets 0.599ms
			PostProcessor.OnPostprocessAllAssets 0.578ms
			InputActionAssetPostprocessor.OnPostprocessAllAssets 0.454ms
			ConfigAssetsTracker.OnPostprocessAllAssets 0.451ms
			SpeedTreePostProcessor.OnPostprocessAllAssets 0.430ms
			SamplePostprocessor.OnPostprocessAllAssets 0.425ms
			ScenarioDriftAssetsTracker.OnPostprocessAllAssets 0.422ms
			AssetDatabaseCallbacks.OnPostprocessAllAssets 0.398ms
			AssetProcessor.OnPostprocessAllAssets 0.296ms
			TerrainToolbarOverlayPostProcessor.OnPostprocessAllAssets 0.230ms
			AudioContainerPostProcessor.OnPostprocessAllAssets 0.203ms
			RenderPipelineGlobalSettingsPostprocessor.OnPostprocessAllAssets 0.191ms
	GatherAllCurrentPrimaryImportResultRevisions: 0.244ms
	PersistCurrentRevisions: 0.197ms
	GenerateScriptTypeHashes: 5.207ms
	GenerateScriptTypeSerializationHashes: 9.063ms
	Untracked: 2948.629ms

[Licensing::Client] Successfully resolved entitlement details
[Licensing::Client] Successfully resolved entitlement details
[ScriptCompilation] Requested script compilation because: AssetDatabase observed changes in script compilation related files
Asset Pipeline Refresh (id=e93ebe68a48be224584d764403ee1e4b): Total: 0.278 seconds - Initiated by RefreshV2(NoUpdateAssetOptions)
[Licensing::Client] Successfully resolved entitlement details
info: Microsoft.AspNetCore.Hosting.Diagnostics[1]
      Request starting HTTP/2 POST http://ilpp/UnityILPP.PostProcessing/Ping - application/grpc -
info: Microsoft.AspNetCore.Routing.EndpointMiddleware[0]
      Executing endpoint 'gRPC - /UnityILPP.PostProcessing/Ping'
info: Microsoft.AspNetCore.Routing.EndpointMiddleware[1]
      Executed endpoint 'gRPC - /UnityILPP.PostProcessing/Ping'
info: Microsoft.AspNetCore.Hosting.Diagnostics[2]
      Request finished HTTP/2 POST http://ilpp/UnityILPP.PostProcessing/Ping - 200 - application/grpc 0.3219ms
Starting: C:\Program Files\Unity\Hub\Editor\6000.5.8f1\Editor\Data\Tools\BuildPipeline\bee_backend.exe --ipc --defer-dag-verification --dagfile="Library/Bee/1900b0aE.dag" --continue-on-failure --profile="Library/Bee/backend1.traceevents" ScriptAssemblies
WorkingDir: C:/DEV/NTI/2026-2027 Programmering/TIA 2dshooter
info: Microsoft.AspNetCore.Hosting.Diagnostics[1]
      Request starting HTTP/2 POST http://ilpp/UnityILPP.PostProcessing/ConfigurePostProcessors - application/grpc -
info: Microsoft.AspNetCore.Routing.EndpointMiddleware[0]
      Executing endpoint 'gRPC - /UnityILPP.PostProcessing/ConfigurePostProcessors'
info: Unity.ILPP.Runner.PostProcessingAssemblyLoadContext[0]
      Current configuration matches the requested one, skipping
info: Microsoft.AspNetCore.Routing.EndpointMiddleware[1]
      Executed endpoint 'gRPC - /UnityILPP.PostProcessing/ConfigurePostProcessors'
info: Microsoft.AspNetCore.Hosting.Diagnostics[2]
      Request finished HTTP/2 POST http://ilpp/UnityILPP.PostProcessing/ConfigurePostProcessors - 200 - application/grpc 1.7591ms
ExitCode: 3 Duration: 0s415ms
[581/727    0s] ILPP-Configuration Library/ilpp-configuration.nevergeneratedoutput
[723/727    0s] Csc Library/Bee/artifacts/1900b0aE.dag/Assembly-CSharp.dll (+2 others)
##### CommandLine
"C:\Program Files\Unity\Hub\Editor\6000.5.8f1\Editor\Data\DotNetSdk\dotnet.exe" exec "C:/Program Files/Unity/Hub/Editor/6000.5.8f1/Editor/Data/DotNetSdk/sdk/8.0.318/Roslyn/bincore/csc.dll" /nostdlib /noconfig /shared "@Library/Bee/artifacts/1900b0aE.dag/Assembly-CSharp.rsp" "@Library/Bee/artifacts/1900b0aE.dag/Assembly-CSharp.rsp2"
##### Contents of Library\Bee\artifacts\1900b0aE.dag\Assembly-CSharp.rsp
-target:library
-out:"Library/Bee/artifacts/1900b0aE.dag/Assembly-CSharp.dll"
-refout:"Library/Bee/artifacts/1900b0aE.dag/Assembly-CSharp.ref.dll"
-define:UNITY_6000_5_8
-define:UNITY_6000_5
-define:UNITY_6000
-define:UNITY_5_3_OR_NEWER
-define:UNITY_5_4_OR_NEWER
-define:UNITY_5_5_OR_NEWER
-define:UNITY_5_6_OR_NEWER
-define:UNITY_2017_1_OR_NEWER
-define:UNITY_2017_2_OR_NEWER
-define:UNITY_2017_3_OR_NEWER
-define:UNITY_2017_4_OR_NEWER
-define:UNITY_2018_1_OR_NEWER
-define:UNITY_2018_2_OR_NEWER
-define:UNITY_2018_3_OR_NEWER
-define:UNITY_2018_4_OR_NEWER
-define:UNITY_2019_1_OR_NEWER
-define:UNITY_2019_2_OR_NEWER
-define:UNITY_2019_3_OR_NEWER
-define:UNITY_2019_4_OR_NEWER
-define:UNITY_2020_1_OR_NEWER
-define:UNITY_2020_2_OR_NEWER
-define:UNITY_2020_3_OR_NEWER
-define:UNITY_2021_1_OR_NEWER
-define:UNITY_2021_2_OR_NEWER
-define:UNITY_2021_3_OR_NEWER
-define:UNITY_2022_1_OR_NEWER
-define:UNITY_2022_2_OR_NEWER
-define:UNITY_2022_3_OR_NEWER
-define:UNITY_2023_1_OR_NEWER
-define:UNITY_2023_2_OR_NEWER
-define:UNITY_2023_3_OR_NEWER
-define:UNITY_6000_0_OR_NEWER
-define:UNITY_6000_1_OR_NEWER
-define:UNITY_6000_2_OR_NEWER
-define:UNITY_6000_3_OR_NEWER
-define:UNITY_6000_4_OR_NEWER
-define:UNITY_6000_5_OR_NEWER
-define:PLATFORM_ARCH_64
-define:UNITY_64
-define:UNITY_INCLUDE_TESTS
-define:ENABLE_AR
-define:ENABLE_AUDIO
-define:ENABLE_AUDIO_SCRIPTABLE_PIPELINE
-define:ENABLE_CACHING
-define:ENABLE_CLOTH
-define:ENABLE_EVENT_QUEUE
-define:ENABLE_MICROPHONE
-define:ENABLE_MULTIPLE_DISPLAYS
-define:ENABLE_PHYSICS
-define:ENABLE_TEXTURE_STREAMING
-define:ENABLE_VIRTUALTEXTURING
-define:ENABLE_LZMA
-define:ENABLE_UNITYEVENTS
-define:ENABLE_VR
-define:ENABLE_WEBCAM
-define:ENABLE_UNITYWEBREQUEST
-define:ENABLE_WWW
-define:ENABLE_CLOUD_SERVICES
-define:ENABLE_CLOUD_SERVICES_ADS
-define:ENABLE_CLOUD_SERVICES_USE_WEBREQUEST
-define:ENABLE_UNITY_CONSENT
-define:ENABLE_UNITY_CLOUD_IDENTIFIERS
-define:ENABLE_CLOUD_SERVICES_CRASH_REPORTING
-define:ENABLE_CLOUD_SERVICES_NATIVE_CRASH_REPORTING
-define:ENABLE_CLOUD_SERVICES_PURCHASING
-define:ENABLE_CLOUD_SERVICES_ANALYTICS
-define:ENABLE_CLOUD_SERVICES_BUILD
-define:ENABLE_EDITOR_GAME_SERVICES
-define:ENABLE_UNITY_GAME_SERVICES_ANALYTICS_SUPPORT
-define:ENABLE_CLOUD_LICENSE
-define:ENABLE_EDITOR_HUB_LICENSE
-define:ENABLE_WEBSOCKET_CLIENT
-define:ENABLE_GENERATE_NATIVE_PLUGINS_FOR_ASSEMBLIES_API
-define:ENABLE_DIRECTOR_AUDIO
-define:ENABLE_DIRECTOR_TEXTURE
-define:ENABLE_MANAGED_JOBS
-define:ENABLE_MANAGED_TRANSFORM_JOBS
-define:ENABLE_MANAGED_ANIMATION_JOBS
-define:ENABLE_MANAGED_AUDIO_JOBS
-define:ENABLE_MANAGED_UNITYTLS
-define:INCLUDE_DYNAMIC_GI
-define:ENABLE_SCRIPTING_GC_WBARRIERS
-define:PLATFORM_SUPPORTS_MONO
-define:RENDER_SOFTWARE_CURSOR
-define:ENABLE_MARSHALLING_TESTS
-define:ENABLE_VIDEO
-define:ENABLE_NAVIGATION_OFFMESHLINK_TO_NAVMESHLINK
-define:ENABLE_ACCELERATOR_CLIENT_DEBUGGING
-define:ENABLE_ACCESSIBILITY_SCREEN_READER
-define:TEXTCORE_1_0_OR_NEWER
-define:EDITOR_ONLY_NAVMESH_BUILDER_DEPRECATED
-define:PLATFORM_STANDALONE_WIN
-define:PLATFORM_STANDALONE
-define:UNITY_STANDALONE_WIN
-define:UNITY_STANDALONE
-define:ENABLE_RUNTIME_GI
-define:ENABLE_MOVIES
-define:ENABLE_NETWORK
-define:ENABLE_NVIDIA
-define:ENABLE_AMD
-define:ENABLE_CRUNCH_TEXTURE_COMPRESSION
-define:ENABLE_CLOUD_SERVICES_ENGINE_DIAGNOSTICS
-define:ENABLE_OUT_OF_PROCESS_CRASH_HANDLER
-define:ENABLE_CLUSTER_SYNC
-define:ENABLE_CLUSTERINPUT
-define:PLATFORM_UPDATES_TIME_OUTSIDE_OF_PLAYER_LOOP
-define:GFXDEVICE_WAITFOREVENT_MESSAGEPUMP
-define:PLATFORM_USES_EXPLICIT_MEMORY_MANAGER_INITIALIZER
-define:PLATFORM_SUPPORTS_WAIT_FOR_PRESENTATION
-define:PLATFORM_SUPPORTS_SPLIT_GRAPHICS_JOBS
-define:PLATFORM_USES_VULKAN_OLD_SWAPCHAIN
-define:USE_READ_ASYNC_MANAGED_API
-define:ENABLE_MONO
-define:NET_STANDARD_2_0
-define:NET_STANDARD
-define:NET_STANDARD_2_1
-define:NETSTANDARD
-define:NETSTANDARD2_1
-define:ENABLE_PROFILER
-define:DEBUG
-define:TRACE
-define:UNITY_ASSERTIONS
-define:UNITY_EDITOR
-define:UNITY_EDITOR_64
-define:UNITY_EDITOR_WIN
-define:ENABLE_UNITY_COLLECTIONS_CHECKS
-define:ENABLE_BURST_AOT
-define:UNITY_TEAM_LICENSE
-define:ENABLE_CUSTOM_RENDER_TEXTURE
-define:ENABLE_DIRECTOR
-define:ENABLE_LOCALIZATION
-define:ENABLE_SPRITES
-define:ENABLE_TERRAIN
-define:ENABLE_TILEMAP
-define:ENABLE_TIMELINE
-define:ENABLE_INPUT_SYSTEM
-define:ENABLE_LEGACY_INPUT_MANAGER
-define:TEXTCORE_FONT_ENGINE_1_5_OR_NEWER
-define:TEXTCORE_TEXT_ENGINE_1_5_OR_NEWER
-define:TEXTCORE_FONT_ENGINE_1_6_OR_NEWER
-define:CSHARP_7_OR_LATER
-define:CSHARP_7_3_OR_NEWER
-r:"C:/Program Files/Unity/Hub/Editor/6000.5.8f1/Editor/Data/BCLExtensions/TargetingPacks/netstandard2.1/ref/Microsoft.Bcl.AsyncInterfaces.dll"
-r:"C:/Program Files/Unity/Hub/Editor/6000.5.8f1/Editor/Data/BCLExtensions/TargetingPacks/netstandard2.1/ref/Microsoft.Extensions.DependencyInjection.Abstractions.dll"
-r:"C:/Program Files/Unity/Hub/Editor/6000.5.8f1/Editor/Data/BCLExtensions/TargetingPacks/netstandard2.1/ref/Microsoft.Extensions.Logging.Abstractions.dll"
-r:"C:/Program Files/Unity/Hub/Editor/6000.5.8f1/Editor/Data/BCLExtensions/TargetingPacks/netstandard2.1/ref/System.Collections.Immutable.dll"
-r:"C:/Program Files/Unity/Hub/Editor/6000.5.8f1/Editor/Data/BCLExtensions/TargetingPacks/netstandard2.1/ref/System.Diagnostics.DiagnosticSource.dll"
-r:"C:/Program Files/Unity/Hub/Editor/6000.5.8f1/Editor/Data/BCLExtensions/TargetingPacks/netstandard2.1/ref/System.IO.Hashing.dll"
-r:"C:/Program Files/Unity/Hub/Editor/6000.5.8f1/Editor/Data/BCLExtensions/TargetingPacks/netstandard2.1/ref/System.Reflection.Metadata.dll"
-r:"C:/Program Files/Unity/Hub/Editor/6000.5.8f1/Editor/Data/BCLExtensions/TargetingPacks/netstandard2.1/ref/System.Runtime.CompilerServices.Unsafe.dll"
-r:"C:/Program Files/Unity/Hub/Editor/6000.5.8f1/Editor/Data/BCLExtensions/TargetingPacks/netstandard2.1/ref/System.Text.Encodings.Web.dll"
-r:"C:/Program Files/Unity/Hub/Editor/6000.5.8f1/Editor/Data/BCLExtensions/TargetingPacks/netstandard2.1/ref/System.Text.Json.dll"
-r:"C:/Program Files/Unity/Hub/Editor/6000.5.8f1/Editor/Data/Managed/UnityEngine/Unity.Scripting.dll"
-r:"C:/Program Files/Unity/Hub/Editor/6000.5.8f1/Editor/Data/Managed/UnityEngine/UnityEditor.AIModule.dll"
-r:"C:/Program Files/Unity/Hub/Editor/6000.5.8f1/Editor/Data/Managed/UnityEngine/UnityEditor.AccessibilityModule.dll"
-r:"C:/Program Files/Unity/Hub/Editor/6000.5.8f1/Editor/Data/Managed/UnityEngine/UnityEditor.AdaptivePerformanceModule.dll"
-r:"C:/Program Files/Unity/Hub/Editor/6000.5.8f1/Editor/Data/Managed/UnityEngine/UnityEditor.AssetComplianceModule.dll"
-r:"C:/Program Files/Unity/Hub/Editor/6000.5.8f1/Editor/Data/Managed/UnityEngine/UnityEditor.BuildProfileModule.dll"
-r:"C:/Program Files/Unity/Hub/Editor/6000.5.8f1/Editor/Data/Managed/UnityEngine/UnityEditor.ClothModule.dll"
-r:"C:/Program Files/Unity/Hub/Editor/6000.5.8f1/Editor/Data/Managed/UnityEngine/UnityEditor.ContentLoadModule.dll"
-r:"C:/Program Files/Unity/Hub/Editor/6000.5.8f1/Editor/Data/Managed/UnityEngine/UnityEditor.CoreBusinessMetricsModule.dll"
-r:"C:/Program Files/Unity/Hub/Editor/6000.5.8f1/Editor/Data/Managed/UnityEngine/UnityEditor.CoreModule.dll"
-r:"C:/Program Files/Unity/Hub/Editor/6000.5.8f1/Editor/Data/Managed/UnityEngine/UnityEditor.DeviceSimulatorModule.dll"
-r:"C:/Program Files/Unity/Hub/Editor/6000.5.8f1/Editor/Data/Managed/UnityEngine/UnityEditor.DiagnosticsModule.dll"
-r:"C:/Program Files/Unity/Hub/Editor/6000.5.8f1/Editor/Data/Managed/UnityEngine/UnityEditor.EditorToolbarModule.dll"
-r:"C:/Program Files/Unity/Hub/Editor/6000.5.8f1/Editor/Data/Managed/UnityEngine/UnityEditor.EmbreeModule.dll"
-r:"C:/Program Files/Unity/Hub/Editor/6000.5.8f1/Editor/Data/Managed/UnityEngine/UnityEditor.GIModule.dll"
-r:"C:/Program Files/Unity/Hub/Editor/6000.5.8f1/Editor/Data/Managed/UnityEngine/UnityEditor.GenericRemoteModule.dll"
-r:"C:/Program Files/Unity/Hub/Editor/6000.5.8f1/Editor/Data/Managed/UnityEngine/UnityEditor.GraphToolkitModule.dll"
-r:"C:/Program Files/Unity/Hub/Editor/6000.5.8f1/Editor/Data/Managed/UnityEngine/UnityEditor.GraphViewModule.dll"
-r:"C:/Program Files/Unity/Hub/Editor/6000.5.8f1/Editor/Data/Managed/UnityEngine/UnityEditor.GraphicsStateCollectionSerializerModule.dll"
-r:"C:/Program Files/Unity/Hub/Editor/6000.5.8f1/Editor/Data/Managed/UnityEngine/UnityEditor.GridAndSnapModule.dll"
-r:"C:/Program Files/Unity/Hub/Editor/6000.5.8f1/Editor/Data/Managed/UnityEngine/UnityEditor.GridModule.dll"
-r:"C:/Program Files/Unity/Hub/Editor/6000.5.8f1/Editor/Data/Managed/UnityEngine/UnityEditor.HierarchyModule.dll"
-r:"C:/Program Files/Unity/Hub/Editor/6000.5.8f1/Editor/Data/Managed/UnityEngine/UnityEditor.LightingModule.dll"
-r:"C:/Program Files/Unity/Hub/Editor/6000.5.8f1/Editor/Data/Managed/UnityEngine/UnityEditor.MathematicsModule.dll"
-r:"C:/Program Files/Unity/Hub/Editor/6000.5.8f1/Editor/Data/Managed/UnityEngine/UnityEditor.MediaModule.dll"
-r:"C:/Program Files/Unity/Hub/Editor/6000.5.8f1/Editor/Data/Managed/UnityEngine/UnityEditor.MultiplayerModule.dll"
-r:"C:/Program Files/Unity/Hub/Editor/6000.5.8f1/Editor/Data/Managed/UnityEngine/UnityEditor.Physics2DModule.dll"
-r:"C:/Program Files/Unity/Hub/Editor/6000.5.8f1/Editor/Data/Managed/UnityEngine/UnityEditor.PhysicsCore2DModule.dll"
-r:"C:/Program Files/Unity/Hub/Editor/6000.5.8f1/Editor/Data/Managed/UnityEngine/UnityEditor.PhysicsModule.dll"
-r:"C:/Program Files/Unity/Hub/Editor/6000.5.8f1/Editor/Data/Managed/UnityEngine/UnityEditor.PlayModeModule.dll"
-r:"C:/Program Files/Unity/Hub/Editor/6000.5.8f1/Editor/Data/Managed/UnityEngine/UnityEditor.PresetsUIModule.dll"
-r:"C:/Program Files/Unity/Hub/Editor/6000.5.8f1/Editor/Data/Managed/UnityEngine/UnityEditor.ProjectAuditorModule.dll"
-r:"C:/Program Files/Unity/Hub/Editor/6000.5.8f1/Editor/Data/Managed/UnityEngine/UnityEditor.PropertiesModule.dll"
-r:"C:/Program Files/Unity/Hub/Editor/6000.5.8f1/Editor/Data/Managed/UnityEngine/UnityEditor.QuickInstallModule.dll"
-r:"C:/Program Files/Unity/Hub/Editor/6000.5.8f1/Editor/Data/Managed/UnityEngine/UnityEditor.QuickSearchModule.dll"
-r:"C:/Program Files/Unity/Hub/Editor/6000.5.8f1/Editor/Data/Managed/UnityEngine/UnityEditor.SafeModeModule.dll"
-r:"C:/Program Files/Unity/Hub/Editor/6000.5.8f1/Editor/Data/Managed/UnityEngine/UnityEditor.SceneTemplateModule.dll"
-r:"C:/Program Files/Unity/Hub/Editor/6000.5.8f1/Editor/Data/Managed/UnityEngine/UnityEditor.SceneViewModule.dll"
-r:"C:/Program Files/Unity/Hub/Editor/6000.5.8f1/Editor/Data/Managed/UnityEngine/UnityEditor.ShaderBuildSettingsModule.dll"
-r:"C:/Program Files/Unity/Hub/Editor/6000.5.8f1/Editor/Data/Managed/UnityEngine/UnityEditor.ShaderCompilationModule.dll"
-r:"C:/Program Files/Unity/Hub/Editor/6000.5.8f1/Editor/Data/Managed/UnityEngine/UnityEditor.ShaderFoundryModule.dll"
-r:"C:/Program Files/Unity/Hub/Editor/6000.5.8f1/Editor/Data/Managed/UnityEngine/UnityEditor.SketchUpModule.dll"
-r:"C:/Program Files/Unity/Hub/Editor/6000.5.8f1/Editor/Data/Managed/UnityEngine/UnityEditor.SpriteMaskModule.dll"
-r:"C:/Program Files/Unity/Hub/Editor/6000.5.8f1/Editor/Data/Managed/UnityEngine/UnityEditor.SpriteShapeModule.dll"
-r:"C:/Program Files/Unity/Hub/Editor/6000.5.8f1/Editor/Data/Managed/UnityEngine/UnityEditor.SubstanceModule.dll"
-r:"C:/Program Files/Unity/Hub/Editor/6000.5.8f1/Editor/Data/Managed/UnityEngine/UnityEditor.TerrainModule.dll"
-r:"C:/Program Files/Unity/Hub/Editor/6000.5.8f1/Editor/Data/Managed/UnityEngine/UnityEditor.TextCoreFontEngineModule.dll"
-r:"C:/Program Files/Unity/Hub/Editor/6000.5.8f1/Editor/Data/Managed/UnityEngine/UnityEditor.TextCoreTextEngineModule.dll"
-r:"C:/Program Files/Unity/Hub/Editor/6000.5.8f1/Editor/Data/Managed/UnityEngine/UnityEditor.TextRenderingModule.dll"
-r:"C:/Program Files/Unity/Hub/Editor/6000.5.8f1/Editor/Data/Managed/UnityEngine/UnityEditor.TilemapModule.dll"
-r:"C:/Program Files/Unity/Hub/Editor/6000.5.8f1/Editor/Data/Managed/UnityEngine/UnityEditor.TreeModule.dll"
-r:"C:/Program Files/Unity/Hub/Editor/6000.5.8f1/Editor/Data/Managed/UnityEngine/UnityEditor.U2DModule.dll"
-r:"C:/Program Files/Unity/Hub/Editor/6000.5.8f1/Editor/Data/Managed/UnityEngine/UnityEditor.UIAutomationModule.dll"
-r:"C:/Program Files/Unity/Hub/Editor/6000.5.8f1/Editor/Data/Managed/UnityEngine/UnityEditor.UIBuilderModule.dll"
-r:"C:/Program Files/Unity/Hub/Editor/6000.5.8f1/Editor/Data/Managed/UnityEngine/UnityEditor.UIElementsModule.dll"
-r:"C:/Program Files/Unity/Hub/Editor/6000.5.8f1/Editor/Data/Managed/UnityEngine/UnityEditor.UIElementsSamplesModule.dll"
-r:"C:/Program Files/Unity/Hub/Editor/6000.5.8f1/Editor/Data/Managed/UnityEngine/UnityEditor.UIToolkitAuthoringModule.dll"
-r:"C:/Program Files/Unity/Hub/Editor/6000.5.8f1/Editor/Data/Managed/UnityEngine/UnityEditor.UmbraModule.dll"
-r:"C:/Program Files/Unity/Hub/Editor/6000.5.8f1/Editor/Data/Managed/UnityEngine/UnityEditor.UnityConnectModule.dll"
-r:"C:/Program Files/Unity/Hub/Editor/6000.5.8f1/Editor/Data/Managed/UnityEngine/UnityEditor.VFXModule.dll"
-r:"C:/Program Files/Unity/Hub/Editor/6000.5.8f1/Editor/Data/Managed/UnityEngine/UnityEditor.VectorGraphicsModule.dll"
-r:"C:/Program Files/Unity/Hub/Editor/6000.5.8f1/Editor/Data/Managed/UnityEngine/UnityEditor.VideoModule.dll"
-r:"C:/Program Files/Unity/Hub/Editor/6000.5.8f1/Editor/Data/Managed/UnityEngine/UnityEditor.XRModule.dll"
-r:"C:/Program Files/Unity/Hub/Editor/6000.5.8f1/Editor/Data/Managed/UnityEngine/UnityEditor.dll"
-r:"C:/Program Files/Unity/Hub/Editor/6000.5.8f1/Editor/Data/Managed/UnityEngine/UnityEngine.AIModule.dll"
-r:"C:/Program Files/Unity/Hub/Editor/6000.5.8f1/Editor/Data/Managed/UnityEngine/UnityEngine.ARModule.dll"
-r:"C:/Program Files/Unity/Hub/Editor/6000.5.8f1/Editor/Data/Managed/UnityEngine/UnityEngine.AccessibilityModule.dll"
-r:"C:/Program Files/Unity/Hub/Editor/6000.5.8f1/Editor/Data/Managed/UnityEngine/UnityEngine.AdaptivePerformanceModule.dll"
-r:"C:/Program Files/Unity/Hub/Editor/6000.5.8f1/Editor/Data/Managed/UnityEngine/UnityEngine.AndroidJNIModule.dll"
-r:"C:/Program Files/Unity/Hub/Editor/6000.5.8f1/Editor/Data/Managed/UnityEngine/UnityEngine.AnimationModule.dll"
-r:"C:/Program Files/Unity/Hub/Editor/6000.5.8f1/Editor/Data/Managed/UnityEngine/UnityEngine.AssetBundleModule.dll"
-r:"C:/Program Files/Unity/Hub/Editor/6000.5.8f1/Editor/Data/Managed/UnityEngine/UnityEngine.AudioModule.dll"
-r:"C:/Program Files/Unity/Hub/Editor/6000.5.8f1/Editor/Data/Managed/UnityEngine/UnityEngine.ClothModule.dll"
-r:"C:/Program Files/Unity/Hub/Editor/6000.5.8f1/Editor/Data/Managed/UnityEngine/UnityEngine.ClusterInputModule.dll"
-r:"C:/Program Files/Unity/Hub/Editor/6000.5.8f1/Editor/Data/Managed/UnityEngine/UnityEngine.ClusterRendererModule.dll"
-r:"C:/Program Files/Unity/Hub/Editor/6000.5.8f1/Editor/Data/Managed/UnityEngine/UnityEngine.ContentLoadModule.dll"
-r:"C:/Program Files/Unity/Hub/Editor/6000.5.8f1/Editor/Data/Managed/UnityEngine/UnityEngine.CoreModule.dll"
-r:"C:/Program Files/Unity/Hub/Editor/6000.5.8f1/Editor/Data/Managed/UnityEngine/UnityEngine.CrashReportingModule.dll"
-r:"C:/Program Files/Unity/Hub/Editor/6000.5.8f1/Editor/Data/Managed/UnityEngine/UnityEngine.DSPGraphModule.dll"
-r:"C:/Program Files/Unity/Hub/Editor/6000.5.8f1/Editor/Data/Managed/UnityEngine/UnityEngine.DirectorModule.dll"
-r:"C:/Program Files/Unity/Hub/Editor/6000.5.8f1/Editor/Data/Managed/UnityEngine/UnityEngine.GIModule.dll"
-r:"C:/Program Files/Unity/Hub/Editor/6000.5.8f1/Editor/Data/Managed/UnityEngine/UnityEngine.GameCenterModule.dll"
-r:"C:/Program Files/Unity/Hub/Editor/6000.5.8f1/Editor/Data/Managed/UnityEngine/UnityEngine.GraphicsStateCollectionSerializerModule.dll"
-r:"C:/Program Files/Unity/Hub/Editor/6000.5.8f1/Editor/Data/Managed/UnityEngine/UnityEngine.GridModule.dll"
-r:"C:/Program Files/Unity/Hub/Editor/6000.5.8f1/Editor/Data/Managed/UnityEngine/UnityEngine.HierarchyCoreModule.dll"
-r:"C:/Program Files/Unity/Hub/Editor/6000.5.8f1/Editor/Data/Managed/UnityEngine/UnityEngine.HotReloadModule.dll"
-r:"C:/Program Files/Unity/Hub/Editor/6000.5.8f1/Editor/Data/Managed/UnityEngine/UnityEngine.IMGUIModule.dll"
-r:"C:/Program Files/Unity/Hub/Editor/6000.5.8f1/Editor/Data/Managed/UnityEngine/UnityEngine.IdentifiersModule.dll"
-r:"C:/Program Files/Unity/Hub/Editor/6000.5.8f1/Editor/Data/Managed/UnityEngine/UnityEngine.ImageConversionModule.dll"
-r:"C:/Program Files/Unity/Hub/Editor/6000.5.8f1/Editor/Data/Managed/UnityEngine/UnityEngine.InputForUIModule.dll"
-r:"C:/Program Files/Unity/Hub/Editor/6000.5.8f1/Editor/Data/Managed/UnityEngine/UnityEngine.InputLegacyModule.dll"
-r:"C:/Program Files/Unity/Hub/Editor/6000.5.8f1/Editor/Data/Managed/UnityEngine/UnityEngine.InputModule.dll"
-r:"C:/Program Files/Unity/Hub/Editor/6000.5.8f1/Editor/Data/Managed/UnityEngine/UnityEngine.InsightsModule.dll"
-r:"C:/Program Files/Unity/Hub/Editor/6000.5.8f1/Editor/Data/Managed/UnityEngine/UnityEngine.JSONSerializeModule.dll"
-r:"C:/Program Files/Unity/Hub/Editor/6000.5.8f1/Editor/Data/Managed/UnityEngine/UnityEngine.LocalizationModule.dll"
-r:"C:/Program Files/Unity/Hub/Editor/6000.5.8f1/Editor/Data/Managed/UnityEngine/UnityEngine.MarshallingModule.dll"
-r:"C:/Program Files/Unity/Hub/Editor/6000.5.8f1/Editor/Data/Managed/UnityEngine/UnityEngine.MathematicsModule.dll"
-r:"C:/Program Files/Unity/Hub/Editor/6000.5.8f1/Editor/Data/Managed/UnityEngine/UnityEngine.MultiplayerModule.dll"
-r:"C:/Program Files/Unity/Hub/Editor/6000.5.8f1/Editor/Data/Managed/UnityEngine/UnityEngine.ParticleSystemModule.dll"
-r:"C:/Program Files/Unity/Hub/Editor/6000.5.8f1/Editor/Data/Managed/UnityEngine/UnityEngine.PerformanceReportingModule.dll"
-r:"C:/Program Files/Unity/Hub/Editor/6000.5.8f1/Editor/Data/Managed/UnityEngine/UnityEngine.Physics2DModule.dll"
-r:"C:/Program Files/Unity/Hub/Editor/6000.5.8f1/Editor/Data/Managed/UnityEngine/UnityEngine.PhysicsBackendPhysXModule.dll"
-r:"C:/Program Files/Unity/Hub/Editor/6000.5.8f1/Editor/Data/Managed/UnityEngine/UnityEngine.PhysicsCore2DModule.dll"
-r:"C:/Program Files/Unity/Hub/Editor/6000.5.8f1/Editor/Data/Managed/UnityEngine/UnityEngine.PhysicsModule.dll"
-r:"C:/Program Files/Unity/Hub/Editor/6000.5.8f1/Editor/Data/Managed/UnityEngine/UnityEngine.PropertiesModule.dll"
-r:"C:/Program Files/Unity/Hub/Editor/6000.5.8f1/Editor/Data/Managed/UnityEngine/UnityEngine.RenderAs2DModule.dll"
-r:"C:/Program Files/Unity/Hub/Editor/6000.5.8f1/Editor/Data/Managed/UnityEngine/UnityEngine.RuntimeInitializeOnLoadManagerInitializerModule.dll"
-r:"C:/Program Files/Unity/Hub/Editor/6000.5.8f1/Editor/Data/Managed/UnityEngine/UnityEngine.ScreenCaptureModule.dll"
-r:"C:/Program Files/Unity/Hub/Editor/6000.5.8f1/Editor/Data/Managed/UnityEngine/UnityEngine.ScriptingModule.dll"
-r:"C:/Program Files/Unity/Hub/Editor/6000.5.8f1/Editor/Data/Managed/UnityEngine/UnityEngine.ShaderVariantAnalyticsModule.dll"
-r:"C:/Program Files/Unity/Hub/Editor/6000.5.8f1/Editor/Data/Managed/UnityEngine/UnityEngine.SharedInternalsModule.dll"
-r:"C:/Program Files/Unity/Hub/Editor/6000.5.8f1/Editor/Data/Managed/UnityEngine/UnityEngine.SpriteMaskModule.dll"
-r:"C:/Program Files/Unity/Hub/Editor/6000.5.8f1/Editor/Data/Managed/UnityEngine/UnityEngine.SpriteShapeModule.dll"
-r:"C:/Program Files/Unity/Hub/Editor/6000.5.8f1/Editor/Data/Managed/UnityEngine/UnityEngine.StreamingModule.dll"
-r:"C:/Program Files/Unity/Hub/Editor/6000.5.8f1/Editor/Data/Managed/UnityEngine/UnityEngine.SubstanceModule.dll"
-r:"C:/Program Files/Unity/Hub/Editor/6000.5.8f1/Editor/Data/Managed/UnityEngine/UnityEngine.SubsystemsModule.dll"
-r:"C:/Program Files/Unity/Hub/Editor/6000.5.8f1/Editor/Data/Managed/UnityEngine/UnityEngine.TLSModule.dll"
-r:"C:/Program Files/Unity/Hub/Editor/6000.5.8f1/Editor/Data/Managed/UnityEngine/UnityEngine.TerrainModule.dll"
-r:"C:/Program Files/Unity/Hub/Editor/6000.5.8f1/Editor/Data/Managed/UnityEngine/UnityEngine.TerrainPhysicsModule.dll"
-r:"C:/Program Files/Unity/Hub/Editor/6000.5.8f1/Editor/Data/Managed/UnityEngine/UnityEngine.TextCoreFontEngineModule.dll"
-r:"C:/Program Files/Unity/Hub/Editor/6000.5.8f1/Editor/Data/Managed/UnityEngine/UnityEngine.TextCoreTextEngineModule.dll"
-r:"C:/Program Files/Unity/Hub/Editor/6000.5.8f1/Editor/Data/Managed/UnityEngine/UnityEngine.TextRenderingModule.dll"
-r:"C:/Program Files/Unity/Hub/Editor/6000.5.8f1/Editor/Data/Managed/UnityEngine/UnityEngine.TilemapModule.dll"
-r:"C:/Program Files/Unity/Hub/Editor/6000.5.8f1/Editor/Data/Managed/UnityEngine/UnityEngine.U2DRuntimeModule.dll"
-r:"C:/Program Files/Unity/Hub/Editor/6000.5.8f1/Editor/Data/Managed/UnityEngine/UnityEngine.UIElementsModule.dll"
-r:"C:/Program Files/Unity/Hub/Editor/6000.5.8f1/Editor/Data/Managed/UnityEngine/UnityEngine.UIModule.dll"
-r:"C:/Program Files/Unity/Hub/Editor/6000.5.8f1/Editor/Data/Managed/UnityEngine/UnityEngine.UmbraModule.dll"
-r:"C:/Program Files/Unity/Hub/Editor/6000.5.8f1/Editor/Data/Managed/UnityEngine/UnityEngine.UnityAnalyticsCommonModule.dll"
-r:"C:/Program Files/Unity/Hub/Editor/6000.5.8f1/Editor/Data/Managed/UnityEngine/UnityEngine.UnityAnalyticsModule.dll"
-r:"C:/Program Files/Unity/Hub/Editor/6000.5.8f1/Editor/Data/Managed/UnityEngine/UnityEngine.UnityConnectModule.dll"
-r:"C:/Program Files/Unity/Hub/Editor/6000.5.8f1/Editor/Data/Managed/UnityEngine/UnityEngine.UnityConsentModule.dll"
-r:"C:/Program Files/Unity/Hub/Editor/6000.5.8f1/Editor/Data/Managed/UnityEngine/UnityEngine.UnityCurlModule.dll"
-r:"C:/Program Files/Unity/Hub/Editor/6000.5.8f1/Editor/Data/Managed/UnityEngine/UnityEngine.UnityWebRequestAssetBundleModule.dll"
-r:"C:/Program Files/Unity/Hub/Editor/6000.5.8f1/Editor/Data/Managed/UnityEngine/UnityEngine.UnityWebRequestAudioModule.dll"
-r:"C:/Program Files/Unity/Hub/Editor/6000.5.8f1/Editor/Data/Managed/UnityEngine/UnityEngine.UnityWebRequestModule.dll"
-r:"C:/Program Files/Unity/Hub/Editor/6000.5.8f1/Editor/Data/Managed/UnityEngine/UnityEngine.UnityWebRequestTextureModule.dll"
-r:"C:/Program Files/Unity/Hub/Editor/6000.5.8f1/Editor/Data/Managed/UnityEngine/UnityEngine.UnityWebRequestWWWModule.dll"
-r:"C:/Program Files/Unity/Hub/Editor/6000.5.8f1/Editor/Data/Managed/UnityEngine/UnityEngine.VFXModule.dll"
-r:"C:/Program Files/Unity/Hub/Editor/6000.5.8f1/Editor/Data/Managed/UnityEngine/UnityEngine.VectorGraphicsModule.dll"
-r:"C:/Program Files/Unity/Hub/Editor/6000.5.8f1/Editor/Data/Managed/UnityEngine/UnityEngine.VehiclesModule.dll"
-r:"C:/Program Files/Unity/Hub/Editor/6000.5.8f1/Editor/Data/Managed/UnityEngine/UnityEngine.VideoModule.dll"
-r:"C:/Program Files/Unity/Hub/Editor/6000.5.8f1/Editor/Data/Managed/UnityEngine/UnityEngine.VirtualTexturingModule.dll"
-r:"C:/Program Files/Unity/Hub/Editor/6000.5.8f1/Editor/Data/Managed/UnityEngine/UnityEngine.WindModule.dll"
-r:"C:/Program Files/Unity/Hub/Editor/6000.5.8f1/Editor/Data/Managed/UnityEngine/UnityEngine.XRModule.dll"
-r:"C:/Program Files/Unity/Hub/Editor/6000.5.8f1/Editor/Data/Managed/UnityEngine/UnityEngine.dll"
-r:"C:/Program Files/Unity/Hub/Editor/6000.5.8f1/Editor/Data/NetStandard/Extensions/2.0.0/System.Runtime.InteropServices.WindowsRuntime.dll"
-r:"C:/Program Files/Unity/Hub/Editor/6000.5.8f1/Editor/Data/NetStandard/compat/2.1.0/shims/netfx/System.ComponentModel.Composition.dll"
-r:"C:/Program Files/Unity/Hub/Editor/6000.5.8f1/Editor/Data/NetStandard/compat/2.1.0/shims/netfx/System.Core.dll"
-r:"C:/Program Files/Unity/Hub/Editor/6000.5.8f1/Editor/Data/NetStandard/compat/2.1.0/shims/netfx/System.Data.dll"
-r:"C:/Program Files/Unity/Hub/Editor/6000.5.8f1/Editor/Data/NetStandard/compat/2.1.0/shims/netfx/System.Drawing.dll"
-r:"C:/Program Files/Unity/Hub/Editor/6000.5.8f1/Editor/Data/NetStandard/compat/2.1.0/shims/netfx/System.IO.Compression.FileSystem.dll"
-r:"C:/Program Files/Unity/Hub/Editor/6000.5.8f1/Editor/Data/NetStandard/compat/2.1.0/shims/netfx/System.Net.dll"
-r:"C:/Program Files/Unity/Hub/Editor/6000.5.8f1/Editor/Data/NetStandard/compat/2.1.0/shims/netfx/System.Numerics.dll"
-r:"C:/Program Files/Unity/Hub/Editor/6000.5.8f1/Editor/Data/NetStandard/compat/2.1.0/shims/netfx/System.Runtime.Serialization.dll"
-r:"C:/Program Files/Unity/Hub/Editor/6000.5.8f1/Editor/Data/NetStandard/compat/2.1.0/shims/netfx/System.ServiceModel.Web.dll"
-r:"C:/Program Files/Unity/Hub/Editor/6000.5.8f1/Editor/Data/NetStandard/compat/2.1.0/shims/netfx/System.Transactions.dll"
-r:"C:/Program Files/Unity/Hub/Editor/6000.5.8f1/Editor/Data/NetStandard/compat/2.1.0/shims/netfx/System.Web.dll"
-r:"C:/Program Files/Unity/Hub/Editor/6000.5.8f1/Editor/Data/NetStandard/compat/2.1.0/shims/netfx/System.Windows.dll"
-r:"C:/Program Files/Unity/Hub/Editor/6000.5.8f1/Editor/Data/NetStandard/compat/2.1.0/shims/netfx/System.Xml.Linq.dll"
-r:"C:/Program Files/Unity/Hub/Editor/6000.5.8f1/Editor/Data/NetStandard/compat/2.1.0/shims/netfx/System.Xml.Serialization.dll"
-r:"C:/Program Files/Unity/Hub/Editor/6000.5.8f1/Editor/Data/NetStandard/compat/2.1.0/shims/netfx/System.Xml.dll"
-r:"C:/Program Files/Unity/Hub/Editor/6000.5.8f1/Editor/Data/NetStandard/compat/2.1.0/shims/netfx/System.dll"
-r:"C:/Program Files/Unity/Hub/Editor/6000.5.8f1/Editor/Data/NetStandard/compat/2.1.0/shims/netfx/mscorlib.dll"
-r:"C:/Program Files/Unity/Hub/Editor/6000.5.8f1/Editor/Data/NetStandard/compat/2.1.0/shims/netstandard/Microsoft.Win32.Primitives.dll"
-r:"C:/Program Files/Unity/Hub/Editor/6000.5.8f1/Editor/Data/NetStandard/compat/2.1.0/shims/netstandard/System.AppContext.dll"
-r:"C:/Program Files/Unity/Hub/Editor/6000.5.8f1/Editor/Data/NetStandard/compat/2.1.0/shims/netstandard/System.Buffers.dll"
-r:"C:/Program Files/Unity/Hub/Editor/6000.5.8f1/Editor/Data/NetStandard/compat/2.1.0/shims/netstandard/System.Collections.Concurrent.dll"
-r:"C:/Program Files/Unity/Hub/Editor/6000.5.8f1/Editor/Data/NetStandard/compat/2.1.0/shims/netstandard/System.Collections.NonGeneric.dll"
-r:"C:/Program Files/Unity/Hub/Editor/6000.5.8f1/Editor/Data/NetStandard/compat/2.1.0/shims/netstandard/System.Collections.Specialized.dll"
-r:"C:/Program Files/Unity/Hub/Editor/6000.5.8f1/Editor/Data/NetStandard/compat/2.1.0/shims/netstandard/System.Collections.dll"
-r:"C:/Program Files/Unity/Hub/Editor/6000.5.8f1/Editor/Data/NetStandard/compat/2.1.0/shims/netstandard/System.ComponentModel.EventBasedAsync.dll"
-r:"C:/Program Files/Unity/Hub/Editor/6000.5.8f1/Editor/Data/NetStandard/compat/2.1.0/shims/netstandard/System.ComponentModel.Primitives.dll"
-r:"C:/Program Files/Unity/Hub/Editor/6000.5.8f1/Editor/Data/NetStandard/compat/2.1.0/shims/netstandard/System.ComponentModel.TypeConverter.dll"
-r:"C:/Program Files/Unity/Hub/Editor/6000.5.8f1/Editor/Data/NetStandard/compat/2.1.0/shims/netstandard/System.ComponentModel.dll"
-r:"C:/Program Files/Unity/Hub/Editor/6000.5.8f1/Editor/Data/NetStandard/compat/2.1.0/shims/netstandard/System.Console.dll"
-r:"C:/Program Files/Unity/Hub/Editor/6000.5.8f1/Editor/Data/NetStandard/compat/2.1.0/shims/netstandard/System.Data.Common.dll"
-r:"C:/Program Files/Unity/Hub/Editor/6000.5.8f1/Editor/Data/NetStandard/compat/2.1.0/shims/netstandard/System.Diagnostics.Contracts.dll"
-r:"C:/Program Files/Unity/Hub/Editor/6000.5.8f1/Editor/Data/NetStandard/compat/2.1.0/shims/netstandard/System.Diagnostics.Debug.dll"
-r:"C:/Program Files/Unity/Hub/Editor/6000.5.8f1/Editor/Data/NetStandard/compat/2.1.0/shims/netstandard/System.Diagnostics.FileVersionInfo.dll"
-r:"C:/Program Files/Unity/Hub/Editor/6000.5.8f1/Editor/Data/NetStandard/compat/2.1.0/shims/netstandard/System.Diagnostics.Process.dll"
-r:"C:/Program Files/Unity/Hub/Editor/6000.5.8f1/Editor/Data/NetStandard/compat/2.1.0/shims/netstandard/System.Diagnostics.StackTrace.dll"
-r:"C:/Program Files/Unity/Hub/Editor/6000.5.8f1/Editor/Data/NetStandard/compat/2.1.0/shims/netstandard/System.Diagnostics.TextWriterTraceListener.dll"
-r:"C:/Program Files/Unity/Hub/Editor/6000.5.8f1/Editor/Data/NetStandard/compat/2.1.0/shims/netstandard/System.Diagnostics.Tools.dll"
-r:"C:/Program Files/Unity/Hub/Editor/6000.5.8f1/Editor/Data/NetStandard/compat/2.1.0/shims/netstandard/System.Diagnostics.TraceSource.dll"
-r:"C:/Program Files/Unity/Hub/Editor/6000.5.8f1/Editor/Data/NetStandard/compat/2.1.0/shims/netstandard/System.Diagnostics.Tracing.dll"
-r:"C:/Program Files/Unity/Hub/Editor/6000.5.8f1/Editor/Data/NetStandard/compat/2.1.0/shims/netstandard/System.Drawing.Primitives.dll"
-r:"C:/Program Files/Unity/Hub/Editor/6000.5.8f1/Editor/Data/NetStandard/compat/2.1.0/shims/netstandard/System.Dynamic.Runtime.dll"
-r:"C:/Program Files/Unity/Hub/Editor/6000.5.8f1/Editor/Data/NetStandard/compat/2.1.0/shims/netstandard/System.Globalization.Calendars.dll"
-r:"C:/Program Files/Unity/Hub/Editor/6000.5.8f1/Editor/Data/NetStandard/compat/2.1.0/shims/netstandard/System.Globalization.Extensions.dll"
-r:"C:/Program Files/Unity/Hub/Editor/6000.5.8f1/Editor/Data/NetStandard/compat/2.1.0/shims/netstandard/System.Globalization.dll"
-r:"C:/Program Files/Unity/Hub/Editor/6000.5.8f1/Editor/Data/NetStandard/compat/2.1.0/shims/netstandard/System.IO.Compression.ZipFile.dll"
-r:"C:/Program Files/Unity/Hub/Editor/6000.5.8f1/Editor/Data/NetStandard/compat/2.1.0/shims/netstandard/System.IO.Compression.dll"
-r:"C:/Program Files/Unity/Hub/Editor/6000.5.8f1/Editor/Data/NetStandard/compat/2.1.0/shims/netstandard/System.IO.FileSystem.DriveInfo.dll"
-r:"C:/Program Files/Unity/Hub/Editor/6000.5.8f1/Editor/Data/NetStandard/compat/2.1.0/shims/netstandard/System.IO.FileSystem.Primitives.dll"
-r:"C:/Program Files/Unity/Hub/Editor/6000.5.8f1/Editor/Data/NetStandard/compat/2.1.0/shims/netstandard/System.IO.FileSystem.Watcher.dll"
-r:"C:/Program Files/Unity/Hub/Editor/6000.5.8f1/Editor/Data/NetStandard/compat/2.1.0/shims/netstandard/System.IO.FileSystem.dll"
-r:"C:/Program Files/Unity/Hub/Editor/6000.5.8f1/Editor/Data/NetStandard/compat/2.1.0/shims/netstandard/System.IO.IsolatedStorage.dll"
-r:"C:/Program Files/Unity/Hub/Editor/6000.5.8f1/Editor/Data/NetStandard/compat/2.1.0/shims/netstandard/System.IO.MemoryMappedFiles.dll"
-r:"C:/Program Files/Unity/Hub/Editor/6000.5.8f1/Editor/Data/NetStandard/compat/2.1.0/shims/netstandard/System.IO.Pipes.dll"
-r:"C:/Program Files/Unity/Hub/Editor/6000.5.8f1/Editor/Data/NetStandard/compat/2.1.0/shims/netstandard/System.IO.UnmanagedMemoryStream.dll"
-r:"C:/Program Files/Unity/Hub/Editor/6000.5.8f1/Editor/Data/NetStandard/compat/2.1.0/shims/netstandard/System.IO.dll"
-r:"C:/Program Files/Unity/Hub/Editor/6000.5.8f1/Editor/Data/NetStandard/compat/2.1.0/shims/netstandard/System.Linq.Expressions.dll"
-r:"C:/Program Files/Unity/Hub/Editor/6000.5.8f1/Editor/Data/NetStandard/compat/2.1.0/shims/netstandard/System.Linq.Parallel.dll"
-r:"C:/Program Files/Unity/Hub/Editor/6000.5.8f1/Editor/Data/NetStandard/compat/2.1.0/shims/netstandard/System.Linq.Queryable.dll"
-r:"C:/Program Files/Unity/Hub/Editor/6000.5.8f1/Editor/Data/NetStandard/compat/2.1.0/shims/netstandard/System.Linq.dll"
-r:"C:/Program Files/Unity/Hub/Editor/6000.5.8f1/Editor/Data/NetStandard/compat/2.1.0/shims/netstandard/System.Memory.dll"
-r:"C:/Program Files/Unity/Hub/Editor/6000.5.8f1/Editor/Data/NetStandard/compat/2.1.0/shims/netstandard/System.Net.Http.dll"
-r:"C:/Program Files/Unity/Hub/Editor/6000.5.8f1/Editor/Data/NetStandard/compat/2.1.0/shims/netstandard/System.Net.NameResolution.dll"
-r:"C:/Program Files/Unity/Hub/Editor/6000.5.8f1/Editor/Data/NetStandard/compat/2.1.0/shims/netstandard/System.Net.NetworkInformation.dll"
-r:"C:/Program Files/Unity/Hub/Editor/6000.5.8f1/Editor/Data/NetStandard/compat/2.1.0/shims/netstandard/System.Net.Ping.dll"
-r:"C:/Program Files/Unity/Hub/Editor/6000.5.8f1/Editor/Data/NetStandard/compat/2.1.0/shims/netstandard/System.Net.Primitives.dll"
-r:"C:/Program Files/Unity/Hub/Editor/6000.5.8f1/Editor/Data/NetStandard/compat/2.1.0/shims/netstandard/System.Net.Requests.dll"
-r:"C:/Program Files/Unity/Hub/Editor/6000.5.8f1/Editor/Data/NetStandard/compat/2.1.0/shims/netstandard/System.Net.Security.dll"
-r:"C:/Program Files/Unity/Hub/Editor/6000.5.8f1/Editor/Data/NetStandard/compat/2.1.0/shims/netstandard/System.Net.Sockets.dll"
-r:"C:/Program Files/Unity/Hub/Editor/6000.5.8f1/Editor/Data/NetStandard/compat/2.1.0/shims/netstandard/System.Net.WebHeaderCollection.dll"
-r:"C:/Program Files/Unity/Hub/Editor/6000.5.8f1/Editor/Data/NetStandard/compat/2.1.0/shims/netstandard/System.Net.WebSockets.Client.dll"
-r:"C:/Program Files/Unity/Hub/Editor/6000.5.8f1/Editor/Data/NetStandard/compat/2.1.0/shims/netstandard/System.Net.WebSockets.dll"
-r:"C:/Program Files/Unity/Hub/Editor/6000.5.8f1/Editor/Data/NetStandard/compat/2.1.0/shims/netstandard/System.Numerics.Vectors.dll"
-r:"C:/Program Files/Unity/Hub/Editor/6000.5.8f1/Editor/Data/NetStandard/compat/2.1.0/shims/netstandard/System.ObjectModel.dll"
-r:"C:/Program Files/Unity/Hub/Editor/6000.5.8f1/Editor/Data/NetStandard/compat/2.1.0/shims/netstandard/System.Reflection.DispatchProxy.dll"
-r:"C:/Program Files/Unity/Hub/Editor/6000.5.8f1/Editor/Data/NetStandard/compat/2.1.0/shims/netstandard/System.Reflection.Emit.ILGeneration.dll"
-r:"C:/Program Files/Unity/Hub/Editor/6000.5.8f1/Editor/Data/NetStandard/compat/2.1.0/shims/netstandard/System.Reflection.Emit.Lightweight.dll"
-r:"C:/Program Files/Unity/Hub/Editor/6000.5.8f1/Editor/Data/NetStandard/compat/2.1.0/shims/netstandard/System.Reflection.Emit.dll"
-r:"C:/Program Files/Unity/Hub/Editor/6000.5.8f1/Editor/Data/NetStandard/compat/2.1.0/shims/netstandard/System.Reflection.Extensions.dll"
-r:"C:/Program Files/Unity/Hub/Editor/6000.5.8f1/Editor/Data/NetStandard/compat/2.1.0/shims/netstandard/System.Reflection.Primitives.dll"
-r:"C:/Program Files/Unity/Hub/Editor/6000.5.8f1/Editor/Data/NetStandard/compat/2.1.0/shims/netstandard/System.Reflection.dll"
-r:"C:/Program Files/Unity/Hub/Editor/6000.5.8f1/Editor/Data/NetStandard/compat/2.1.0/shims/netstandard/System.Resources.Reader.dll"
-r:"C:/Program Files/Unity/Hub/Editor/6000.5.8f1/Editor/Data/NetStandard/compat/2.1.0/shims/netstandard/System.Resources.ResourceManager.dll"
-r:"C:/Program Files/Unity/Hub/Editor/6000.5.8f1/Editor/Data/NetStandard/compat/2.1.0/shims/netstandard/System.Resources.Writer.dll"
-r:"C:/Program Files/Unity/Hub/Editor/6000.5.8f1/Editor/Data/NetStandard/compat/2.1.0/shims/netstandard/System.Runtime.CompilerServices.VisualC.dll"
-r:"C:/Program Files/Unity/Hub/Editor/6000.5.8f1/Editor/Data/NetStandard/compat/2.1.0/shims/netstandard/System.Runtime.Extensions.dll"
-r:"C:/Program Files/Unity/Hub/Editor/6000.5.8f1/Editor/Data/NetStandard/compat/2.1.0/shims/netstandard/System.Runtime.Handles.dll"
-r:"C:/Program Files/Unity/Hub/Editor/6000.5.8f1/Editor/Data/NetStandard/compat/2.1.0/shims/netstandard/System.Runtime.InteropServices.RuntimeInformation.dll"
-r:"C:/Program Files/Unity/Hub/Editor/6000.5.8f1/Editor/Data/NetStandard/compat/2.1.0/shims/netstandard/System.Runtime.InteropServices.dll"
-r:"C:/Program Files/Unity/Hub/Editor/6000.5.8f1/Editor/Data/NetStandard/compat/2.1.0/shims/netstandard/System.Runtime.Numerics.dll"
-r:"C:/Program Files/Unity/Hub/Editor/6000.5.8f1/Editor/Data/NetStandard/compat/2.1.0/shims/netstandard/System.Runtime.Serialization.Formatters.dll"
-r:"C:/Program Files/Unity/Hub/Editor/6000.5.8f1/Editor/Data/NetStandard/compat/2.1.0/shims/netstandard/System.Runtime.Serialization.Json.dll"
-r:"C:/Program Files/Unity/Hub/Editor/6000.5.8f1/Editor/Data/NetStandard/compat/2.1.0/shims/netstandard/System.Runtime.Serialization.Primitives.dll"
-r:"C:/Program Files/Unity/Hub/Editor/6000.5.8f1/Editor/Data/NetStandard/compat/2.1.0/shims/netstandard/System.Runtime.Serialization.Xml.dll"
-r:"C:/Program Files/Unity/Hub/Editor/6000.5.8f1/Editor/Data/NetStandard/compat/2.1.0/shims/netstandard/System.Runtime.dll"
-r:"C:/Program Files/Unity/Hub/Editor/6000.5.8f1/Editor/Data/NetStandard/compat/2.1.0/shims/netstandard/System.Security.Claims.dll"
-r:"C:/Program Files/Unity/Hub/Editor/6000.5.8f1/Editor/Data/NetStandard/compat/2.1.0/shims/netstandard/System.Security.Cryptography.Algorithms.dll"
-r:"C:/Program Files/Unity/Hub/Editor/6000.5.8f1/Editor/Data/NetStandard/compat/2.1.0/shims/netstandard/System.Security.Cryptography.Csp.dll"
-r:"C:/Program Files/Unity/Hub/Editor/6000.5.8f1/Editor/Data/NetStandard/compat/2.1.0/shims/netstandard/System.Security.Cryptography.Encoding.dll"
-r:"C:/Program Files/Unity/Hub/Editor/6000.5.8f1/Editor/Data/NetStandard/compat/2.1.0/shims/netstandard/System.Security.Cryptography.Primitives.dll"
-r:"C:/Program Files/Unity/Hub/Editor/6000.5.8f1/Editor/Data/NetStandard/compat/2.1.0/shims/netstandard/System.Security.Cryptography.X509Certificates.dll"
-r:"C:/Program Files/Unity/Hub/Editor/6000.5.8f1/Editor/Data/NetStandard/compat/2.1.0/shims/netstandard/System.Security.Principal.dll"
-r:"C:/Program Files/Unity/Hub/Editor/6000.5.8f1/Editor/Data/NetStandard/compat/2.1.0/shims/netstandard/System.Security.SecureString.dll"
-r:"C:/Program Files/Unity/Hub/Editor/6000.5.8f1/Editor/Data/NetStandard/compat/2.1.0/shims/netstandard/System.Text.Encoding.Extensions.dll"
-r:"C:/Program Files/Unity/Hub/Editor/6000.5.8f1/Editor/Data/NetStandard/compat/2.1.0/shims/netstandard/System.Text.Encoding.dll"
-r:"C:/Program Files/Unity/Hub/Editor/6000.5.8f1/Editor/Data/NetStandard/compat/2.1.0/shims/netstandard/System.Text.RegularExpressions.dll"
-r:"C:/Program Files/Unity/Hub/Editor/6000.5.8f1/Editor/Data/NetStandard/compat/2.1.0/shims/netstandard/System.Threading.Overlapped.dll"
-r:"C:/Program Files/Unity/Hub/Editor/6000.5.8f1/Editor/Data/NetStandard/compat/2.1.0/shims/netstandard/System.Threading.Tasks.Extensions.dll"
-r:"C:/Program Files/Unity/Hub/Editor/6000.5.8f1/Editor/Data/NetStandard/compat/2.1.0/shims/netstandard/System.Threading.Tasks.Parallel.dll"
-r:"C:/Program Files/Unity/Hub/Editor/6000.5.8f1/Editor/Data/NetStandard/compat/2.1.0/shims/netstandard/System.Threading.Tasks.dll"
-r:"C:/Program Files/Unity/Hub/Editor/6000.5.8f1/Editor/Data/NetStandard/compat/2.1.0/shims/netstandard/System.Threading.Thread.dll"
-r:"C:/Program Files/Unity/Hub/Editor/6000.5.8f1/Editor/Data/NetStandard/compat/2.1.0/shims/netstandard/System.Threading.ThreadPool.dll"
-r:"C:/Program Files/Unity/Hub/Editor/6000.5.8f1/Editor/Data/NetStandard/compat/2.1.0/shims/netstandard/System.Threading.Timer.dll"
-r:"C:/Program Files/Unity/Hub/Editor/6000.5.8f1/Editor/Data/NetStandard/compat/2.1.0/shims/netstandard/System.Threading.dll"
-r:"C:/Program Files/Unity/Hub/Editor/6000.5.8f1/Editor/Data/NetStandard/compat/2.1.0/shims/netstandard/System.ValueTuple.dll"
-r:"C:/Program Files/Unity/Hub/Editor/6000.5.8f1/Editor/Data/NetStandard/compat/2.1.0/shims/netstandard/System.Xml.ReaderWriter.dll"
-r:"C:/Program Files/Unity/Hub/Editor/6000.5.8f1/Editor/Data/NetStandard/compat/2.1.0/shims/netstandard/System.Xml.XDocument.dll"
-r:"C:/Program Files/Unity/Hub/Editor/6000.5.8f1/Editor/Data/NetStandard/compat/2.1.0/shims/netstandard/System.Xml.XPath.XDocument.dll"
-r:"C:/Program Files/Unity/Hub/Editor/6000.5.8f1/Editor/Data/NetStandard/compat/2.1.0/shims/netstandard/System.Xml.XPath.dll"
-r:"C:/Program Files/Unity/Hub/Editor/6000.5.8f1/Editor/Data/NetStandard/compat/2.1.0/shims/netstandard/System.Xml.XmlDocument.dll"
-r:"C:/Program Files/Unity/Hub/Editor/6000.5.8f1/Editor/Data/NetStandard/compat/2.1.0/shims/netstandard/System.Xml.XmlSerializer.dll"
-r:"C:/Program Files/Unity/Hub/Editor/6000.5.8f1/Editor/Data/NetStandard/ref/2.1.0/netstandard.dll"
-r:"Library/PackageCache/com.unity.collections@ec2c217e4cb2/Unity.Collections.LowLevel.ILSupport/Unity.Collections.LowLevel.ILSupport.dll"
-r:"Library/PackageCache/com.unity.ext.nunit@44f7d31723bd/net472/unity-custom/nunit.framework.dll"
-r:"Library/PackageCache/com.unity.nuget.mono-cecil@ecb9724e46ff/Mono.Cecil.dll"
-r:"Library/Bee/artifacts/1900b0aE.dag/Unity.2D.Sprite.Editor.ref.dll"
-r:"Library/Bee/artifacts/1900b0aE.dag/Unity.2D.Tilemap.Editor.ref.dll"
-r:"Library/Bee/artifacts/1900b0aE.dag/Unity.Burst.Editor.ref.dll"
-r:"Library/Bee/artifacts/1900b0aE.dag/Unity.Burst.ref.dll"
-r:"Library/Bee/artifacts/1900b0aE.dag/Unity.Collections.Editor.ref.dll"
-r:"Library/Bee/artifacts/1900b0aE.dag/Unity.Collections.ref.dll"
-r:"Library/Bee/artifacts/1900b0aE.dag/Unity.InputSystem.ForUI.Editor.ref.dll"
-r:"Library/Bee/artifacts/1900b0aE.dag/Unity.InputSystem.ForUI.ref.dll"
-r:"Library/Bee/artifacts/1900b0aE.dag/Unity.InputSystem.ref.dll"
-r:"Library/Bee/artifacts/1900b0aE.dag/Unity.InternalAPIEditorBridge.ShaderGraph.Editor.ref.dll"
-r:"Library/Bee/artifacts/1900b0aE.dag/Unity.InternalAPIEngineBridge.004.ref.dll"
-r:"Library/Bee/artifacts/1900b0aE.dag/Unity.InternalAPIEngineBridge.RenderPipelines.Core.Editor.ref.dll"
-r:"Library/Bee/artifacts/1900b0aE.dag/Unity.InternalAPIEngineBridge.RenderPipelines.Core.Runtime.Shared.ref.dll"
-r:"Library/Bee/artifacts/1900b0aE.dag/Unity.Mathematics.ref.dll"
-r:"Library/Bee/artifacts/1900b0aE.dag/Unity.PathTracing.Editor.ref.dll"
-r:"Library/Bee/artifacts/1900b0aE.dag/Unity.PathTracing.Runtime.ref.dll"
-r:"Library/Bee/artifacts/1900b0aE.dag/Unity.Rendering.LightTransport.Editor.ref.dll"
-r:"Library/Bee/artifacts/1900b0aE.dag/Unity.RenderPipeline.Universal.ShaderLibrary.ref.dll"
-r:"Library/Bee/artifacts/1900b0aE.dag/Unity.RenderPipelines.Core.Editor.ref.dll"
-r:"Library/Bee/artifacts/1900b0aE.dag/Unity.RenderPipelines.Core.Editor.Shared.ref.dll"
-r:"Library/Bee/artifacts/1900b0aE.dag/Unity.RenderPipelines.Core.Runtime.ref.dll"
-r:"Library/Bee/artifacts/1900b0aE.dag/Unity.RenderPipelines.Core.Runtime.Shared.ref.dll"
-r:"Library/Bee/artifacts/1900b0aE.dag/Unity.RenderPipelines.Core.ShaderLibrary.ref.dll"
-r:"Library/Bee/artifacts/1900b0aE.dag/Unity.RenderPipelines.GPUDriven.Runtime.ref.dll"
-r:"Library/Bee/artifacts/1900b0aE.dag/Unity.RenderPipelines.ShaderGraph.ShaderGraphLibrary.ref.dll"
-r:"Library/Bee/artifacts/1900b0aE.dag/Unity.RenderPipelines.Universal.2D.Editor.Overrides.ref.dll"
-r:"Library/Bee/artifacts/1900b0aE.dag/Unity.RenderPipelines.Universal.2D.Runtime.ref.dll"
-r:"Library/Bee/artifacts/1900b0aE.dag/Unity.RenderPipelines.Universal.Config.Runtime.ref.dll"
-r:"Library/Bee/artifacts/1900b0aE.dag/Unity.RenderPipelines.Universal.Editor.ref.dll"
-r:"Library/Bee/artifacts/1900b0aE.dag/Unity.RenderPipelines.Universal.Runtime.ref.dll"
-r:"Library/Bee/artifacts/1900b0aE.dag/Unity.RenderPipelines.Universal.Shaders.ref.dll"
-r:"Library/Bee/artifacts/1900b0aE.dag/Unity.Searcher.Editor.ref.dll"
-r:"Library/Bee/artifacts/1900b0aE.dag/Unity.ShaderGraph.Editor.ref.dll"
-r:"Library/Bee/artifacts/1900b0aE.dag/Unity.SurfaceCache.Runtime.ref.dll"
-r:"Library/Bee/artifacts/1900b0aE.dag/Unity.TextMeshPro.Editor.ref.dll"
-r:"Library/Bee/artifacts/1900b0aE.dag/Unity.TextMeshPro.ref.dll"
-r:"Library/Bee/artifacts/1900b0aE.dag/Unity.Timeline.Editor.ref.dll"
-r:"Library/Bee/artifacts/1900b0aE.dag/Unity.Timeline.ref.dll"
-r:"Library/Bee/artifacts/1900b0aE.dag/Unity.UnifiedRayTracing.Runtime.ref.dll"
-r:"Library/Bee/artifacts/1900b0aE.dag/Unity.VisualStudio.Editor.ref.dll"
-r:"Library/Bee/artifacts/1900b0aE.dag/UnityEditor.UI.Analytics.ref.dll"
-r:"Library/Bee/artifacts/1900b0aE.dag/UnityEditor.UI.ref.dll"
-r:"Library/Bee/artifacts/1900b0aE.dag/UnityEngine.UI.ref.dll"
-analyzer:"C:/Program Files/Unity/Hub/Editor/6000.5.8f1/Editor/Data/BCLExtensions/TargetingPacks/netstandard2.1/analyzers/dotnet/roslyn4.0/cs/Microsoft.Extensions.Logging.Generators.dll"
-analyzer:"C:/Program Files/Unity/Hub/Editor/6000.5.8f1/Editor/Data/BCLExtensions/TargetingPacks/netstandard2.1/analyzers/dotnet/roslyn4.0/cs/System.Text.Json.SourceGeneration.dll"
-analyzer:"C:/Program Files/Unity/Hub/Editor/6000.5.8f1/Editor/Data/Tools/BuildPipeline/Unity.Analyzers.Common/Unity.Analyzers.Common.dll"
-analyzer:"C:/Program Files/Unity/Hub/Editor/6000.5.8f1/Editor/Data/Tools/BuildPipeline/Unity.Analyzers.LongLiving/Unity.Analyzers.LongLiving.dll"
-analyzer:"C:/Program Files/Unity/Hub/Editor/6000.5.8f1/Editor/Data/Tools/BuildPipeline/Unity.SourceGenerators/Unity.Properties.SourceGenerator.dll"
-analyzer:"C:/Program Files/Unity/Hub/Editor/6000.5.8f1/Editor/Data/Tools/BuildPipeline/Unity.SourceGenerators/Unity.SourceGenerators.dll"
-analyzer:"C:/Program Files/Unity/Hub/Editor/6000.5.8f1/Editor/Data/Tools/BuildPipeline/Unity.SourceGenerators/Unity.UIToolkit.SourceGenerator.dll"
"Assets/BoltController.cs"
"Assets/ShipController.cs"
-langversion:9.0
/deterministic
/optimize+
/debug:portable
/nologo
/RuntimeMetadataVersion:v4.0.30319
/nowarn:0169
/nowarn:0649
/nowarn:0282
/nowarn:1701
/nowarn:1702
/utf8output
/preferreduilang:en-US
/additionalfile:"Library/Bee/artifacts/1900b0aE.dag/Assembly-CSharp.UnityAdditionalFile.txt"
##### Custom Environment Variables
DOTNET_HOST_PATH=C:\Program Files\Unity\Hub\Editor\6000.5.8f1\Editor\Data\DotNetSdk\dotnet.exe
DOTNET_MULTILEVEL_LOOKUP=0
##### ExitCode
1
##### Output
Assets\BoltController.cs(9,15): error CS1501: No overload for method 'Translate' takes 0 arguments

Assets\BoltController.cs(5,9): warning CS0414: The field 'BoltController.speed' is assigned but its value is never used
*** Tundra build failed (0.38 seconds), 2 items updated, 727 evaluated
## Script Compilation Error for: Csc Library/Bee/artifacts/1900b0aE.dag/Assembly-CSharp.dll (+2 others)
## CmdLine: "C:\Program Files\Unity\Hub\Editor\6000.5.8f1\Editor\Data\DotNetSdk\dotnet.exe" exec "C:/Program Files/Unity/Hub/Editor/6000.5.8f1/Editor/Data/DotNetSdk/sdk/8.0.318/Roslyn/bincore/csc.dll" /nostdlib /noconfig /shared "@Library/Bee/artifacts/1900b0aE.dag/Assembly-CSharp.rsp" "@Library/Bee/artifacts/1900b0aE.dag/Assembly-CSharp.rsp2"
## Output:
Assets\BoltController.cs(9,15): error CS1501: No overload for method 'Translate' takes 0 arguments
Assets\BoltController.cs(5,9): warning CS0414: The field 'BoltController.speed' is assigned but its value is never used

Assets\BoltController.cs(9,15): error CS1501: No overload for method 'Translate' takes 0 arguments
Assets\BoltController.cs(5,9): warning CS0414: The field 'BoltController.speed' is assigned but its value is never used
Total cache size 267935000
Total cache size after purge 267935000, took 00:00:01.5514053
[ScriptCompilation] Requested script compilation because: AssetDatabase observed changes in script compilation related files
Asset Pipeline Refresh (id=9dd6d1b557c2a234691b81905275c548): Total: 0.202 seconds - Initiated by RefreshV2(NoUpdateAssetOptions)
info: Microsoft.AspNetCore.Hosting.Diagnostics[1]
      Request starting HTTP/2 POST http://ilpp/UnityILPP.PostProcessing/Ping - application/grpc -
info: Microsoft.AspNetCore.Routing.EndpointMiddleware[0]
      Executing endpoint 'gRPC - /UnityILPP.PostProcessing/Ping'
info: Microsoft.AspNetCore.Routing.EndpointMiddleware[1]
      Executed endpoint 'gRPC - /UnityILPP.PostProcessing/Ping'
info: Microsoft.AspNetCore.Hosting.Diagnostics[2]
      Request finished HTTP/2 POST http://ilpp/UnityILPP.PostProcessing/Ping - 200 - application/grpc 0.2472ms
Starting: C:\Program Files\Unity\Hub\Editor\6000.5.8f1\Editor\Data\Tools\BuildPipeline\bee_backend.exe --ipc --defer-dag-verification --dagfile="Library/Bee/1900b0aE.dag" --continue-on-failure --profile="Library/Bee/backend1.traceevents" ScriptAssemblies
WorkingDir: C:/DEV/NTI/2026-2027 Programmering/TIA 2dshooter
info: Microsoft.AspNetCore.Hosting.Diagnostics[1]
      Request starting HTTP/2 POST http://ilpp/UnityILPP.PostProcessing/ConfigurePostProcessors - application/grpc -
info: Microsoft.AspNetCore.Routing.EndpointMiddleware[0]
      Executing endpoint 'gRPC - /UnityILPP.PostProcessing/ConfigurePostProcessors'
info: Unity.ILPP.Runner.PostProcessingAssemblyLoadContext[0]
      Current configuration matches the requested one, skipping
info: Microsoft.AspNetCore.Routing.EndpointMiddleware[1]
      Executed endpoint 'gRPC - /UnityILPP.PostProcessing/ConfigurePostProcessors'
info: Microsoft.AspNetCore.Hosting.Diagnostics[2]
      Request finished HTTP/2 POST http://ilpp/UnityILPP.PostProcessing/ConfigurePostProcessors - 200 - application/grpc 1.6820ms
info: Microsoft.AspNetCore.Hosting.Diagnostics[1]
      Request starting HTTP/2 POST http://ilpp/UnityILPP.PostProcessing/PostProcessAssembly - application/grpc -
info: Microsoft.AspNetCore.Routing.EndpointMiddleware[0]
      Executing endpoint 'gRPC - /UnityILPP.PostProcessing/PostProcessAssembly'
info: Unity.ILPP.Runner.PostProcessingPipeline[0]
      Processing assembly Library/Bee/artifacts/1900b0aE.dag/Assembly-CSharp.dll, with 142 defines and 323 references
info: Unity.ILPP.Runner.PostProcessingPipeline[0]
      processors: Unity.Jobs.CodeGen.JobsILPostProcessor, zzzUnity.Burst.CodeGen.BurstILPostProcessor
info: Unity.ILPP.Runner.PostProcessingPipeline[0]
      running Unity.Jobs.CodeGen.JobsILPostProcessor
info: Unity.ILPP.Runner.PostProcessingPipeline[0]
      running zzzUnity.Burst.CodeGen.BurstILPostProcessor
info: Microsoft.AspNetCore.Routing.EndpointMiddleware[1]
      Executed endpoint 'gRPC - /UnityILPP.PostProcessing/PostProcessAssembly'
info: Microsoft.AspNetCore.Hosting.Diagnostics[2]
      Request finished HTTP/2 POST http://ilpp/UnityILPP.PostProcessing/PostProcessAssembly - 200 - application/grpc 22.3601ms
ExitCode: 0 Duration: 0s528ms
[581/727    0s] ILPP-Configuration Library/ilpp-configuration.nevergeneratedoutput
[723/727    0s] Csc Library/Bee/artifacts/1900b0aE.dag/Assembly-CSharp.dll (+2 others)
[724/727    0s] ILPostProcess Library/Bee/artifacts/1900b0aE.dag/post-processed/Assembly-CSharp.dll (+pdb)
Processing assembly Library/Bee/artifacts/1900b0aE.dag/Assembly-CSharp.dll, with 142 defines and 323 references

processors: Unity.Jobs.CodeGen.JobsILPostProcessor, zzzUnity.Burst.CodeGen.BurstILPostProcessor

running Unity.Jobs.CodeGen.JobsILPostProcessor

running zzzUnity.Burst.CodeGen.BurstILPostProcessor
[725/727    0s] CopyFiles Library/ScriptAssemblies/Assembly-CSharp.dll
[726/727    0s] CopyFiles Library/ScriptAssemblies/Assembly-CSharp.pdb
*** Tundra build success (0.49 seconds), 5 items updated, 727 evaluated
Reloading assemblies after finishing script compilation.
Reloading assemblies after forced synchronous recompile.
Begin MonoManager ReloadAssembly
Native extension for WindowsStandalone target not found
[MODES] ModeService[none].Initialize
[MODES] ModeService[none].LoadModes
ScheduleIndexationOnStartup MainProcess:True IndexOnStartup:True
Mono: successfully reloaded assembly
- Finished resetting the current domain, in  4.792 seconds
Domain Reload Profiling: 7216ms
	BeginReloadAssembly (1477ms)
		DisableScriptedObjects (320ms)
		CreateAndSetChildDomain (600ms)
	RebuildCommonClasses (20ms)
	RebuildNativeTypeToScriptingClass (39ms)
	initialDomainReloadingComplete (189ms)
	LoadAllAssembliesAndSetupDomain (697ms)
		LoadAssemblies (320ms)
		AnalyzeDomain (332ms)
			TypeCache.Refresh (17ms)
			BuildScriptInfoCaches (250ms)
			ResolveRequiredComponents (62ms)
	FinalizeReload (4794ms)
		SetupLoadedEditorAssemblies (0ms)
			InitializePlatformSupportModulesInManaged (5ms)
			BeforeProcessingInitializeOnLoad (448ms)
			ProcessInitializeOnLoadAttributes (1054ms)
			ProcessInitializeOnLoadMethodAttributes (426ms)
			AfterProcessingInitializeOnLoad (40ms)
		AwakeInstancesAfterBackupRestoration (1617ms)

Asset Pipeline Refresh (id=328b050855d53d1479ce60945c5ad2d3): Total: 7.784 seconds - Initiated by StopAssetImportingV2(ForceSynchronousImport | ForceDomainReload)
	(Values over 0.05ms)
	Summary:
		Imports: total=0 (actual=0, local cache=0, cache server=0)
		Asset DB Process Time: managed=0 ms, native=5070 ms
		Asset DB Callback time: managed=80 ms, native=1 ms
		Scripting: domain reloads=1, domain reload time=2623 ms, compile time=8 ms, other=0 ms
		Project Asset Count: scripts=980, non-scripts=1925
		Asset File Changes: new=0, changed=0, moved=0, deleted=0
		Scan Filter Count: 0
	InvokePackagesCallback: 9.486ms
	ApplyChangesToAssetFolders: 0.667ms
	Collect global state as custom dependencies: 3.589ms
	ProcessAssetsWithTransientArtifactChanges: 4.113ms
	CategorizeAssets: 92.109ms
	CompileScripts: 7.550ms
	ImportOutOfDateAssets: 4876.749ms (4810.607ms without children)
		CollectScriptTypesHashes: 3.924ms
		ReloadNativeAssets: 1.405ms
		UnloadImportedAssets: 0.747ms
		EnsureUptoDateAssetsAreRegisteredWithGuidPM: 1.025ms
		ImportSchedulerStart: 62.911ms
	PostProcessAllAssets: 80.122ms
		MonoPostProcessAllAssets: 80.117ms
			UniversalRenderPipelineGlobalSettingsPostprocessor.OnPostprocessAllAssets 24.428ms
			SyncVS.PostprocessSyncProject 19.331ms
			WindowAssetPostprocessingWatcher.OnPostprocessAllAssets 5.047ms
			SpeedTree9Postprocessor.OnPostprocessAllAssets 4.899ms
			ProjectSettingsPostprocessor.OnPostprocessAllAssets 1.941ms
			EditModeScopePostprocessor.OnPostprocessAllAssets 1.748ms
			InputActionAssetPostprocessor.OnPostprocessAllAssets 0.947ms
			ReferencedClipsPostProcessor.OnPostprocessAllAssets 0.899ms
			ShaderReflectionAssetPostProcessor.OnPostprocessAllAssets 0.837ms
			TerrainToolbarOverlayPostProcessor.OnPostprocessAllAssets 0.405ms
			AssetDatabaseCallbacks.OnPostprocessAllAssets 0.405ms
			AssetChangedListener.OnPostprocessAllAssets 0.400ms
			RenderPipelineGlobalSettingsPostprocessor.OnPostprocessAllAssets 0.211ms
			SpriteEditorTexturePostprocessor.OnPostprocessAllAssets 0.185ms
			ShaderGraphAssetPostProcessor.OnPostprocessAllAssets 0.131ms
			AssetPostprocessor.OnPostprocessAllAssets 0.114ms
	GatherAllCurrentPrimaryImportResultRevisions: 0.307ms
	UnloadStreamsBegin: 0.086ms
	PersistCurrentRevisions: 0.133ms
	GenerateScriptTypeHashes: 5.781ms
	GenerateScriptTypeSerializationHashes: 10.848ms
	Untracked: 2694.067ms

[Licensing::Client] Successfully resolved entitlement details
[Licensing::Client] Successfully resolved entitlement details
Asset Pipeline Refresh (id=eddae21c02af5ea41a11c759ed8800f6): Total: 0.013 seconds - Initiated by RefreshV2(AllowForceSynchronousImport)
Asset Pipeline Refresh (id=5111fdb5e226ccd4c9df429f222a0d9a): Total: 0.015 seconds - Initiated by RefreshV2(NoUpdateAssetOptions)
SpriteAtlasPacking completed in 0.020469 sec
Reloading assemblies for play mode.
Reloading assemblies after forced synchronous recompile.
[Licensing::Client] Successfully resolved entitlement details
Begin MonoManager ReloadAssembly
Native extension for WindowsStandalone target not found
ScheduleIndexationOnStartup MainProcess:True IndexOnStartup:True
[MODES] ModeService[none].Initialize
[MODES] ModeService[none].LoadModes
Mono: successfully reloaded assembly
- Finished resetting the current domain, in  1.452 seconds
Domain Reload Profiling: 2255ms
	BeginReloadAssembly (594ms)
		DisableScriptedObjects (94ms)
		CreateAndSetChildDomain (323ms)
	RebuildCommonClasses (8ms)
	RebuildNativeTypeToScriptingClass (13ms)
	initialDomainReloadingComplete (51ms)
	LoadAllAssembliesAndSetupDomain (138ms)
		LoadAssemblies (126ms)
		AnalyzeDomain (28ms)
			TypeCache.Refresh (5ms)
			ResolveRequiredComponents (20ms)
	FinalizeReload (1452ms)
		SetupLoadedEditorAssemblies (0ms)
			BeforeProcessingInitializeOnLoad (78ms)
			ProcessInitializeOnLoadAttributes (316ms)
			ProcessInitializeOnLoadMethodAttributes (148ms)
			AfterProcessingInitializeOnLoad (8ms)
		AwakeInstancesAfterBackupRestoration (509ms)

Asset Pipeline Refresh (id=a38687b8ce91b9d4f94095556e4f6753): Total: 2.453 seconds - Initiated by StopAssetImportingV2(ForceSynchronousImport | ForceDomainReload)
	(Values over 0.05ms)
	Summary:
		Imports: total=0 (actual=0, local cache=0, cache server=0)
		Asset DB Process Time: managed=0 ms, native=1553 ms
		Asset DB Callback time: managed=30 ms, native=1 ms
		Scripting: domain reloads=1, domain reload time=865 ms, compile time=2 ms, other=0 ms
		Project Asset Count: scripts=980, non-scripts=1925
		Asset File Changes: new=0, changed=0, moved=0, deleted=0
		Scan Filter Count: 0
	InvokePackagesCallback: 3.341ms
	ApplyChangesToAssetFolders: 0.399ms
	Collect global state as custom dependencies: 1.198ms
	ProcessAssetsWithTransientArtifactChanges: 0.080ms
	CategorizeAssets: 29.776ms
	CompileScripts: 2.371ms
	ImportOutOfDateAssets: 1482.991ms (1458.276ms without children)
		CollectScriptTypesHashes: 1.225ms
		ReloadNativeAssets: 0.720ms
		UnloadImportedAssets: 0.160ms
		EnsureUptoDateAssetsAreRegisteredWithGuidPM: 0.361ms
		ImportSchedulerStart: 23.454ms
	PostProcessAllAssets: 30.129ms
		MonoPostProcessAllAssets: 30.124ms
			UniversalRenderPipelineGlobalSettingsPostprocessor.OnPostprocessAllAssets 8.713ms
			SyncVS.PostprocessSyncProject 8.503ms
			WindowAssetPostprocessingWatcher.OnPostprocessAllAssets 1.750ms
			SpeedTree9Postprocessor.OnPostprocessAllAssets 1.531ms
			ProjectSettingsPostprocessor.OnPostprocessAllAssets 0.634ms
			AssetChangedListener.OnPostprocessAllAssets 0.400ms
			ShaderReflectionAssetPostProcessor.OnPostprocessAllAssets 0.304ms
			EditModeScopePostprocessor.OnPostprocessAllAssets 0.249ms
			InputActionAssetPostprocessor.OnPostprocessAllAssets 0.224ms
			ReferencedClipsPostProcessor.OnPostprocessAllAssets 0.223ms
			SpriteEditorTexturePostprocessor.OnPostprocessAllAssets 0.185ms
			AssetDatabaseCallbacks.OnPostprocessAllAssets 0.133ms
			ShaderGraphAssetPostProcessor.OnPostprocessAllAssets 0.131ms
			TerrainToolbarOverlayPostProcessor.OnPostprocessAllAssets 0.127ms
			AssetPostprocessor.OnPostprocessAllAssets 0.114ms
			RenderPipelineGlobalSettingsPostprocessor.OnPostprocessAllAssets 0.061ms
	GatherAllCurrentPrimaryImportResultRevisions: 0.246ms
	UnloadStreamsBegin: 0.162ms
	PersistCurrentRevisions: 0.095ms
	GenerateScriptTypeHashes: 1.813ms
	GenerateScriptTypeSerializationHashes: 3.150ms
	Untracked: 893.362ms

LightingSettings: switching bake backend from 2 to 1.
Loaded scene 'Temp/__Backupscenes/0.backup'
	Deserialize:            1.316 ms
	Integration:            181.684 ms
	Integration of assets:  0.002 ms
	Thread Wait Time:       0.079 ms
	Total Operation Time:   183.080 ms
[Licensing::Client] Successfully resolved entitlement details
[Licensing::Client] Successfully resolved entitlement details
LightingSettings: switching bake backend from 2 to 1.
Unloading 8 Unused Serialized files (Serialized files now loaded: 0)
Loaded scene 'Temp/__Backupscenes/0.backup'
	Deserialize:            0.962 ms
	Integration:            134.092 ms
	Integration of assets:  0.001 ms
	Thread Wait Time:       0.050 ms
	Total Operation Time:   135.105 ms
Unloading 199 unused Assets / (0.6 MB). Loaded Objects now: 6594.
Memory consumption went from 0.62 GB to 0.62 GB.
Total: 10.680900 ms (FindLiveObjects: 0.279600 ms CreateObjectMapping: 0.572000 ms MarkObjects: 8.956700 ms  DeleteObjects: 0.870800 ms)

[Licensing::Client] Successfully resolved entitlement details
[ScriptCompilation] Requested script compilation because: AssetDatabase observed changes in script compilation related files
Asset Pipeline Refresh (id=723f186df17dfec4b938f1a6fa31a759): Total: 0.095 seconds - Initiated by RefreshV2(NoUpdateAssetOptions)
info: Microsoft.AspNetCore.Hosting.Diagnostics[1]
      Request starting HTTP/2 POST http://ilpp/UnityILPP.PostProcessing/Ping - application/grpc -
info: Microsoft.AspNetCore.Routing.EndpointMiddleware[0]
      Executing endpoint 'gRPC - /UnityILPP.PostProcessing/Ping'
info: Microsoft.AspNetCore.Routing.EndpointMiddleware[1]
      Executed endpoint 'gRPC - /UnityILPP.PostProcessing/Ping'
info: Microsoft.AspNetCore.Hosting.Diagnostics[2]
      Request finished HTTP/2 POST http://ilpp/UnityILPP.PostProcessing/Ping - 200 - application/grpc 0.2826ms
Starting: C:\Program Files\Unity\Hub\Editor\6000.5.8f1\Editor\Data\Tools\BuildPipeline\bee_backend.exe --ipc --defer-dag-verification --dagfile="Library/Bee/1900b0aE.dag" --continue-on-failure --profile="Library/Bee/backend1.traceevents" ScriptAssemblies
WorkingDir: C:/DEV/NTI/2026-2027 Programmering/TIA 2dshooter
info: Microsoft.AspNetCore.Hosting.Diagnostics[1]
      Request starting HTTP/2 POST http://ilpp/UnityILPP.PostProcessing/ConfigurePostProcessors - application/grpc -
info: Microsoft.AspNetCore.Routing.EndpointMiddleware[0]
      Executing endpoint 'gRPC - /UnityILPP.PostProcessing/ConfigurePostProcessors'
info: Unity.ILPP.Runner.PostProcessingAssemblyLoadContext[0]
      Current configuration matches the requested one, skipping
info: Microsoft.AspNetCore.Routing.EndpointMiddleware[1]
      Executed endpoint 'gRPC - /UnityILPP.PostProcessing/ConfigurePostProcessors'
info: Microsoft.AspNetCore.Hosting.Diagnostics[2]
      Request finished HTTP/2 POST http://ilpp/UnityILPP.PostProcessing/ConfigurePostProcessors - 200 - application/grpc 1.4068ms
info: Microsoft.AspNetCore.Hosting.Diagnostics[1]
      Request starting HTTP/2 POST http://ilpp/UnityILPP.PostProcessing/PostProcessAssembly - application/grpc -
info: Microsoft.AspNetCore.Routing.EndpointMiddleware[0]
      Executing endpoint 'gRPC - /UnityILPP.PostProcessing/PostProcessAssembly'
info: Unity.ILPP.Runner.PostProcessingPipeline[0]
      Processing assembly Library/Bee/artifacts/1900b0aE.dag/Assembly-CSharp.dll, with 142 defines and 323 references
info: Unity.ILPP.Runner.PostProcessingPipeline[0]
      processors: Unity.Jobs.CodeGen.JobsILPostProcessor, zzzUnity.Burst.CodeGen.BurstILPostProcessor
info: Unity.ILPP.Runner.PostProcessingPipeline[0]
      running Unity.Jobs.CodeGen.JobsILPostProcessor
info: Unity.ILPP.Runner.PostProcessingPipeline[0]
      running zzzUnity.Burst.CodeGen.BurstILPostProcessor
info: Microsoft.AspNetCore.Routing.EndpointMiddleware[1]
      Executed endpoint 'gRPC - /UnityILPP.PostProcessing/PostProcessAssembly'
info: Microsoft.AspNetCore.Hosting.Diagnostics[2]
      Request finished HTTP/2 POST http://ilpp/UnityILPP.PostProcessing/PostProcessAssembly - 200 - application/grpc 27.5009ms
ExitCode: 0 Duration: 0s529ms
[581/727    0s] ILPP-Configuration Library/ilpp-configuration.nevergeneratedoutput
[723/727    0s] Csc Library/Bee/artifacts/1900b0aE.dag/Assembly-CSharp.dll (+2 others)
[724/727    0s] ILPostProcess Library/Bee/artifacts/1900b0aE.dag/post-processed/Assembly-CSharp.dll (+pdb)
Processing assembly Library/Bee/artifacts/1900b0aE.dag/Assembly-CSharp.dll, with 142 defines and 323 references

processors: Unity.Jobs.CodeGen.JobsILPostProcessor, zzzUnity.Burst.CodeGen.BurstILPostProcessor

running Unity.Jobs.CodeGen.JobsILPostProcessor

running zzzUnity.Burst.CodeGen.BurstILPostProcessor
[725/727    0s] CopyFiles Library/ScriptAssemblies/Assembly-CSharp.pdb
[726/727    0s] CopyFiles Library/ScriptAssemblies/Assembly-CSharp.dll
*** Tundra build success (0.50 seconds), 5 items updated, 727 evaluated
Reloading assemblies after finishing script compilation.
Reloading assemblies after forced synchronous recompile.
Begin MonoManager ReloadAssembly
Native extension for WindowsStandalone target not found
[MODES] ModeService[none].Initialize
[MODES] ModeService[none].LoadModes
ScheduleIndexationOnStartup MainProcess:True IndexOnStartup:True
Mono: successfully reloaded assembly
- Finished resetting the current domain, in  1.602 seconds
Domain Reload Profiling: 2694ms
	BeginReloadAssembly (775ms)
		DisableScriptedObjects (147ms)
		CreateAndSetChildDomain (332ms)
	RebuildCommonClasses (8ms)
	RebuildNativeTypeToScriptingClass (13ms)
	initialDomainReloadingComplete (57ms)
	LoadAllAssembliesAndSetupDomain (239ms)
		LoadAssemblies (115ms)
		AnalyzeDomain (119ms)
			TypeCache.Refresh (6ms)
			BuildScriptInfoCaches (91ms)
			ResolveRequiredComponents (20ms)
	FinalizeReload (1603ms)
		SetupLoadedEditorAssemblies (0ms)
			BeforeProcessingInitializeOnLoad (154ms)
			ProcessInitializeOnLoadAttributes (338ms)
			ProcessInitializeOnLoadMethodAttributes (147ms)
			AfterProcessingInitializeOnLoad (10ms)
		AwakeInstancesAfterBackupRestoration (538ms)

Asset Pipeline Refresh (id=61a608fe94a753844baaa8b20d9c8f6b): Total: 2.885 seconds - Initiated by StopAssetImportingV2(ForceSynchronousImport | ForceDomainReload)
	(Values over 0.05ms)
	Summary:
		Imports: total=0 (actual=0, local cache=0, cache server=0)
		Asset DB Process Time: managed=0 ms, native=1703 ms
		Asset DB Callback time: managed=33 ms, native=0 ms
		Scripting: domain reloads=1, domain reload time=1144 ms, compile time=3 ms, other=0 ms
		Project Asset Count: scripts=980, non-scripts=1925
		Asset File Changes: new=0, changed=0, moved=0, deleted=0
		Scan Filter Count: 0
	InvokePackagesCallback: 2.199ms
	ApplyChangesToAssetFolders: 0.276ms
	Collect global state as custom dependencies: 0.931ms
	ProcessAssetsWithTransientArtifactChanges: 2.197ms
	CategorizeAssets: 30.904ms
	CompileScripts: 3.061ms
	ImportOutOfDateAssets: 1635.090ms (1609.455ms without children)
		CollectScriptTypesHashes: 1.084ms
		ReloadNativeAssets: 0.707ms
		UnloadImportedAssets: 0.155ms
		EnsureUptoDateAssetsAreRegisteredWithGuidPM: 0.376ms
		ImportSchedulerStart: 24.377ms
	PostProcessAllAssets: 33.414ms
		MonoPostProcessAllAssets: 33.409ms
			UniversalRenderPipelineGlobalSettingsPostprocessor.OnPostprocessAllAssets 10.451ms
			SyncVS.PostprocessSyncProject 8.472ms
			AssetChangedListener.OnPostprocessAllAssets 5.326ms
			BuilderAssetPostprocessor.OnPostprocessAllAssets 5.030ms
			AssetPostprocessor.OnPostprocessAllAssets 3.694ms
			SpriteSlicePostprocessor.OnPostprocessAllAssets 2.236ms
			WindowAssetPostprocessingWatcher.OnPostprocessAllAssets 1.720ms
			SpeedTree9Postprocessor.OnPostprocessAllAssets 1.632ms
			ShaderGraphAssetPostProcessor.OnPostprocessAllAssets 1.405ms
			RetainedModeAssetPostprocessor.OnPostprocessAllAssets 0.946ms
			EditModeScopePostprocessor.OnPostprocessAllAssets 0.866ms
			ProjectSettingsPostprocessor.OnPostprocessAllAssets 0.647ms
			SpriteEditorTexturePostprocessor.OnPostprocessAllAssets 0.585ms
			TMPro_TexturePostProcessor.OnPostprocessAllAssets 0.550ms
			MaterialPostprocessor.OnPostprocessAllAssets 0.491ms
			ArtifactBrowserPostProcessor.OnPostprocessAllAssets 0.465ms
			SampleDependencyImporterPostProcessor.OnPostprocessAllAssets 0.420ms
			TextAssetPostProcessor.OnPostprocessAllAssets 0.321ms
			ShaderReflectionAssetPostProcessor.OnPostprocessAllAssets 0.311ms
			AudioMixerPostprocessor.OnPostprocessAllAssets 0.293ms
			InputActionJsonNameModifierAssetProcessor.OnPostprocessAllAssets 0.260ms
			InputActionAssetPostprocessor.OnPostprocessAllAssets 0.235ms
			ReferencedClipsPostProcessor.OnPostprocessAllAssets 0.225ms
			PostProcessor.OnPostprocessAllAssets 0.221ms
			AssetEvents.OnPostprocessAllAssets 0.194ms
			StyleCatalogPostProcessor.OnPostprocessAllAssets 0.194ms
			SamplePostprocessor.OnPostprocessAllAssets 0.140ms
			SpeedTreePostProcessor.OnPostprocessAllAssets 0.138ms
			TerrainToolbarOverlayPostProcessor.OnPostprocessAllAssets 0.134ms
			AssetDatabaseCallbacks.OnPostprocessAllAssets 0.131ms
			ScenarioDriftAssetsTracker.OnPostprocessAllAssets 0.117ms
			ConfigAssetsTracker.OnPostprocessAllAssets 0.115ms
			RenderPipelineGlobalSettingsPostprocessor.OnPostprocessAllAssets 0.098ms
			AudioContainerPostProcessor.OnPostprocessAllAssets 0.069ms
			AssetProcessor.OnPostprocessAllAssets 0.062ms
	GatherAllCurrentPrimaryImportResultRevisions: 0.121ms
	PersistCurrentRevisions: 0.091ms
	GenerateScriptTypeHashes: 1.980ms
	GenerateScriptTypeSerializationHashes: 3.436ms
	Untracked: 1169.201ms

[Licensing::Client] Successfully resolved entitlement details
[Licensing::Client] Successfully resolved entitlement details
[ScriptCompilation] Requested script compilation because: AssetDatabase observed changes in script compilation related files
Asset Pipeline Refresh (id=4a285c13a51e2b140b1702cb36d71ca3): Total: 0.085 seconds - Initiated by RefreshV2(NoUpdateAssetOptions)
info: Microsoft.AspNetCore.Hosting.Diagnostics[1]
      Request starting HTTP/2 POST http://ilpp/UnityILPP.PostProcessing/Ping - application/grpc -
info: Microsoft.AspNetCore.Routing.EndpointMiddleware[0]
      Executing endpoint 'gRPC - /UnityILPP.PostProcessing/Ping'
info: Microsoft.AspNetCore.Routing.EndpointMiddleware[1]
      Executed endpoint 'gRPC - /UnityILPP.PostProcessing/Ping'
info: Microsoft.AspNetCore.Hosting.Diagnostics[2]
      Request finished HTTP/2 POST http://ilpp/UnityILPP.PostProcessing/Ping - 200 - application/grpc 0.1894ms
Starting: C:\Program Files\Unity\Hub\Editor\6000.5.8f1\Editor\Data\Tools\BuildPipeline\bee_backend.exe --ipc --defer-dag-verification --dagfile="Library/Bee/1900b0aE.dag" --continue-on-failure --profile="Library/Bee/backend1.traceevents" ScriptAssemblies
WorkingDir: C:/DEV/NTI/2026-2027 Programmering/TIA 2dshooter
info: Microsoft.AspNetCore.Hosting.Diagnostics[1]
      Request starting HTTP/2 POST http://ilpp/UnityILPP.PostProcessing/ConfigurePostProcessors - application/grpc -
info: Microsoft.AspNetCore.Routing.EndpointMiddleware[0]
      Executing endpoint 'gRPC - /UnityILPP.PostProcessing/ConfigurePostProcessors'
info: Unity.ILPP.Runner.PostProcessingAssemblyLoadContext[0]
      Current configuration matches the requested one, skipping
info: Microsoft.AspNetCore.Routing.EndpointMiddleware[1]
      Executed endpoint 'gRPC - /UnityILPP.PostProcessing/ConfigurePostProcessors'
info: Microsoft.AspNetCore.Hosting.Diagnostics[2]
      Request finished HTTP/2 POST http://ilpp/UnityILPP.PostProcessing/ConfigurePostProcessors - 200 - application/grpc 1.3891ms
info: Microsoft.AspNetCore.Hosting.Diagnostics[1]
      Request starting HTTP/2 POST http://ilpp/UnityILPP.PostProcessing/PostProcessAssembly - application/grpc -
info: Microsoft.AspNetCore.Routing.EndpointMiddleware[0]
      Executing endpoint 'gRPC - /UnityILPP.PostProcessing/PostProcessAssembly'
info: Unity.ILPP.Runner.PostProcessingPipeline[0]
      Processing assembly Library/Bee/artifacts/1900b0aE.dag/Assembly-CSharp.dll, with 142 defines and 323 references
info: Unity.ILPP.Runner.PostProcessingPipeline[0]
      processors: Unity.Jobs.CodeGen.JobsILPostProcessor, zzzUnity.Burst.CodeGen.BurstILPostProcessor
info: Unity.ILPP.Runner.PostProcessingPipeline[0]
      running Unity.Jobs.CodeGen.JobsILPostProcessor
info: Unity.ILPP.Runner.PostProcessingPipeline[0]
      running zzzUnity.Burst.CodeGen.BurstILPostProcessor
info: Microsoft.AspNetCore.Routing.EndpointMiddleware[1]
      Executed endpoint 'gRPC - /UnityILPP.PostProcessing/PostProcessAssembly'
info: Microsoft.AspNetCore.Hosting.Diagnostics[2]
      Request finished HTTP/2 POST http://ilpp/UnityILPP.PostProcessing/PostProcessAssembly - 200 - application/grpc 20.4782ms
ExitCode: 0 Duration: 0s490ms
[581/727    0s] ILPP-Configuration Library/ilpp-configuration.nevergeneratedoutput
[723/727    0s] Csc Library/Bee/artifacts/1900b0aE.dag/Assembly-CSharp.dll (+2 others)
[724/727    0s] ILPostProcess Library/Bee/artifacts/1900b0aE.dag/post-processed/Assembly-CSharp.dll (+pdb)
Processing assembly Library/Bee/artifacts/1900b0aE.dag/Assembly-CSharp.dll, with 142 defines and 323 references

processors: Unity.Jobs.CodeGen.JobsILPostProcessor, zzzUnity.Burst.CodeGen.BurstILPostProcessor

running Unity.Jobs.CodeGen.JobsILPostProcessor

running zzzUnity.Burst.CodeGen.BurstILPostProcessor
[725/727    0s] CopyFiles Library/ScriptAssemblies/Assembly-CSharp.pdb
[726/727    0s] CopyFiles Library/ScriptAssemblies/Assembly-CSharp.dll
*** Tundra build success (0.46 seconds), 5 items updated, 727 evaluated
Reloading assemblies after finishing script compilation.
Reloading assemblies after forced synchronous recompile.
Begin MonoManager ReloadAssembly
Native extension for WindowsStandalone target not found
[MODES] ModeService[none].Initialize
[MODES] ModeService[none].LoadModes
ScheduleIndexationOnStartup MainProcess:True IndexOnStartup:True
Mono: successfully reloaded assembly
- Finished resetting the current domain, in  1.627 seconds
Domain Reload Profiling: 2827ms
	BeginReloadAssembly (879ms)
		DisableScriptedObjects (172ms)
		CreateAndSetChildDomain (431ms)
	RebuildCommonClasses (9ms)
	RebuildNativeTypeToScriptingClass (13ms)
	initialDomainReloadingComplete (55ms)
	LoadAllAssembliesAndSetupDomain (243ms)
		LoadAssemblies (113ms)
		AnalyzeDomain (124ms)
			TypeCache.Refresh (7ms)
			BuildScriptInfoCaches (95ms)
			ResolveRequiredComponents (22ms)
	FinalizeReload (1628ms)
		SetupLoadedEditorAssemblies (0ms)
			BeforeProcessingInitializeOnLoad (156ms)
			ProcessInitializeOnLoadAttributes (350ms)
			ProcessInitializeOnLoadMethodAttributes (147ms)
			AfterProcessingInitializeOnLoad (13ms)
		AwakeInstancesAfterBackupRestoration (540ms)

Asset Pipeline Refresh (id=bb2ab65908a113f42b252039743567e5): Total: 3.026 seconds - Initiated by StopAssetImportingV2(ForceSynchronousImport | ForceDomainReload)
	(Values over 0.05ms)
	Summary:
		Imports: total=0 (actual=0, local cache=0, cache server=0)
		Asset DB Process Time: managed=0 ms, native=1732 ms
		Asset DB Callback time: managed=35 ms, native=0 ms
		Scripting: domain reloads=1, domain reload time=1255 ms, compile time=3 ms, other=0 ms
		Project Asset Count: scripts=980, non-scripts=1925
		Asset File Changes: new=0, changed=0, moved=0, deleted=0
		Scan Filter Count: 0
	InvokePackagesCallback: 2.166ms
	ApplyChangesToAssetFolders: 0.277ms
	Collect global state as custom dependencies: 0.925ms
	ProcessAssetsWithTransientArtifactChanges: 2.398ms
	CategorizeAssets: 34.402ms
	CompileScripts: 2.882ms
	ImportOutOfDateAssets: 1660.333ms (1634.277ms without children)
		CollectScriptTypesHashes: 0.833ms
		ReloadNativeAssets: 0.722ms
		UnloadImportedAssets: 0.136ms
		EnsureUptoDateAssetsAreRegisteredWithGuidPM: 0.372ms
		ImportSchedulerStart: 24.806ms
	PostProcessAllAssets: 35.411ms
		MonoPostProcessAllAssets: 35.407ms
			UniversalRenderPipelineGlobalSettingsPostprocessor.OnPostprocessAllAssets 10.694ms
			SyncVS.PostprocessSyncProject 9.141ms
			AssetPostprocessor.OnPostprocessAllAssets 5.068ms
			AssetChangedListener.OnPostprocessAllAssets 4.927ms
			BuilderAssetPostprocessor.OnPostprocessAllAssets 4.607ms
			SpriteSlicePostprocessor.OnPostprocessAllAssets 2.309ms
			WindowAssetPostprocessingWatcher.OnPostprocessAllAssets 2.021ms
			SpeedTree9Postprocessor.OnPostprocessAllAssets 1.787ms
			ShaderGraphAssetPostProcessor.OnPostprocessAllAssets 1.386ms
			EditModeScopePostprocessor.OnPostprocessAllAssets 0.988ms
			RetainedModeAssetPostprocessor.OnPostprocessAllAssets 0.974ms
			ProjectSettingsPostprocessor.OnPostprocessAllAssets 0.800ms
			SpriteEditorTexturePostprocessor.OnPostprocessAllAssets 0.530ms
			MaterialPostprocessor.OnPostprocessAllAssets 0.489ms
			TMPro_TexturePostProcessor.OnPostprocessAllAssets 0.482ms
			ArtifactBrowserPostProcessor.OnPostprocessAllAssets 0.466ms
			InputActionAssetPostprocessor.OnPostprocessAllAssets 0.355ms
			ShaderReflectionAssetPostProcessor.OnPostprocessAllAssets 0.347ms
			TextAssetPostProcessor.OnPostprocessAllAssets 0.286ms
			AudioMixerPostprocessor.OnPostprocessAllAssets 0.273ms
			SampleDependencyImporterPostProcessor.OnPostprocessAllAssets 0.262ms
			ReferencedClipsPostProcessor.OnPostprocessAllAssets 0.262ms
			InputActionJsonNameModifierAssetProcessor.OnPostprocessAllAssets 0.257ms
			PostProcessor.OnPostprocessAllAssets 0.201ms
			StyleCatalogPostProcessor.OnPostprocessAllAssets 0.197ms
			AssetEvents.OnPostprocessAllAssets 0.181ms
			TerrainToolbarOverlayPostProcessor.OnPostprocessAllAssets 0.172ms
			AssetDatabaseCallbacks.OnPostprocessAllAssets 0.152ms
			SamplePostprocessor.OnPostprocessAllAssets 0.142ms
			ConfigAssetsTracker.OnPostprocessAllAssets 0.138ms
			SpeedTreePostProcessor.OnPostprocessAllAssets 0.135ms
			ScenarioDriftAssetsTracker.OnPostprocessAllAssets 0.113ms
			RenderPipelineGlobalSettingsPostprocessor.OnPostprocessAllAssets 0.072ms
			AudioContainerPostProcessor.OnPostprocessAllAssets 0.063ms
			AssetProcessor.OnPostprocessAllAssets 0.054ms
	GatherAllCurrentPrimaryImportResultRevisions: 0.109ms
	PersistCurrentRevisions: 0.092ms
	GenerateScriptTypeHashes: 2.052ms
	GenerateScriptTypeSerializationHashes: 3.544ms
	Untracked: 1282.007ms

[Licensing::Client] Successfully resolved entitlement details
[Licensing::Client] Successfully resolved entitlement details
[ScriptCompilation] Requested script compilation because: AssetDatabase observed changes in script compilation related files
Asset Pipeline Refresh (id=d06d83c1d1cfc674eba3d9386105544e): Total: 0.271 seconds - Initiated by RefreshV2(NoUpdateAssetOptions)
[Licensing::Client] Successfully resolved entitlement details
info: Microsoft.AspNetCore.Hosting.Diagnostics[1]
      Request starting HTTP/2 POST http://ilpp/UnityILPP.PostProcessing/Ping - application/grpc -
info: Microsoft.AspNetCore.Routing.EndpointMiddleware[0]
      Executing endpoint 'gRPC - /UnityILPP.PostProcessing/Ping'
info: Microsoft.AspNetCore.Routing.EndpointMiddleware[1]
      Executed endpoint 'gRPC - /UnityILPP.PostProcessing/Ping'
info: Microsoft.AspNetCore.Hosting.Diagnostics[2]
      Request finished HTTP/2 POST http://ilpp/UnityILPP.PostProcessing/Ping - 200 - application/grpc 0.2780ms
Starting: C:\Program Files\Unity\Hub\Editor\6000.5.8f1\Editor\Data\Tools\BuildPipeline\bee_backend.exe --ipc --defer-dag-verification --dagfile="Library/Bee/1900b0aE.dag" --continue-on-failure --profile="Library/Bee/backend1.traceevents" ScriptAssemblies
WorkingDir: C:/DEV/NTI/2026-2027 Programmering/TIA 2dshooter
info: Microsoft.AspNetCore.Hosting.Diagnostics[1]
      Request starting HTTP/2 POST http://ilpp/UnityILPP.PostProcessing/ConfigurePostProcessors - application/grpc -
info: Microsoft.AspNetCore.Routing.EndpointMiddleware[0]
      Executing endpoint 'gRPC - /UnityILPP.PostProcessing/ConfigurePostProcessors'
info: Unity.ILPP.Runner.PostProcessingAssemblyLoadContext[0]
      Current configuration matches the requested one, skipping
info: Microsoft.AspNetCore.Routing.EndpointMiddleware[1]
      Executed endpoint 'gRPC - /UnityILPP.PostProcessing/ConfigurePostProcessors'
info: Microsoft.AspNetCore.Hosting.Diagnostics[2]
      Request finished HTTP/2 POST http://ilpp/UnityILPP.PostProcessing/ConfigurePostProcessors - 200 - application/grpc 2.0189ms
info: Microsoft.AspNetCore.Hosting.Diagnostics[1]
      Request starting HTTP/2 POST http://ilpp/UnityILPP.PostProcessing/PostProcessAssembly - application/grpc -
info: Microsoft.AspNetCore.Routing.EndpointMiddleware[0]
      Executing endpoint 'gRPC - /UnityILPP.PostProcessing/PostProcessAssembly'
info: Unity.ILPP.Runner.PostProcessingPipeline[0]
      Processing assembly Library/Bee/artifacts/1900b0aE.dag/Assembly-CSharp.dll, with 142 defines and 323 references
info: Unity.ILPP.Runner.PostProcessingPipeline[0]
      processors: Unity.Jobs.CodeGen.JobsILPostProcessor, zzzUnity.Burst.CodeGen.BurstILPostProcessor
info: Unity.ILPP.Runner.PostProcessingPipeline[0]
      running Unity.Jobs.CodeGen.JobsILPostProcessor
info: Unity.ILPP.Runner.PostProcessingPipeline[0]
      running zzzUnity.Burst.CodeGen.BurstILPostProcessor
info: Microsoft.AspNetCore.Routing.EndpointMiddleware[1]
      Executed endpoint 'gRPC - /UnityILPP.PostProcessing/PostProcessAssembly'
info: Microsoft.AspNetCore.Hosting.Diagnostics[2]
      Request finished HTTP/2 POST http://ilpp/UnityILPP.PostProcessing/PostProcessAssembly - 200 - application/grpc 39.1222ms
ExitCode: 0 Duration: 0s657ms
[581/727    0s] ILPP-Configuration Library/ilpp-configuration.nevergeneratedoutput
[723/727    0s] Csc Library/Bee/artifacts/1900b0aE.dag/Assembly-CSharp.dll (+2 others)
[724/727    0s] ILPostProcess Library/Bee/artifacts/1900b0aE.dag/post-processed/Assembly-CSharp.dll (+pdb)
Processing assembly Library/Bee/artifacts/1900b0aE.dag/Assembly-CSharp.dll, with 142 defines and 323 references

processors: Unity.Jobs.CodeGen.JobsILPostProcessor, zzzUnity.Burst.CodeGen.BurstILPostProcessor

running Unity.Jobs.CodeGen.JobsILPostProcessor

running zzzUnity.Burst.CodeGen.BurstILPostProcessor
[725/727    0s] CopyFiles Library/ScriptAssemblies/Assembly-CSharp.dll
[726/727    0s] CopyFiles Library/ScriptAssemblies/Assembly-CSharp.pdb
*** Tundra build success (0.62 seconds), 5 items updated, 727 evaluated
Reloading assemblies after finishing script compilation.
Reloading assemblies after forced synchronous recompile.
Begin MonoManager ReloadAssembly
Native extension for WindowsStandalone target not found
[MODES] ModeService[none].Initialize
[MODES] ModeService[none].LoadModes
ScheduleIndexationOnStartup MainProcess:True IndexOnStartup:True
Mono: successfully reloaded assembly
- Finished resetting the current domain, in  5.051 seconds
Domain Reload Profiling: 7845ms
	BeginReloadAssembly (1721ms)
		DisableScriptedObjects (265ms)
		CreateAndSetChildDomain (711ms)
	RebuildCommonClasses (21ms)
	RebuildNativeTypeToScriptingClass (37ms)
	initialDomainReloadingComplete (213ms)
	LoadAllAssembliesAndSetupDomain (800ms)
		LoadAssemblies (384ms)
		AnalyzeDomain (423ms)
			TypeCache.Refresh (22ms)
			BuildScriptInfoCaches (328ms)
			ResolveRequiredComponents (68ms)
	FinalizeReload (5054ms)
		SetupLoadedEditorAssemblies (0ms)
			InitializePlatformSupportModulesInManaged (3ms)
			BeforeProcessingInitializeOnLoad (489ms)
			ProcessInitializeOnLoadAttributes (1101ms)
			ProcessInitializeOnLoadMethodAttributes (404ms)
			AfterProcessingInitializeOnLoad (43ms)
		AwakeInstancesAfterBackupRestoration (1718ms)

Asset Pipeline Refresh (id=6b621143903e2484fb6b94eae108e00c): Total: 8.443 seconds - Initiated by StopAssetImportingV2(ForceSynchronousImport | ForceDomainReload)
	(Values over 0.05ms)
	Summary:
		Imports: total=0 (actual=0, local cache=0, cache server=0)
		Asset DB Process Time: managed=0 ms, native=5332 ms
		Asset DB Callback time: managed=75 ms, native=1 ms
		Scripting: domain reloads=1, domain reload time=3025 ms, compile time=8 ms, other=0 ms
		Project Asset Count: scripts=980, non-scripts=1925
		Asset File Changes: new=0, changed=0, moved=0, deleted=0
		Scan Filter Count: 0
	InvokePackagesCallback: 6.480ms
	ApplyChangesToAssetFolders: 0.549ms
	Collect global state as custom dependencies: 3.345ms
	ProcessAssetsWithTransientArtifactChanges: 4.942ms
	CategorizeAssets: 87.552ms
	CompileScripts: 8.112ms
	ImportOutOfDateAssets: 5139.449ms (5068.525ms without children)
		CollectScriptTypesHashes: 4.265ms
		ReloadNativeAssets: 2.115ms
		UnloadImportedAssets: 0.904ms
		EnsureUptoDateAssetsAreRegisteredWithGuidPM: 0.981ms
		ImportSchedulerStart: 66.870ms
	PostProcessAllAssets: 75.766ms
		MonoPostProcessAllAssets: 75.759ms
			SyncVS.PostprocessSyncProject 20.877ms
			UniversalRenderPipelineGlobalSettingsPostprocessor.OnPostprocessAllAssets 19.254ms
			BuilderAssetPostprocessor.OnPostprocessAllAssets 15.463ms
			AssetChangedListener.OnPostprocessAllAssets 14.211ms
			AssetPostprocessor.OnPostprocessAllAssets 13.898ms
			SpriteSlicePostprocessor.OnPostprocessAllAssets 6.176ms
			WindowAssetPostprocessingWatcher.OnPostprocessAllAssets 4.630ms
			ShaderGraphAssetPostProcessor.OnPostprocessAllAssets 4.384ms
			SpeedTree9Postprocessor.OnPostprocessAllAssets 3.530ms
			RetainedModeAssetPostprocessor.OnPostprocessAllAssets 2.924ms
			EditModeScopePostprocessor.OnPostprocessAllAssets 2.390ms
			ProjectSettingsPostprocessor.OnPostprocessAllAssets 1.688ms
			TMPro_TexturePostProcessor.OnPostprocessAllAssets 1.559ms
			SpriteEditorTexturePostprocessor.OnPostprocessAllAssets 1.493ms
			ArtifactBrowserPostProcessor.OnPostprocessAllAssets 1.457ms
			MaterialPostprocessor.OnPostprocessAllAssets 1.336ms
			AudioMixerPostprocessor.OnPostprocessAllAssets 1.051ms
			SampleDependencyImporterPostProcessor.OnPostprocessAllAssets 0.890ms
			ShaderReflectionAssetPostProcessor.OnPostprocessAllAssets 0.835ms
			TextAssetPostProcessor.OnPostprocessAllAssets 0.806ms
			StyleCatalogPostProcessor.OnPostprocessAllAssets 0.785ms
			InputActionJsonNameModifierAssetProcessor.OnPostprocessAllAssets 0.705ms
			ReferencedClipsPostProcessor.OnPostprocessAllAssets 0.699ms
			AssetEvents.OnPostprocessAllAssets 0.670ms
			InputActionAssetPostprocessor.OnPostprocessAllAssets 0.643ms
			PostProcessor.OnPostprocessAllAssets 0.605ms
			SpeedTreePostProcessor.OnPostprocessAllAssets 0.556ms
			SamplePostprocessor.OnPostprocessAllAssets 0.509ms
			ConfigAssetsTracker.OnPostprocessAllAssets 0.445ms
			ScenarioDriftAssetsTracker.OnPostprocessAllAssets 0.425ms
			AssetDatabaseCallbacks.OnPostprocessAllAssets 0.396ms
			TerrainToolbarOverlayPostProcessor.OnPostprocessAllAssets 0.260ms
			AudioContainerPostProcessor.OnPostprocessAllAssets 0.227ms
			RenderPipelineGlobalSettingsPostprocessor.OnPostprocessAllAssets 0.184ms
			AssetProcessor.OnPostprocessAllAssets 0.142ms
	GatherAllCurrentPrimaryImportResultRevisions: 0.154ms
	PersistCurrentRevisions: 0.217ms
	GenerateScriptTypeHashes: 6.162ms
	GenerateScriptTypeSerializationHashes: 11.096ms
	Untracked: 3102.901ms

[Licensing::Client] Successfully resolved entitlement details
[Licensing::Client] Successfully resolved entitlement details
Asset Pipeline Refresh (id=e4b092a541e59d24186580b78595aedd): Total: 0.018 seconds - Initiated by RefreshV2(AllowForceSynchronousImport)
Asset Pipeline Refresh (id=f66e4aaeb36aef64883e5814bfce237e): Total: 0.004 seconds - Initiated by RefreshV2(AllowForceSynchronousImport)
[ScriptCompilation] Requested script compilation because: AssetDatabase observed changes in script compilation related files
Asset Pipeline Refresh (id=d9a6562a7f8accf4f81677db570ac612): Total: 0.230 seconds - Initiated by RefreshV2(NoUpdateAssetOptions)
[Licensing::Client] Successfully resolved entitlement details
info: Microsoft.AspNetCore.Hosting.Diagnostics[1]
      Request starting HTTP/2 POST http://ilpp/UnityILPP.PostProcessing/Ping - application/grpc -
info: Microsoft.AspNetCore.Routing.EndpointMiddleware[0]
      Executing endpoint 'gRPC - /UnityILPP.PostProcessing/Ping'
info: Microsoft.AspNetCore.Routing.EndpointMiddleware[1]
      Executed endpoint 'gRPC - /UnityILPP.PostProcessing/Ping'
info: Microsoft.AspNetCore.Hosting.Diagnostics[2]
      Request finished HTTP/2 POST http://ilpp/UnityILPP.PostProcessing/Ping - 200 - application/grpc 0.3429ms
Starting: C:\Program Files\Unity\Hub\Editor\6000.5.8f1\Editor\Data\Tools\BuildPipeline\bee_backend.exe --ipc --defer-dag-verification --dagfile="Library/Bee/1900b0aE.dag" --continue-on-failure --profile="Library/Bee/backend1.traceevents" ScriptAssemblies
WorkingDir: C:/DEV/NTI/2026-2027 Programmering/TIA 2dshooter
info: Microsoft.AspNetCore.Hosting.Diagnostics[1]
      Request starting HTTP/2 POST http://ilpp/UnityILPP.PostProcessing/ConfigurePostProcessors - application/grpc -
info: Microsoft.AspNetCore.Routing.EndpointMiddleware[0]
      Executing endpoint 'gRPC - /UnityILPP.PostProcessing/ConfigurePostProcessors'
info: Unity.ILPP.Runner.PostProcessingAssemblyLoadContext[0]
      Current configuration matches the requested one, skipping
info: Microsoft.AspNetCore.Routing.EndpointMiddleware[1]
      Executed endpoint 'gRPC - /UnityILPP.PostProcessing/ConfigurePostProcessors'
info: Microsoft.AspNetCore.Hosting.Diagnostics[2]
      Request finished HTTP/2 POST http://ilpp/UnityILPP.PostProcessing/ConfigurePostProcessors - 200 - application/grpc 1.5328ms
info: Microsoft.AspNetCore.Hosting.Diagnostics[1]
      Request starting HTTP/2 POST http://ilpp/UnityILPP.PostProcessing/PostProcessAssembly - application/grpc -
info: Microsoft.AspNetCore.Routing.EndpointMiddleware[0]
      Executing endpoint 'gRPC - /UnityILPP.PostProcessing/PostProcessAssembly'
info: Unity.ILPP.Runner.PostProcessingPipeline[0]
      Processing assembly Library/Bee/artifacts/1900b0aE.dag/Assembly-CSharp.dll, with 142 defines and 323 references
info: Unity.ILPP.Runner.PostProcessingPipeline[0]
      processors: Unity.Jobs.CodeGen.JobsILPostProcessor, zzzUnity.Burst.CodeGen.BurstILPostProcessor
info: Unity.ILPP.Runner.PostProcessingPipeline[0]
      running Unity.Jobs.CodeGen.JobsILPostProcessor
info: Unity.ILPP.Runner.PostProcessingPipeline[0]
      running zzzUnity.Burst.CodeGen.BurstILPostProcessor
info: Microsoft.AspNetCore.Routing.EndpointMiddleware[1]
      Executed endpoint 'gRPC - /UnityILPP.PostProcessing/PostProcessAssembly'
info: Microsoft.AspNetCore.Hosting.Diagnostics[2]
      Request finished HTTP/2 POST http://ilpp/UnityILPP.PostProcessing/PostProcessAssembly - 200 - application/grpc 17.4942ms
ExitCode: 0 Duration: 0s550ms
[581/727    0s] ILPP-Configuration Library/ilpp-configuration.nevergeneratedoutput
[723/727    0s] Csc Library/Bee/artifacts/1900b0aE.dag/Assembly-CSharp.dll (+2 others)
[724/727    0s] ILPostProcess Library/Bee/artifacts/1900b0aE.dag/post-processed/Assembly-CSharp.dll (+pdb)
Processing assembly Library/Bee/artifacts/1900b0aE.dag/Assembly-CSharp.dll, with 142 defines and 323 references

processors: Unity.Jobs.CodeGen.JobsILPostProcessor, zzzUnity.Burst.CodeGen.BurstILPostProcessor

running Unity.Jobs.CodeGen.JobsILPostProcessor

running zzzUnity.Burst.CodeGen.BurstILPostProcessor
[725/727    0s] CopyFiles Library/ScriptAssemblies/Assembly-CSharp.pdb
[726/727    0s] CopyFiles Library/ScriptAssemblies/Assembly-CSharp.dll
*** Tundra build success (0.52 seconds), 5 items updated, 727 evaluated
Reloading assemblies after finishing script compilation.
Reloading assemblies after forced synchronous recompile.
Begin MonoManager ReloadAssembly
Native extension for WindowsStandalone target not found
[MODES] ModeService[none].Initialize
[MODES] ModeService[none].LoadModes
ScheduleIndexationOnStartup MainProcess:True IndexOnStartup:True
Mono: successfully reloaded assembly
- Finished resetting the current domain, in  4.040 seconds
Domain Reload Profiling: 6447ms
	BeginReloadAssembly (1521ms)
		DisableScriptedObjects (235ms)
		CreateAndSetChildDomain (694ms)
	RebuildCommonClasses (26ms)
	RebuildNativeTypeToScriptingClass (46ms)
	initialDomainReloadingComplete (174ms)
	LoadAllAssembliesAndSetupDomain (636ms)
		LoadAssemblies (364ms)
		AnalyzeDomain (318ms)
			TypeCache.Refresh (16ms)
			BuildScriptInfoCaches (249ms)
			ResolveRequiredComponents (51ms)
	FinalizeReload (4044ms)
		SetupLoadedEditorAssemblies (0ms)
			InitializePlatformSupportModulesInManaged (3ms)
			BeforeProcessingInitializeOnLoad (411ms)
			ProcessInitializeOnLoadAttributes (870ms)
			ProcessInitializeOnLoadMethodAttributes (337ms)
			AfterProcessingInitializeOnLoad (46ms)
		AwakeInstancesAfterBackupRestoration (1372ms)

Asset Pipeline Refresh (id=5f64e9672a5ec224884deda7b41faf35): Total: 7.023 seconds - Initiated by StopAssetImportingV2(ForceSynchronousImport | ForceDomainReload)
	(Values over 0.05ms)
	Summary:
		Imports: total=0 (actual=0, local cache=0, cache server=0)
		Asset DB Process Time: managed=0 ms, native=4317 ms
		Asset DB Callback time: managed=78 ms, native=1 ms
		Scripting: domain reloads=1, domain reload time=2618 ms, compile time=7 ms, other=0 ms
		Project Asset Count: scripts=980, non-scripts=1925
		Asset File Changes: new=0, changed=0, moved=0, deleted=0
		Scan Filter Count: 0
	InvokePackagesCallback: 7.046ms
	ApplyChangesToAssetFolders: 0.540ms
	Collect global state as custom dependencies: 3.580ms
	ProcessAssetsWithTransientArtifactChanges: 5.123ms
	CategorizeAssets: 87.035ms
	CompileScripts: 6.719ms
	ImportOutOfDateAssets: 4130.703ms (4059.062ms without children)
		CollectScriptTypesHashes: 3.320ms
		ReloadNativeAssets: 2.397ms
		UnloadImportedAssets: 0.305ms
		EnsureUptoDateAssetsAreRegisteredWithGuidPM: 0.862ms
		ImportSchedulerStart: 68.032ms
	PostProcessAllAssets: 78.643ms
		MonoPostProcessAllAssets: 78.638ms
			UniversalRenderPipelineGlobalSettingsPostprocessor.OnPostprocessAllAssets 23.229ms
			SyncVS.PostprocessSyncProject 19.913ms
			BuilderAssetPostprocessor.OnPostprocessAllAssets 14.471ms
			AssetChangedListener.OnPostprocessAllAssets 12.347ms
			AssetPostprocessor.OnPostprocessAllAssets 8.289ms
			SpriteSlicePostprocessor.OnPostprocessAllAssets 5.359ms
			WindowAssetPostprocessingWatcher.OnPostprocessAllAssets 4.848ms
			SpeedTree9Postprocessor.OnPostprocessAllAssets 4.414ms
			ShaderGraphAssetPostProcessor.OnPostprocessAllAssets 3.563ms
			EditModeScopePostprocessor.OnPostprocessAllAssets 2.458ms
			RetainedModeAssetPostprocessor.OnPostprocessAllAssets 2.451ms
			MaterialPostprocessor.OnPostprocessAllAssets 1.582ms
			TMPro_TexturePostProcessor.OnPostprocessAllAssets 1.524ms
			ArtifactBrowserPostProcessor.OnPostprocessAllAssets 1.407ms
			ProjectSettingsPostprocessor.OnPostprocessAllAssets 1.376ms
			SpriteEditorTexturePostprocessor.OnPostprocessAllAssets 1.045ms
			AudioMixerPostprocessor.OnPostprocessAllAssets 1.024ms
			SampleDependencyImporterPostProcessor.OnPostprocessAllAssets 0.888ms
			StyleCatalogPostProcessor.OnPostprocessAllAssets 0.686ms
			ReferencedClipsPostProcessor.OnPostprocessAllAssets 0.665ms
			AssetEvents.OnPostprocessAllAssets 0.657ms
			ShaderReflectionAssetPostProcessor.OnPostprocessAllAssets 0.646ms
			PostProcessor.OnPostprocessAllAssets 0.616ms
			TextAssetPostProcessor.OnPostprocessAllAssets 0.566ms
			InputActionAssetPostprocessor.OnPostprocessAllAssets 0.556ms
			InputActionJsonNameModifierAssetProcessor.OnPostprocessAllAssets 0.490ms
			ConfigAssetsTracker.OnPostprocessAllAssets 0.450ms
			SamplePostprocessor.OnPostprocessAllAssets 0.428ms
			ScenarioDriftAssetsTracker.OnPostprocessAllAssets 0.397ms
			AssetDatabaseCallbacks.OnPostprocessAllAssets 0.391ms
			TerrainToolbarOverlayPostProcessor.OnPostprocessAllAssets 0.360ms
			SpeedTreePostProcessor.OnPostprocessAllAssets 0.237ms
			AssetProcessor.OnPostprocessAllAssets 0.231ms
			AudioContainerPostProcessor.OnPostprocessAllAssets 0.224ms
			RenderPipelineGlobalSettingsPostprocessor.OnPostprocessAllAssets 0.207ms
	GatherAllCurrentPrimaryImportResultRevisions: 0.245ms
	UnloadStreamsBegin: 0.071ms
	PersistCurrentRevisions: 0.225ms
	GenerateScriptTypeHashes: 6.066ms
	GenerateScriptTypeSerializationHashes: 10.425ms
	Untracked: 2688.419ms

[Licensing::Client] Successfully resolved entitlement details
[Licensing::Client] Successfully resolved entitlement details
[ScriptCompilation] Requested script compilation because: AssetDatabase observed changes in script compilation related files
info: Microsoft.AspNetCore.Hosting.Diagnostics[1]
      Request starting HTTP/2 POST http://ilpp/UnityILPP.PostProcessing/Ping - application/grpc -
info: Microsoft.AspNetCore.Routing.EndpointMiddleware[0]
      Executing endpoint 'gRPC - /UnityILPP.PostProcessing/Ping'
info: Microsoft.AspNetCore.Routing.EndpointMiddleware[1]
      Executed endpoint 'gRPC - /UnityILPP.PostProcessing/Ping'
info: Microsoft.AspNetCore.Hosting.Diagnostics[2]
      Request finished HTTP/2 POST http://ilpp/UnityILPP.PostProcessing/Ping - 200 - application/grpc 0.1012ms
Starting: C:\Program Files\Unity\Hub\Editor\6000.5.8f1\Editor\Data\Tools\BuildPipeline\bee_backend.exe --ipc --defer-dag-verification --dagfile="Library/Bee/1900b0aE.dag" --continue-on-failure --profile="Library/Bee/backend1.traceevents" ScriptAssemblies
WorkingDir: C:/DEV/NTI/2026-2027 Programmering/TIA 2dshooter
info: Microsoft.AspNetCore.Hosting.Diagnostics[1]
      Request starting HTTP/2 POST http://ilpp/UnityILPP.PostProcessing/ConfigurePostProcessors - application/grpc -
info: Microsoft.AspNetCore.Routing.EndpointMiddleware[0]
      Executing endpoint 'gRPC - /UnityILPP.PostProcessing/ConfigurePostProcessors'
info: Unity.ILPP.Runner.PostProcessingAssemblyLoadContext[0]
      Current configuration matches the requested one, skipping
info: Microsoft.AspNetCore.Routing.EndpointMiddleware[1]
      Executed endpoint 'gRPC - /UnityILPP.PostProcessing/ConfigurePostProcessors'
info: Microsoft.AspNetCore.Hosting.Diagnostics[2]
      Request finished HTTP/2 POST http://ilpp/UnityILPP.PostProcessing/ConfigurePostProcessors - 200 - application/grpc 0.9839ms
info: Microsoft.AspNetCore.Hosting.Diagnostics[1]
      Request starting HTTP/2 POST http://ilpp/UnityILPP.PostProcessing/PostProcessAssembly - application/grpc -
info: Microsoft.AspNetCore.Routing.EndpointMiddleware[0]
      Executing endpoint 'gRPC - /UnityILPP.PostProcessing/PostProcessAssembly'
info: Unity.ILPP.Runner.PostProcessingPipeline[0]
      Processing assembly Library/Bee/artifacts/1900b0aE.dag/Assembly-CSharp.dll, with 142 defines and 323 references
info: Unity.ILPP.Runner.PostProcessingPipeline[0]
      processors: Unity.Jobs.CodeGen.JobsILPostProcessor, zzzUnity.Burst.CodeGen.BurstILPostProcessor
info: Unity.ILPP.Runner.PostProcessingPipeline[0]
      running Unity.Jobs.CodeGen.JobsILPostProcessor
info: Unity.ILPP.Runner.PostProcessingPipeline[0]
      running zzzUnity.Burst.CodeGen.BurstILPostProcessor
info: Microsoft.AspNetCore.Routing.EndpointMiddleware[1]
      Executed endpoint 'gRPC - /UnityILPP.PostProcessing/PostProcessAssembly'
info: Microsoft.AspNetCore.Hosting.Diagnostics[2]
      Request finished HTTP/2 POST http://ilpp/UnityILPP.PostProcessing/PostProcessAssembly - 200 - application/grpc 10.3550ms
ExitCode: 0 Duration: 0s422ms
[581/727    0s] ILPP-Configuration Library/ilpp-configuration.nevergeneratedoutput
[723/727    0s] Csc Library/Bee/artifacts/1900b0aE.dag/Assembly-CSharp.dll (+2 others)
[724/727    0s] ILPostProcess Library/Bee/artifacts/1900b0aE.dag/post-processed/Assembly-CSharp.dll (+pdb)
Processing assembly Library/Bee/artifacts/1900b0aE.dag/Assembly-CSharp.dll, with 142 defines and 323 references

processors: Unity.Jobs.CodeGen.JobsILPostProcessor, zzzUnity.Burst.CodeGen.BurstILPostProcessor

running Unity.Jobs.CodeGen.JobsILPostProcessor

running zzzUnity.Burst.CodeGen.BurstILPostProcessor
[725/727    0s] CopyFiles Library/ScriptAssemblies/Assembly-CSharp.pdb
[726/727    0s] CopyFiles Library/ScriptAssemblies/Assembly-CSharp.dll
*** Tundra build success (0.39 seconds), 5 items updated, 727 evaluated
Reloading assemblies after forced synchronous recompile.
Begin MonoManager ReloadAssembly
Native extension for WindowsStandalone target not found
[MODES] ModeService[none].Initialize
[MODES] ModeService[none].LoadModes
ScheduleIndexationOnStartup MainProcess:True IndexOnStartup:True
Mono: successfully reloaded assembly
- Finished resetting the current domain, in  1.580 seconds
Domain Reload Profiling: 2688ms
	BeginReloadAssembly (799ms)
		DisableScriptedObjects (222ms)
		CreateAndSetChildDomain (330ms)
	RebuildCommonClasses (9ms)
	RebuildNativeTypeToScriptingClass (13ms)
	initialDomainReloadingComplete (53ms)
	LoadAllAssembliesAndSetupDomain (232ms)
		LoadAssemblies (112ms)
		AnalyzeDomain (118ms)
			TypeCache.Refresh (6ms)
			BuildScriptInfoCaches (90ms)
			ResolveRequiredComponents (20ms)
	FinalizeReload (1581ms)
		SetupLoadedEditorAssemblies (0ms)
			BeforeProcessingInitializeOnLoad (156ms)
			ProcessInitializeOnLoadAttributes (341ms)
			ProcessInitializeOnLoadMethodAttributes (146ms)
			AfterProcessingInitializeOnLoad (9ms)
		AwakeInstancesAfterBackupRestoration (516ms)

Asset Pipeline Refresh (id=20cb9ea003106b547adc45bf40666bc1): Total: 3.564 seconds - Initiated by RefreshV2(AllowForceSynchronousImport)
	(Values over 0.05ms)
	Summary:
		Imports: total=0 (actual=0, local cache=0, cache server=0)
		Asset DB Process Time: managed=0 ms, native=1705 ms
		Asset DB Callback time: managed=57 ms, native=2 ms
		Scripting: domain reloads=1, domain reload time=1172 ms, compile time=625 ms, other=0 ms
		Project Asset Count: scripts=980, non-scripts=1925
		Asset File Changes: new=0, changed=1, moved=0, deleted=0
		Scan Filter Count: 0
	InvokePackagesCallback: 2.644ms
	ApplyChangesToAssetFolders: 0.344ms
	Scan: 21.357ms
	Collect global state as custom dependencies: 2.068ms
	OnSourceAssetsModified: 0.553ms
	ProcessAssetsWithTransientArtifactChanges: 3.347ms
	CategorizeAssets: 31.699ms
	CompileScripts: 625.120ms
	ImportOutOfDateAssets: 1611.838ms (1588.085ms without children)
		CollectScriptTypesHashes: 1.571ms
		ReloadNativeAssets: 0.686ms
		UnloadImportedAssets: 0.164ms
		EnsureUptoDateAssetsAreRegisteredWithGuidPM: 0.420ms
		ImportSchedulerStart: 22.462ms
	PostProcessAllAssets: 57.354ms
		XRBuildSystem.XRAssetImported 0.135ms
		MonoPostProcessAllAssets: 56.700ms
			SyncVS.PostprocessSyncProject 9.669ms
			UniversalRenderPipelineGlobalSettingsPostprocessor.OnPostprocessAllAssets 9.127ms
			AssetChangedListener.OnPostprocessAllAssets 5.017ms
			BuilderAssetPostprocessor.OnPostprocessAllAssets 4.613ms
			AssetPostprocessor.OnPostprocessAllAssets 3.477ms
			SpriteSlicePostprocessor.OnPostprocessAllAssets 2.437ms
			SpeedTree9Postprocessor.OnPostprocessAllAssets 1.836ms
			WindowAssetPostprocessingWatcher.OnPostprocessAllAssets 1.631ms
			ShaderGraphAssetPostProcessor.OnPostprocessAllAssets 1.147ms
			RetainedModeAssetPostprocessor.OnPostprocessAllAssets 1.042ms
			EditModeScopePostprocessor.OnPostprocessAllAssets 0.955ms
			ProjectSettingsPostprocessor.OnPostprocessAllAssets 0.800ms
			MaterialPostprocessor.OnPostprocessAllAssets 0.690ms
			SpriteEditorTexturePostprocessor.OnPostprocessAllAssets 0.538ms
			TMPro_TexturePostProcessor.OnPostprocessAllAssets 0.488ms
			ArtifactBrowserPostProcessor.OnPostprocessAllAssets 0.460ms
			InputActionAssetPostprocessor.OnPostprocessAllAssets 0.360ms
			TextAssetPostProcessor.OnPostprocessAllAssets 0.303ms
			ShaderReflectionAssetPostProcessor.OnPostprocessAllAssets 0.272ms
			InputActionJsonNameModifierAssetProcessor.OnPostprocessAllAssets 0.257ms
			AudioMixerPostprocessor.OnPostprocessAllAssets 0.252ms
			SampleDependencyImporterPostProcessor.OnPostprocessAllAssets 0.241ms
			ReferencedClipsPostProcessor.OnPostprocessAllAssets 0.220ms
			PostProcessor.OnPostprocessAllAssets 0.195ms
			AssetEvents.OnPostprocessAllAssets 0.183ms
			StyleCatalogPostProcessor.OnPostprocessAllAssets 0.179ms
			SpeedTreePostProcessor.OnPostprocessAllAssets 0.163ms
			AssetDatabaseCallbacks.OnPostprocessAllAssets 0.140ms
			SamplePostprocessor.OnPostprocessAllAssets 0.136ms
			TerrainToolbarOverlayPostProcessor.OnPostprocessAllAssets 0.136ms
			ConfigAssetsTracker.OnPostprocessAllAssets 0.106ms
			ScenarioDriftAssetsTracker.OnPostprocessAllAssets 0.100ms
			RenderPipelineGlobalSettingsPostprocessor.OnPostprocessAllAssets 0.067ms
			AudioContainerPostProcessor.OnPostprocessAllAssets 0.066ms
	PostAssetChangesProfiler: 1.835ms
	GatherAllCurrentPrimaryImportResultRevisions: 0.115ms
	PersistCurrentRevisions: 0.090ms
	GenerateScriptTypeHashes: 1.918ms
	GenerateScriptTypeSerializationHashes: 3.376ms
	Untracked: 1199.902ms

[Licensing::Client] Successfully resolved entitlement details
[Licensing::Client] Successfully resolved entitlement details
Importing 'GUID: 4dd15c7fe51711c48ba135fef149bbf8 - Path: Assets/Prefabs/Bolt.prefab' with importer (PrefabImporter)
Imported 'GUID: 4dd15c7fe51711c48ba135fef149bbf8' -> (Import Result ID: '8e9c5f7dff4ee27ab8b3363598b6b374') in 0.007 seconds [static and dynamic dependencies]. Details - ImportResultOutputID=ef6ae620e8a5cd084043da9a38fc470c DependenciesID=4f71cd858f4eb3b6f62f89e2cad25987 StaticDependenciesID=147a8c32a72740fa6a1b3d3ec7dae101 
Asset Pipeline Refresh (id=ca19d7e8d43dfb64e84d334be8a8afaf): Total: 0.074 seconds - Initiated by StopAssetImportingV2(NoUpdateAssetOptions)
[Worker0] Imported GUID: 4dd15c7fe51711c48ba135fef149bbf8 - Path: Assets/Prefabs/Bolt.prefab - Importer: PreviewImporter -> (ImportResultId: '76374a764bd9dcb2493c6b8938080db5') in 0.0889342 seconds
Importing 'GUID: f365f0b6fef2eda438cb729e6a9020e7 - Path: Assets/Main.unity' with importer (DefaultImporter)
Imported 'GUID: f365f0b6fef2eda438cb729e6a9020e7' -> (Import Result ID: '681303d46417e50638f19d62fd09d419') in 0.001 seconds [static dependencies only]. Details - ImportResultOutputID=87b2738b17297f81c6f85b756b2ca9ed DependenciesID=3c0bc6d4018a7c8c5ee436d68486c05b StaticDependenciesID=4a52025cd87aa4bdbaa40d600026830f 
Asset Pipeline Refresh (id=06d55ee30e0137c498ae64bb996b8b6c): Total: 0.060 seconds - Initiated by StopAssetImportingV2(NoUpdateAssetOptions)
Importing 'GUID: f365f0b6fef2eda438cb729e6a9020e7 - Path: Assets/Main.unity' with importer (DefaultImporter)
Imported 'GUID: f365f0b6fef2eda438cb729e6a9020e7' -> (Import Result ID: '84dc300e8f0cded956e6f1bdd9d36568') in 0.001 seconds [static dependencies only]. Details - ImportResultOutputID=87b2738b17297f81c6f85b756b2ca9ed DependenciesID=567806b54b2521518a18073168bd003e StaticDependenciesID=e069f50db5df59be73d000c16f8f5ee7 
Asset Pipeline Refresh (id=d4d07754befe13846b37de35cd69153a): Total: 0.068 seconds - Initiated by StopAssetImportingV2(NoUpdateAssetOptions)
[ScriptCompilation] Requested script compilation because: AssetDatabase observed changes in script compilation related files
Asset Pipeline Refresh (id=c1e181648c51b2546bee3c384f6de1c7): Total: 0.183 seconds - Initiated by RefreshV2(NoUpdateAssetOptions)
[Licensing::Client] Successfully resolved entitlement details
info: Microsoft.AspNetCore.Hosting.Diagnostics[1]
      Request starting HTTP/2 POST http://ilpp/UnityILPP.PostProcessing/Ping - application/grpc -
info: Microsoft.AspNetCore.Routing.EndpointMiddleware[0]
      Executing endpoint 'gRPC - /UnityILPP.PostProcessing/Ping'
info: Microsoft.AspNetCore.Routing.EndpointMiddleware[1]
      Executed endpoint 'gRPC - /UnityILPP.PostProcessing/Ping'
info: Microsoft.AspNetCore.Hosting.Diagnostics[2]
      Request finished HTTP/2 POST http://ilpp/UnityILPP.PostProcessing/Ping - 200 - application/grpc 0.1988ms
Starting: C:\Program Files\Unity\Hub\Editor\6000.5.8f1\Editor\Data\Tools\BuildPipeline\bee_backend.exe --ipc --defer-dag-verification --dagfile="Library/Bee/1900b0aE.dag" --continue-on-failure --profile="Library/Bee/backend1.traceevents" ScriptAssemblies
WorkingDir: C:/DEV/NTI/2026-2027 Programmering/TIA 2dshooter
info: Microsoft.AspNetCore.Hosting.Diagnostics[1]
      Request starting HTTP/2 POST http://ilpp/UnityILPP.PostProcessing/ConfigurePostProcessors - application/grpc -
info: Microsoft.AspNetCore.Routing.EndpointMiddleware[0]
      Executing endpoint 'gRPC - /UnityILPP.PostProcessing/ConfigurePostProcessors'
info: Unity.ILPP.Runner.PostProcessingAssemblyLoadContext[0]
      Current configuration matches the requested one, skipping
info: Microsoft.AspNetCore.Routing.EndpointMiddleware[1]
      Executed endpoint 'gRPC - /UnityILPP.PostProcessing/ConfigurePostProcessors'
info: Microsoft.AspNetCore.Hosting.Diagnostics[2]
      Request finished HTTP/2 POST http://ilpp/UnityILPP.PostProcessing/ConfigurePostProcessors - 200 - application/grpc 1.5796ms
info: Microsoft.AspNetCore.Hosting.Diagnostics[1]
      Request starting HTTP/2 POST http://ilpp/UnityILPP.PostProcessing/PostProcessAssembly - application/grpc -
info: Microsoft.AspNetCore.Routing.EndpointMiddleware[0]
      Executing endpoint 'gRPC - /UnityILPP.PostProcessing/PostProcessAssembly'
info: Unity.ILPP.Runner.PostProcessingPipeline[0]
      Processing assembly Library/Bee/artifacts/1900b0aE.dag/Assembly-CSharp.dll, with 142 defines and 323 references
info: Unity.ILPP.Runner.PostProcessingPipeline[0]
      processors: Unity.Jobs.CodeGen.JobsILPostProcessor, zzzUnity.Burst.CodeGen.BurstILPostProcessor
info: Unity.ILPP.Runner.PostProcessingPipeline[0]
      running Unity.Jobs.CodeGen.JobsILPostProcessor
info: Unity.ILPP.Runner.PostProcessingPipeline[0]
      running zzzUnity.Burst.CodeGen.BurstILPostProcessor
info: Microsoft.AspNetCore.Routing.EndpointMiddleware[1]
      Executed endpoint 'gRPC - /UnityILPP.PostProcessing/PostProcessAssembly'
info: Microsoft.AspNetCore.Hosting.Diagnostics[2]
      Request finished HTTP/2 POST http://ilpp/UnityILPP.PostProcessing/PostProcessAssembly - 200 - application/grpc 25.4508ms
ExitCode: 0 Duration: 0s557ms
[581/727    0s] ILPP-Configuration Library/ilpp-configuration.nevergeneratedoutput
[723/727    0s] Csc Library/Bee/artifacts/1900b0aE.dag/Assembly-CSharp.dll (+2 others)
[724/727    0s] ILPostProcess Library/Bee/artifacts/1900b0aE.dag/post-processed/Assembly-CSharp.dll (+pdb)
Processing assembly Library/Bee/artifacts/1900b0aE.dag/Assembly-CSharp.dll, with 142 defines and 323 references

processors: Unity.Jobs.CodeGen.JobsILPostProcessor, zzzUnity.Burst.CodeGen.BurstILPostProcessor

running Unity.Jobs.CodeGen.JobsILPostProcessor

running zzzUnity.Burst.CodeGen.BurstILPostProcessor
[725/727    0s] CopyFiles Library/ScriptAssemblies/Assembly-CSharp.pdb
[726/727    0s] CopyFiles Library/ScriptAssemblies/Assembly-CSharp.dll
*** Tundra build success (0.52 seconds), 5 items updated, 727 evaluated
Reloading assemblies after finishing script compilation.
Reloading assemblies after forced synchronous recompile.
Begin MonoManager ReloadAssembly
Native extension for WindowsStandalone target not found
[MODES] ModeService[none].Initialize
[MODES] ModeService[none].LoadModes
ScheduleIndexationOnStartup MainProcess:True IndexOnStartup:True
Mono: successfully reloaded assembly
- Finished resetting the current domain, in  4.526 seconds
Domain Reload Profiling: 7083ms
	BeginReloadAssembly (1521ms)
		DisableScriptedObjects (287ms)
		CreateAndSetChildDomain (680ms)
	RebuildCommonClasses (26ms)
	RebuildNativeTypeToScriptingClass (51ms)
	initialDomainReloadingComplete (201ms)
	LoadAllAssembliesAndSetupDomain (756ms)
		LoadAssemblies (378ms)
		AnalyzeDomain (366ms)
			TypeCache.Refresh (16ms)
			BuildScriptInfoCaches (287ms)
			ResolveRequiredComponents (60ms)
	FinalizeReload (4528ms)
		SetupLoadedEditorAssemblies (0ms)
			InitializePlatformSupportModulesInManaged (4ms)
			BeforeProcessingInitializeOnLoad (504ms)
			ProcessInitializeOnLoadAttributes (938ms)
			ProcessInitializeOnLoadMethodAttributes (381ms)
			AfterProcessingInitializeOnLoad (42ms)
		AwakeInstancesAfterBackupRestoration (1468ms)

Asset Pipeline Refresh (id=0db38f3605f969548ac6c6a3f87610b9): Total: 7.622 seconds - Initiated by StopAssetImportingV2(ForceSynchronousImport | ForceDomainReload)
	(Values over 0.05ms)
	Summary:
		Imports: total=0 (actual=0, local cache=0, cache server=0)
		Asset DB Process Time: managed=0 ms, native=4779 ms
		Asset DB Callback time: managed=84 ms, native=2 ms
		Scripting: domain reloads=1, domain reload time=2748 ms, compile time=7 ms, other=0 ms
		Project Asset Count: scripts=980, non-scripts=1925
		Asset File Changes: new=0, changed=0, moved=0, deleted=0
		Scan Filter Count: 0
	InvokePackagesCallback: 8.809ms
	ApplyChangesToAssetFolders: 0.608ms
	Collect global state as custom dependencies: 2.840ms
	ProcessAssetsWithTransientArtifactChanges: 5.403ms
	CategorizeAssets: 71.123ms
	CompileScripts: 7.040ms
	ImportOutOfDateAssets: 4601.452ms (4541.259ms without children)
		CollectScriptTypesHashes: 3.060ms
		ReloadNativeAssets: 1.587ms
		UnloadImportedAssets: 0.691ms
		EnsureUptoDateAssetsAreRegisteredWithGuidPM: 0.702ms
		ImportSchedulerStart: 57.180ms
	PostProcessAllAssets: 84.956ms
		MonoPostProcessAllAssets: 84.951ms
			UniversalRenderPipelineGlobalSettingsPostprocessor.OnPostprocessAllAssets 25.003ms
			SyncVS.PostprocessSyncProject 21.508ms
			SpeedTree9Postprocessor.OnPostprocessAllAssets 6.657ms
			WindowAssetPostprocessingWatcher.OnPostprocessAllAssets 4.413ms
			EditModeScopePostprocessor.OnPostprocessAllAssets 1.627ms
			ProjectSettingsPostprocessor.OnPostprocessAllAssets 1.245ms
			ShaderReflectionAssetPostProcessor.OnPostprocessAllAssets 0.835ms
			ReferencedClipsPostProcessor.OnPostprocessAllAssets 0.731ms
			InputActionAssetPostprocessor.OnPostprocessAllAssets 0.483ms
			RenderPipelineGlobalSettingsPostprocessor.OnPostprocessAllAssets 0.442ms
			TerrainToolbarOverlayPostProcessor.OnPostprocessAllAssets 0.266ms
			AssetDatabaseCallbacks.OnPostprocessAllAssets 0.257ms
			SpriteEditorTexturePostprocessor.OnPostprocessAllAssets 0.236ms
			ShaderGraphAssetPostProcessor.OnPostprocessAllAssets 0.185ms
			AssetPostprocessor.OnPostprocessAllAssets 0.125ms
			AssetChangedListener.OnPostprocessAllAssets 0.114ms
			SpriteSlicePostprocessor.OnPostprocessAllAssets 0.053ms
	GatherAllCurrentPrimaryImportResultRevisions: 0.293ms
	UnloadStreamsBegin: 0.068ms
	PersistCurrentRevisions: 0.118ms
	GenerateScriptTypeHashes: 3.886ms
	GenerateScriptTypeSerializationHashes: 6.587ms
	Untracked: 2819.165ms

[Licensing::Client] Successfully resolved entitlement details
[Licensing::Client] Successfully resolved entitlement details
[ScriptCompilation] Requested script compilation because: AssetDatabase observed changes in script compilation related files
Asset Pipeline Refresh (id=057c02e328b9b354fa1b3a70671c96b4): Total: 0.262 seconds - Initiated by RefreshV2(NoUpdateAssetOptions)
info: Microsoft.AspNetCore.Hosting.Diagnostics[1]
      Request starting HTTP/2 POST http://ilpp/UnityILPP.PostProcessing/Ping - application/grpc -
info: Microsoft.AspNetCore.Routing.EndpointMiddleware[0]
      Executing endpoint 'gRPC - /UnityILPP.PostProcessing/Ping'
info: Microsoft.AspNetCore.Routing.EndpointMiddleware[1]
      Executed endpoint 'gRPC - /UnityILPP.PostProcessing/Ping'
info: Microsoft.AspNetCore.Hosting.Diagnostics[2]
      Request finished HTTP/2 POST http://ilpp/UnityILPP.PostProcessing/Ping - 200 - application/grpc 0.1616ms
Starting: C:\Program Files\Unity\Hub\Editor\6000.5.8f1\Editor\Data\Tools\BuildPipeline\bee_backend.exe --ipc --defer-dag-verification --dagfile="Library/Bee/1900b0aE.dag" --continue-on-failure --profile="Library/Bee/backend1.traceevents" ScriptAssemblies
WorkingDir: C:/DEV/NTI/2026-2027 Programmering/TIA 2dshooter
info: Microsoft.AspNetCore.Hosting.Diagnostics[1]
      Request starting HTTP/2 POST http://ilpp/UnityILPP.PostProcessing/ConfigurePostProcessors - application/grpc -
info: Microsoft.AspNetCore.Routing.EndpointMiddleware[0]
      Executing endpoint 'gRPC - /UnityILPP.PostProcessing/ConfigurePostProcessors'
info: Unity.ILPP.Runner.PostProcessingAssemblyLoadContext[0]
      Current configuration matches the requested one, skipping
info: Microsoft.AspNetCore.Routing.EndpointMiddleware[1]
      Executed endpoint 'gRPC - /UnityILPP.PostProcessing/ConfigurePostProcessors'
info: Microsoft.AspNetCore.Hosting.Diagnostics[2]
      Request finished HTTP/2 POST http://ilpp/UnityILPP.PostProcessing/ConfigurePostProcessors - 200 - application/grpc 1.7212ms
info: Microsoft.AspNetCore.Hosting.Diagnostics[1]
      Request starting HTTP/2 POST http://ilpp/UnityILPP.PostProcessing/PostProcessAssembly - application/grpc -
info: Microsoft.AspNetCore.Routing.EndpointMiddleware[0]
      Executing endpoint 'gRPC - /UnityILPP.PostProcessing/PostProcessAssembly'
info: Unity.ILPP.Runner.PostProcessingPipeline[0]
      Processing assembly Library/Bee/artifacts/1900b0aE.dag/Assembly-CSharp.dll, with 142 defines and 323 references
info: Unity.ILPP.Runner.PostProcessingPipeline[0]
      processors: Unity.Jobs.CodeGen.JobsILPostProcessor, zzzUnity.Burst.CodeGen.BurstILPostProcessor
info: Unity.ILPP.Runner.PostProcessingPipeline[0]
      running Unity.Jobs.CodeGen.JobsILPostProcessor
info: Unity.ILPP.Runner.PostProcessingPipeline[0]
      running zzzUnity.Burst.CodeGen.BurstILPostProcessor
info: Microsoft.AspNetCore.Routing.EndpointMiddleware[1]
      Executed endpoint 'gRPC - /UnityILPP.PostProcessing/PostProcessAssembly'
info: Microsoft.AspNetCore.Hosting.Diagnostics[2]
      Request finished HTTP/2 POST http://ilpp/UnityILPP.PostProcessing/PostProcessAssembly - 200 - application/grpc 27.7539ms
ExitCode: 0 Duration: 0s546ms
[581/727    0s] ILPP-Configuration Library/ilpp-configuration.nevergeneratedoutput
[723/727    0s] Csc Library/Bee/artifacts/1900b0aE.dag/Assembly-CSharp.dll (+2 others)
[724/727    0s] ILPostProcess Library/Bee/artifacts/1900b0aE.dag/post-processed/Assembly-CSharp.dll (+pdb)
Processing assembly Library/Bee/artifacts/1900b0aE.dag/Assembly-CSharp.dll, with 142 defines and 323 references

processors: Unity.Jobs.CodeGen.JobsILPostProcessor, zzzUnity.Burst.CodeGen.BurstILPostProcessor

running Unity.Jobs.CodeGen.JobsILPostProcessor

running zzzUnity.Burst.CodeGen.BurstILPostProcessor
[725/727    0s] CopyFiles Library/ScriptAssemblies/Assembly-CSharp.dll
[726/727    0s] CopyFiles Library/ScriptAssemblies/Assembly-CSharp.pdb
*** Tundra build success (0.50 seconds), 5 items updated, 727 evaluated
Reloading assemblies after finishing script compilation.
Reloading assemblies after forced synchronous recompile.
Begin MonoManager ReloadAssembly
Native extension for WindowsStandalone target not found
[MODES] ModeService[none].Initialize
[MODES] ModeService[none].LoadModes
ScheduleIndexationOnStartup MainProcess:True IndexOnStartup:True
Mono: successfully reloaded assembly
- Finished resetting the current domain, in  4.617 seconds
Domain Reload Profiling: 7145ms
	BeginReloadAssembly (1511ms)
		DisableScriptedObjects (223ms)
		CreateAndSetChildDomain (696ms)
	RebuildCommonClasses (32ms)
	RebuildNativeTypeToScriptingClass (45ms)
	initialDomainReloadingComplete (190ms)
	LoadAllAssembliesAndSetupDomain (747ms)
		LoadAssemblies (379ms)
		AnalyzeDomain (362ms)
			TypeCache.Refresh (17ms)
			BuildScriptInfoCaches (279ms)
			ResolveRequiredComponents (64ms)
	FinalizeReload (4620ms)
		SetupLoadedEditorAssemblies (0ms)
			InitializePlatformSupportModulesInManaged (3ms)
			BeforeProcessingInitializeOnLoad (473ms)
			ProcessInitializeOnLoadAttributes (1050ms)
			ProcessInitializeOnLoadMethodAttributes (323ms)
			AfterProcessingInitializeOnLoad (38ms)
		AwakeInstancesAfterBackupRestoration (1482ms)

Asset Pipeline Refresh (id=824b6e7f7e704874194e644a82c913b0): Total: 7.721 seconds - Initiated by StopAssetImportingV2(ForceSynchronousImport | ForceDomainReload)
	(Values over 0.05ms)
	Summary:
		Imports: total=0 (actual=0, local cache=0, cache server=0)
		Asset DB Process Time: managed=0 ms, native=4899 ms
		Asset DB Callback time: managed=77 ms, native=1 ms
		Scripting: domain reloads=1, domain reload time=2735 ms, compile time=7 ms, other=0 ms
		Project Asset Count: scripts=980, non-scripts=1925
		Asset File Changes: new=0, changed=0, moved=0, deleted=0
		Scan Filter Count: 0
	InvokePackagesCallback: 9.219ms
	ApplyChangesToAssetFolders: 0.639ms
	Collect global state as custom dependencies: 6.710ms
	ProcessAssetsWithTransientArtifactChanges: 4.536ms
	CategorizeAssets: 86.791ms
	CompileScripts: 7.168ms
	ImportOutOfDateAssets: 4707.147ms (4639.447ms without children)
		CollectScriptTypesHashes: 3.841ms
		ReloadNativeAssets: 2.901ms
		UnloadImportedAssets: 0.448ms
		EnsureUptoDateAssetsAreRegisteredWithGuidPM: 0.899ms
		ImportSchedulerStart: 63.405ms
	PostProcessAllAssets: 77.026ms
		MonoPostProcessAllAssets: 77.020ms
			UniversalRenderPipelineGlobalSettingsPostprocessor.OnPostprocessAllAssets 23.647ms
			SyncVS.PostprocessSyncProject 21.509ms
			AssetChangedListener.OnPostprocessAllAssets 14.486ms
			BuilderAssetPostprocessor.OnPostprocessAllAssets 12.956ms
			AssetPostprocessor.OnPostprocessAllAssets 10.420ms
			SpriteSlicePostprocessor.OnPostprocessAllAssets 5.263ms
			ShaderGraphAssetPostProcessor.OnPostprocessAllAssets 4.123ms
			SpeedTree9Postprocessor.OnPostprocessAllAssets 3.703ms
			WindowAssetPostprocessingWatcher.OnPostprocessAllAssets 3.485ms
			RetainedModeAssetPostprocessor.OnPostprocessAllAssets 3.079ms
			ProjectSettingsPostprocessor.OnPostprocessAllAssets 1.824ms
			EditModeScopePostprocessor.OnPostprocessAllAssets 1.813ms
			SpriteEditorTexturePostprocessor.OnPostprocessAllAssets 1.627ms
			MaterialPostprocessor.OnPostprocessAllAssets 1.391ms
			TMPro_TexturePostProcessor.OnPostprocessAllAssets 1.382ms
			TextAssetPostProcessor.OnPostprocessAllAssets 0.939ms
			ArtifactBrowserPostProcessor.OnPostprocessAllAssets 0.832ms
			ShaderReflectionAssetPostProcessor.OnPostprocessAllAssets 0.828ms
			InputActionJsonNameModifierAssetProcessor.OnPostprocessAllAssets 0.764ms
			SampleDependencyImporterPostProcessor.OnPostprocessAllAssets 0.762ms
			PostProcessor.OnPostprocessAllAssets 0.660ms
			AssetEvents.OnPostprocessAllAssets 0.639ms
			InputActionAssetPostprocessor.OnPostprocessAllAssets 0.547ms
			AudioMixerPostprocessor.OnPostprocessAllAssets 0.542ms
			SamplePostprocessor.OnPostprocessAllAssets 0.486ms
			ReferencedClipsPostProcessor.OnPostprocessAllAssets 0.465ms
			StyleCatalogPostProcessor.OnPostprocessAllAssets 0.444ms
			ConfigAssetsTracker.OnPostprocessAllAssets 0.388ms
			SpeedTreePostProcessor.OnPostprocessAllAssets 0.386ms
			ScenarioDriftAssetsTracker.OnPostprocessAllAssets 0.342ms
			AssetDatabaseCallbacks.OnPostprocessAllAssets 0.262ms
			TerrainToolbarOverlayPostProcessor.OnPostprocessAllAssets 0.238ms
			AssetProcessor.OnPostprocessAllAssets 0.206ms
			RenderPipelineGlobalSettingsPostprocessor.OnPostprocessAllAssets 0.154ms
			AudioContainerPostProcessor.OnPostprocessAllAssets 0.132ms
	GatherAllCurrentPrimaryImportResultRevisions: 0.280ms
	UnloadStreamsBegin: 0.068ms
	PersistCurrentRevisions: 0.197ms
	GenerateScriptTypeHashes: 5.946ms
	GenerateScriptTypeSerializationHashes: 10.110ms
	Untracked: 2806.377ms

[Licensing::Client] Successfully resolved entitlement details
[Licensing::Client] Successfully resolved entitlement details
[ScriptCompilation] Requested script compilation because: AssetDatabase observed changes in script compilation related files
Asset Pipeline Refresh (id=f243c2c9ee04f3b4ca02e3828b5a7f32): Total: 0.264 seconds - Initiated by RefreshV2(NoUpdateAssetOptions)
[Licensing::Client] Successfully resolved entitlement details
info: Microsoft.AspNetCore.Hosting.Diagnostics[1]
      Request starting HTTP/2 POST http://ilpp/UnityILPP.PostProcessing/Ping - application/grpc -
info: Microsoft.AspNetCore.Routing.EndpointMiddleware[0]
      Executing endpoint 'gRPC - /UnityILPP.PostProcessing/Ping'
info: Microsoft.AspNetCore.Routing.EndpointMiddleware[1]
      Executed endpoint 'gRPC - /UnityILPP.PostProcessing/Ping'
info: Microsoft.AspNetCore.Hosting.Diagnostics[2]
      Request finished HTTP/2 POST http://ilpp/UnityILPP.PostProcessing/Ping - 200 - application/grpc 0.1259ms
Starting: C:\Program Files\Unity\Hub\Editor\6000.5.8f1\Editor\Data\Tools\BuildPipeline\bee_backend.exe --ipc --defer-dag-verification --dagfile="Library/Bee/1900b0aE.dag" --continue-on-failure --profile="Library/Bee/backend1.traceevents" ScriptAssemblies
WorkingDir: C:/DEV/NTI/2026-2027 Programmering/TIA 2dshooter
info: Microsoft.AspNetCore.Hosting.Diagnostics[1]
      Request starting HTTP/2 POST http://ilpp/UnityILPP.PostProcessing/ConfigurePostProcessors - application/grpc -
info: Microsoft.AspNetCore.Routing.EndpointMiddleware[0]
      Executing endpoint 'gRPC - /UnityILPP.PostProcessing/ConfigurePostProcessors'
info: Unity.ILPP.Runner.PostProcessingAssemblyLoadContext[0]
      Current configuration matches the requested one, skipping
info: Microsoft.AspNetCore.Routing.EndpointMiddleware[1]
      Executed endpoint 'gRPC - /UnityILPP.PostProcessing/ConfigurePostProcessors'
info: Microsoft.AspNetCore.Hosting.Diagnostics[2]
      Request finished HTTP/2 POST http://ilpp/UnityILPP.PostProcessing/ConfigurePostProcessors - 200 - application/grpc 1.8167ms
info: Microsoft.AspNetCore.Hosting.Diagnostics[1]
      Request starting HTTP/2 POST http://ilpp/UnityILPP.PostProcessing/PostProcessAssembly - application/grpc -
info: Microsoft.AspNetCore.Routing.EndpointMiddleware[0]
      Executing endpoint 'gRPC - /UnityILPP.PostProcessing/PostProcessAssembly'
info: Unity.ILPP.Runner.PostProcessingPipeline[0]
      Processing assembly Library/Bee/artifacts/1900b0aE.dag/Assembly-CSharp.dll, with 142 defines and 323 references
info: Unity.ILPP.Runner.PostProcessingPipeline[0]
      processors: Unity.Jobs.CodeGen.JobsILPostProcessor, zzzUnity.Burst.CodeGen.BurstILPostProcessor
info: Unity.ILPP.Runner.PostProcessingPipeline[0]
      running Unity.Jobs.CodeGen.JobsILPostProcessor
info: Unity.ILPP.Runner.PostProcessingPipeline[0]
      running zzzUnity.Burst.CodeGen.BurstILPostProcessor
info: Microsoft.AspNetCore.Routing.EndpointMiddleware[1]
      Executed endpoint 'gRPC - /UnityILPP.PostProcessing/PostProcessAssembly'
info: Microsoft.AspNetCore.Hosting.Diagnostics[2]
      Request finished HTTP/2 POST http://ilpp/UnityILPP.PostProcessing/PostProcessAssembly - 200 - application/grpc 29.7557ms
ExitCode: 0 Duration: 0s520ms
[581/727    0s] ILPP-Configuration Library/ilpp-configuration.nevergeneratedoutput
[723/727    0s] Csc Library/Bee/artifacts/1900b0aE.dag/Assembly-CSharp.dll (+2 others)
[724/727    0s] ILPostProcess Library/Bee/artifacts/1900b0aE.dag/post-processed/Assembly-CSharp.dll (+pdb)
Processing assembly Library/Bee/artifacts/1900b0aE.dag/Assembly-CSharp.dll, with 142 defines and 323 references

processors: Unity.Jobs.CodeGen.JobsILPostProcessor, zzzUnity.Burst.CodeGen.BurstILPostProcessor

running Unity.Jobs.CodeGen.JobsILPostProcessor

running zzzUnity.Burst.CodeGen.BurstILPostProcessor
[725/727    0s] CopyFiles Library/ScriptAssemblies/Assembly-CSharp.pdb
[726/727    0s] CopyFiles Library/ScriptAssemblies/Assembly-CSharp.dll
*** Tundra build success (0.48 seconds), 5 items updated, 727 evaluated
Reloading assemblies after finishing script compilation.
Reloading assemblies after forced synchronous recompile.
Begin MonoManager ReloadAssembly
Native extension for WindowsStandalone target not found
[MODES] ModeService[none].Initialize
[MODES] ModeService[none].LoadModes
ScheduleIndexationOnStartup MainProcess:True IndexOnStartup:True
Mono: successfully reloaded assembly
- Finished resetting the current domain, in  4.678 seconds
Domain Reload Profiling: 7284ms
	BeginReloadAssembly (1521ms)
		DisableScriptedObjects (228ms)
		CreateAndSetChildDomain (679ms)
	RebuildCommonClasses (31ms)
	RebuildNativeTypeToScriptingClass (54ms)
	initialDomainReloadingComplete (202ms)
	LoadAllAssembliesAndSetupDomain (797ms)
		LoadAssemblies (409ms)
		AnalyzeDomain (394ms)
			TypeCache.Refresh (16ms)
			BuildScriptInfoCaches (317ms)
			ResolveRequiredComponents (57ms)
	FinalizeReload (4680ms)
		SetupLoadedEditorAssemblies (0ms)
			InitializePlatformSupportModulesInManaged (4ms)
			BeforeProcessingInitializeOnLoad (455ms)
			ProcessInitializeOnLoadAttributes (1029ms)
			ProcessInitializeOnLoadMethodAttributes (402ms)
			AfterProcessingInitializeOnLoad (39ms)
		AwakeInstancesAfterBackupRestoration (1501ms)

Asset Pipeline Refresh (id=6ed12660096f0d84a8b6e0ae09cfbb80): Total: 7.821 seconds - Initiated by StopAssetImportingV2(ForceSynchronousImport | ForceDomainReload)
	(Values over 0.05ms)
	Summary:
		Imports: total=0 (actual=0, local cache=0, cache server=0)
		Asset DB Process Time: managed=0 ms, native=4945 ms
		Asset DB Callback time: managed=81 ms, native=1 ms
		Scripting: domain reloads=1, domain reload time=2787 ms, compile time=6 ms, other=0 ms
		Project Asset Count: scripts=980, non-scripts=1925
		Asset File Changes: new=0, changed=0, moved=0, deleted=0
		Scan Filter Count: 0
	InvokePackagesCallback: 8.749ms
	ApplyChangesToAssetFolders: 0.429ms
	Collect global state as custom dependencies: 3.038ms
	ProcessAssetsWithTransientArtifactChanges: 6.764ms
	CategorizeAssets: 86.000ms
	CompileScripts: 5.919ms
	ImportOutOfDateAssets: 4759.806ms (4693.763ms without children)
		CollectScriptTypesHashes: 2.356ms
		ReloadNativeAssets: 1.931ms
		UnloadImportedAssets: 0.268ms
		EnsureUptoDateAssetsAreRegisteredWithGuidPM: 0.959ms
		ImportSchedulerStart: 62.833ms
	PostProcessAllAssets: 81.320ms
		MonoPostProcessAllAssets: 81.312ms
			UniversalRenderPipelineGlobalSettingsPostprocessor.OnPostprocessAllAssets 27.056ms
			SyncVS.PostprocessSyncProject 19.218ms
			AssetChangedListener.OnPostprocessAllAssets 13.830ms
			BuilderAssetPostprocessor.OnPostprocessAllAssets 12.486ms
			AssetPostprocessor.OnPostprocessAllAssets 10.607ms
			SpriteSlicePostprocessor.OnPostprocessAllAssets 7.126ms
			WindowAssetPostprocessingWatcher.OnPostprocessAllAssets 4.637ms
			SpeedTree9Postprocessor.OnPostprocessAllAssets 4.512ms
			ShaderGraphAssetPostProcessor.OnPostprocessAllAssets 4.368ms
			RetainedModeAssetPostprocessor.OnPostprocessAllAssets 3.354ms
			SpriteEditorTexturePostprocessor.OnPostprocessAllAssets 1.756ms
			MaterialPostprocessor.OnPostprocessAllAssets 1.582ms
			EditModeScopePostprocessor.OnPostprocessAllAssets 1.553ms
			ProjectSettingsPostprocessor.OnPostprocessAllAssets 1.209ms
			ArtifactBrowserPostProcessor.OnPostprocessAllAssets 0.996ms
			TextAssetPostProcessor.OnPostprocessAllAssets 0.926ms
			ReferencedClipsPostProcessor.OnPostprocessAllAssets 0.889ms
			TMPro_TexturePostProcessor.OnPostprocessAllAssets 0.853ms
			InputActionJsonNameModifierAssetProcessor.OnPostprocessAllAssets 0.813ms
			AudioMixerPostprocessor.OnPostprocessAllAssets 0.769ms
			StyleCatalogPostProcessor.OnPostprocessAllAssets 0.715ms
			AssetEvents.OnPostprocessAllAssets 0.637ms
			PostProcessor.OnPostprocessAllAssets 0.614ms
			SampleDependencyImporterPostProcessor.OnPostprocessAllAssets 0.579ms
			ShaderReflectionAssetPostProcessor.OnPostprocessAllAssets 0.544ms
			InputActionAssetPostprocessor.OnPostprocessAllAssets 0.450ms
			SamplePostprocessor.OnPostprocessAllAssets 0.433ms
			SpeedTreePostProcessor.OnPostprocessAllAssets 0.423ms
			AssetDatabaseCallbacks.OnPostprocessAllAssets 0.379ms
			AssetProcessor.OnPostprocessAllAssets 0.277ms
			RenderPipelineGlobalSettingsPostprocessor.OnPostprocessAllAssets 0.271ms
			ConfigAssetsTracker.OnPostprocessAllAssets 0.265ms
			TerrainToolbarOverlayPostProcessor.OnPostprocessAllAssets 0.238ms
			ScenarioDriftAssetsTracker.OnPostprocessAllAssets 0.227ms
			AudioContainerPostProcessor.OnPostprocessAllAssets 0.137ms
	GatherAllCurrentPrimaryImportResultRevisions: 0.318ms
	UnloadStreamsBegin: 0.055ms
	PersistCurrentRevisions: 0.212ms
	GenerateScriptTypeHashes: 4.916ms
	GenerateScriptTypeSerializationHashes: 8.425ms
	Untracked: 2853.381ms

[Licensing::Client] Successfully resolved entitlement details
[Licensing::Client] Successfully resolved entitlement details
Asset Pipeline Refresh (id=f7ffef199707a3848900d0c7068e8d3c): Total: 0.019 seconds - Initiated by RefreshV2(AllowForceSynchronousImport)
Importing 'GUID: f365f0b6fef2eda438cb729e6a9020e7 - Path: Assets/Main.unity' with importer (DefaultImporter)
Imported 'GUID: f365f0b6fef2eda438cb729e6a9020e7' -> (Import Result ID: 'c1b459237c7741894fbe252479bbedb0') in 0.005 seconds [static dependencies only]. Details - ImportResultOutputID=87b2738b17297f81c6f85b756b2ca9ed DependenciesID=d10cbae86b3cd512bb145fbeecb0a643 StaticDependenciesID=689b23c5f0ec404fc74cb315195180b9 
Asset Pipeline Refresh (id=9d4db41377648ce4fa9b86f926adfb07): Total: 0.090 seconds - Initiated by StopAssetImportingV2(NoUpdateAssetOptions)
[ScriptCompilation] Requested script compilation because: AssetDatabase observed changes in script compilation related files
Asset Pipeline Refresh (id=2435606cf89606d448d9444be0f846c2): Total: 0.161 seconds - Initiated by RefreshV2(NoUpdateAssetOptions)
[Licensing::Client] Successfully resolved entitlement details
info: Microsoft.AspNetCore.Hosting.Diagnostics[1]
      Request starting HTTP/2 POST http://ilpp/UnityILPP.PostProcessing/Ping - application/grpc -
info: Microsoft.AspNetCore.Routing.EndpointMiddleware[0]
      Executing endpoint 'gRPC - /UnityILPP.PostProcessing/Ping'
info: Microsoft.AspNetCore.Routing.EndpointMiddleware[1]
      Executed endpoint 'gRPC - /UnityILPP.PostProcessing/Ping'
info: Microsoft.AspNetCore.Hosting.Diagnostics[2]
      Request finished HTTP/2 POST http://ilpp/UnityILPP.PostProcessing/Ping - 200 - application/grpc 0.1839ms
Starting: C:\Program Files\Unity\Hub\Editor\6000.5.8f1\Editor\Data\Tools\BuildPipeline\bee_backend.exe --ipc --defer-dag-verification --dagfile="Library/Bee/1900b0aE.dag" --continue-on-failure --profile="Library/Bee/backend1.traceevents" ScriptAssemblies
WorkingDir: C:/DEV/NTI/2026-2027 Programmering/TIA 2dshooter
info: Microsoft.AspNetCore.Hosting.Diagnostics[1]
      Request starting HTTP/2 POST http://ilpp/UnityILPP.PostProcessing/ConfigurePostProcessors - application/grpc -
info: Microsoft.AspNetCore.Routing.EndpointMiddleware[0]
      Executing endpoint 'gRPC - /UnityILPP.PostProcessing/ConfigurePostProcessors'
info: Unity.ILPP.Runner.PostProcessingAssemblyLoadContext[0]
      Current configuration matches the requested one, skipping
info: Microsoft.AspNetCore.Routing.EndpointMiddleware[1]
      Executed endpoint 'gRPC - /UnityILPP.PostProcessing/ConfigurePostProcessors'
info: Microsoft.AspNetCore.Hosting.Diagnostics[2]
      Request finished HTTP/2 POST http://ilpp/UnityILPP.PostProcessing/ConfigurePostProcessors - 200 - application/grpc 1.6421ms
info: Microsoft.AspNetCore.Hosting.Diagnostics[1]
      Request starting HTTP/2 POST http://ilpp/UnityILPP.PostProcessing/PostProcessAssembly - application/grpc -
info: Microsoft.AspNetCore.Routing.EndpointMiddleware[0]
      Executing endpoint 'gRPC - /UnityILPP.PostProcessing/PostProcessAssembly'
info: Unity.ILPP.Runner.PostProcessingPipeline[0]
      Processing assembly Library/Bee/artifacts/1900b0aE.dag/Assembly-CSharp.dll, with 142 defines and 323 references
info: Unity.ILPP.Runner.PostProcessingPipeline[0]
      processors: Unity.Jobs.CodeGen.JobsILPostProcessor, zzzUnity.Burst.CodeGen.BurstILPostProcessor
info: Unity.ILPP.Runner.PostProcessingPipeline[0]
      running Unity.Jobs.CodeGen.JobsILPostProcessor
info: Unity.ILPP.Runner.PostProcessingPipeline[0]
      running zzzUnity.Burst.CodeGen.BurstILPostProcessor
info: Microsoft.AspNetCore.Routing.EndpointMiddleware[1]
      Executed endpoint 'gRPC - /UnityILPP.PostProcessing/PostProcessAssembly'
info: Microsoft.AspNetCore.Hosting.Diagnostics[2]
      Request finished HTTP/2 POST http://ilpp/UnityILPP.PostProcessing/PostProcessAssembly - 200 - application/grpc 23.5165ms
ExitCode: 0 Duration: 2s348ms
[581/727    0s] ILPP-Configuration Library/ilpp-configuration.nevergeneratedoutput
[723/727    2s] Csc Library/Bee/artifacts/1900b0aE.dag/Assembly-CSharp.dll (+2 others)
[724/727    0s] ILPostProcess Library/Bee/artifacts/1900b0aE.dag/post-processed/Assembly-CSharp.dll (+pdb)
Processing assembly Library/Bee/artifacts/1900b0aE.dag/Assembly-CSharp.dll, with 142 defines and 323 references

processors: Unity.Jobs.CodeGen.JobsILPostProcessor, zzzUnity.Burst.CodeGen.BurstILPostProcessor

running Unity.Jobs.CodeGen.JobsILPostProcessor

running zzzUnity.Burst.CodeGen.BurstILPostProcessor
[725/727    0s] CopyFiles Library/ScriptAssemblies/Assembly-CSharp.pdb
[726/727    0s] CopyFiles Library/ScriptAssemblies/Assembly-CSharp.dll
*** Tundra build success (2.31 seconds), 5 items updated, 727 evaluated
Reloading assemblies after finishing script compilation.
Reloading assemblies after forced synchronous recompile.
Begin MonoManager ReloadAssembly
Native extension for WindowsStandalone target not found
[MODES] ModeService[none].Initialize
[MODES] ModeService[none].LoadModes
ScheduleIndexationOnStartup MainProcess:True IndexOnStartup:True
Mono: successfully reloaded assembly
- Finished resetting the current domain, in  4.762 seconds
Domain Reload Profiling: 7435ms
	BeginReloadAssembly (1662ms)
		DisableScriptedObjects (342ms)
		CreateAndSetChildDomain (732ms)
	RebuildCommonClasses (24ms)
	RebuildNativeTypeToScriptingClass (56ms)
	initialDomainReloadingComplete (209ms)
	LoadAllAssembliesAndSetupDomain (719ms)
		LoadAssemblies (387ms)
		AnalyzeDomain (357ms)
			TypeCache.Refresh (17ms)
			BuildScriptInfoCaches (271ms)
			ResolveRequiredComponents (64ms)
	FinalizeReload (4764ms)
		SetupLoadedEditorAssemblies (0ms)
			BeforeProcessingInitializeOnLoad (475ms)
			ProcessInitializeOnLoadAttributes (941ms)
			ProcessInitializeOnLoadMethodAttributes (401ms)
			AfterProcessingInitializeOnLoad (40ms)
		AwakeInstancesAfterBackupRestoration (1613ms)

Asset Pipeline Refresh (id=e47c84fa11e9c474d8c3f6854b567b58): Total: 7.993 seconds - Initiated by StopAssetImportingV2(ForceSynchronousImport | ForceDomainReload)
	(Values over 0.05ms)
	Summary:
		Imports: total=0 (actual=0, local cache=0, cache server=0)
		Asset DB Process Time: managed=0 ms, native=5057 ms
		Asset DB Callback time: managed=85 ms, native=1 ms
		Scripting: domain reloads=1, domain reload time=2839 ms, compile time=10 ms, other=0 ms
		Project Asset Count: scripts=980, non-scripts=1925
		Asset File Changes: new=0, changed=0, moved=0, deleted=0
		Scan Filter Count: 0
	InvokePackagesCallback: 7.106ms
	ApplyChangesToAssetFolders: 0.548ms
	Collect global state as custom dependencies: 4.164ms
	ProcessAssetsWithTransientArtifactChanges: 5.107ms
	CategorizeAssets: 96.745ms
	CompileScripts: 9.942ms
	ImportOutOfDateAssets: 4849.515ms (4778.410ms without children)
		CollectScriptTypesHashes: 2.757ms
		ReloadNativeAssets: 1.243ms
		UnloadImportedAssets: 0.469ms
		EnsureUptoDateAssetsAreRegisteredWithGuidPM: 1.184ms
		ImportSchedulerStart: 68.157ms
	PostProcessAllAssets: 85.330ms
		MonoPostProcessAllAssets: 85.319ms
			SyncVS.PostprocessSyncProject 23.851ms
			UniversalRenderPipelineGlobalSettingsPostprocessor.OnPostprocessAllAssets 22.451ms
			SpeedTree9Postprocessor.OnPostprocessAllAssets 5.950ms
			WindowAssetPostprocessingWatcher.OnPostprocessAllAssets 3.173ms
			EditModeScopePostprocessor.OnPostprocessAllAssets 2.715ms
			ProjectSettingsPostprocessor.OnPostprocessAllAssets 2.017ms
			InputActionAssetPostprocessor.OnPostprocessAllAssets 0.808ms
			AssetChangedListener.OnPostprocessAllAssets 0.778ms
			ReferencedClipsPostProcessor.OnPostprocessAllAssets 0.768ms
			ShaderReflectionAssetPostProcessor.OnPostprocessAllAssets 0.658ms
			TerrainToolbarOverlayPostProcessor.OnPostprocessAllAssets 0.440ms
			AssetDatabaseCallbacks.OnPostprocessAllAssets 0.384ms
			ShaderGraphAssetPostProcessor.OnPostprocessAllAssets 0.245ms
			RenderPipelineGlobalSettingsPostprocessor.OnPostprocessAllAssets 0.228ms
			SpriteEditorTexturePostprocessor.OnPostprocessAllAssets 0.139ms
			AssetPostprocessor.OnPostprocessAllAssets 0.118ms
			StyleCatalogPostProcessor.OnPostprocessAllAssets 0.083ms
			RetainedModeAssetPostprocessor.OnPostprocessAllAssets 0.079ms
	GatherAllCurrentPrimaryImportResultRevisions: 0.143ms
	PersistCurrentRevisions: 0.226ms
	GenerateScriptTypeHashes: 5.209ms
	GenerateScriptTypeSerializationHashes: 8.959ms
	Untracked: 2918.851ms

[Licensing::Client] Successfully resolved entitlement details
[Licensing::Client] Successfully resolved entitlement details
Asset Pipeline Refresh (id=b67d9e4900ff3294c8f743d05905ab2c): Total: 0.014 seconds - Initiated by RefreshV2(AllowForceSynchronousImport)
Asset Pipeline Refresh (id=da854e1cabd08784e9bb0e3eeafc1634): Total: 0.010 seconds - Initiated by RefreshV2(NoUpdateAssetOptions)
SpriteAtlasPacking completed in 0.014480 sec
Reloading assemblies for play mode.
Reloading assemblies after forced synchronous recompile.
[Licensing::Client] Successfully resolved entitlement details
Begin MonoManager ReloadAssembly
Native extension for WindowsStandalone target not found
ScheduleIndexationOnStartup MainProcess:True IndexOnStartup:True
[MODES] ModeService[none].Initialize
[MODES] ModeService[none].LoadModes
Mono: successfully reloaded assembly
- Finished resetting the current domain, in  1.513 seconds
Domain Reload Profiling: 2314ms
	BeginReloadAssembly (588ms)
		DisableScriptedObjects (98ms)
		CreateAndSetChildDomain (331ms)
	RebuildCommonClasses (8ms)
	RebuildNativeTypeToScriptingClass (13ms)
	initialDomainReloadingComplete (51ms)
	LoadAllAssembliesAndSetupDomain (140ms)
		LoadAssemblies (107ms)
		AnalyzeDomain (28ms)
			TypeCache.Refresh (6ms)
			ResolveRequiredComponents (20ms)
	FinalizeReload (1513ms)
		SetupLoadedEditorAssemblies (0ms)
			BeforeProcessingInitializeOnLoad (79ms)
			ProcessInitializeOnLoadAttributes (324ms)
			ProcessInitializeOnLoadMethodAttributes (150ms)
			AfterProcessingInitializeOnLoad (9ms)
		AwakeInstancesAfterBackupRestoration (536ms)

Asset Pipeline Refresh (id=9b404bc058265b8419ce4eb911aa656b): Total: 2.492 seconds - Initiated by StopAssetImportingV2(ForceSynchronousImport | ForceDomainReload)
	(Values over 0.05ms)
	Summary:
		Imports: total=0 (actual=0, local cache=0, cache server=0)
		Asset DB Process Time: managed=0 ms, native=1609 ms
		Asset DB Callback time: managed=30 ms, native=0 ms
		Scripting: domain reloads=1, domain reload time=848 ms, compile time=2 ms, other=0 ms
		Project Asset Count: scripts=980, non-scripts=1925
		Asset File Changes: new=0, changed=0, moved=0, deleted=0
		Scan Filter Count: 0
	InvokePackagesCallback: 2.548ms
	ApplyChangesToAssetFolders: 0.295ms
	Collect global state as custom dependencies: 0.844ms
	ProcessAssetsWithTransientArtifactChanges: 0.080ms
	CategorizeAssets: 29.447ms
	CompileScripts: 2.318ms
	ImportOutOfDateAssets: 1544.205ms (1519.455ms without children)
		CollectScriptTypesHashes: 0.718ms
		ReloadNativeAssets: 0.741ms
		UnloadImportedAssets: 0.138ms
		EnsureUptoDateAssetsAreRegisteredWithGuidPM: 0.380ms
		ImportSchedulerStart: 23.473ms
	PostProcessAllAssets: 30.958ms
		MonoPostProcessAllAssets: 30.953ms
			SyncVS.PostprocessSyncProject 9.037ms
			UniversalRenderPipelineGlobalSettingsPostprocessor.OnPostprocessAllAssets 8.817ms
			SpeedTree9Postprocessor.OnPostprocessAllAssets 1.730ms
			WindowAssetPostprocessingWatcher.OnPostprocessAllAssets 1.586ms
			AssetChangedListener.OnPostprocessAllAssets 0.778ms
			ProjectSettingsPostprocessor.OnPostprocessAllAssets 0.635ms
			ShaderReflectionAssetPostProcessor.OnPostprocessAllAssets 0.299ms
			EditModeScopePostprocessor.OnPostprocessAllAssets 0.247ms
			ShaderGraphAssetPostProcessor.OnPostprocessAllAssets 0.245ms
			InputActionAssetPostprocessor.OnPostprocessAllAssets 0.243ms
			ReferencedClipsPostProcessor.OnPostprocessAllAssets 0.229ms
			SpriteEditorTexturePostprocessor.OnPostprocessAllAssets 0.139ms
			TerrainToolbarOverlayPostProcessor.OnPostprocessAllAssets 0.132ms
			AssetDatabaseCallbacks.OnPostprocessAllAssets 0.129ms
			AssetPostprocessor.OnPostprocessAllAssets 0.118ms
			StyleCatalogPostProcessor.OnPostprocessAllAssets 0.083ms
			RetainedModeAssetPostprocessor.OnPostprocessAllAssets 0.079ms
			RenderPipelineGlobalSettingsPostprocessor.OnPostprocessAllAssets 0.062ms
	GatherAllCurrentPrimaryImportResultRevisions: 0.163ms
	UnloadStreamsBegin: 0.060ms
	PersistCurrentRevisions: 0.089ms
	GenerateScriptTypeHashes: 1.825ms
	GenerateScriptTypeSerializationHashes: 3.193ms
	Untracked: 874.811ms

LightingSettings: switching bake backend from 2 to 1.
Loaded scene 'Temp/__Backupscenes/0.backup'
	Deserialize:            1.152 ms
	Integration:            180.073 ms
	Integration of assets:  0.002 ms
	Thread Wait Time:       0.014 ms
	Total Operation Time:   181.241 ms
[Licensing::Client] Successfully resolved entitlement details
[Licensing::Client] Successfully resolved entitlement details
LightingSettings: switching bake backend from 2 to 1.
Unloading 4 Unused Serialized files (Serialized files now loaded: 0)
Loaded scene 'Temp/__Backupscenes/0.backup'
	Deserialize:            0.883 ms
	Integration:            132.631 ms
	Integration of assets:  0.002 ms
	Thread Wait Time:       0.000 ms
	Total Operation Time:   133.516 ms
Unloading 176 unused Assets / (0.8 MB). Loaded Objects now: 6619.
Memory consumption went from 0.70 GB to 0.70 GB.
Total: 11.391900 ms (FindLiveObjects: 0.293300 ms CreateObjectMapping: 0.588800 ms MarkObjects: 9.766000 ms  DeleteObjects: 0.742300 ms)

[Licensing::Client] Successfully resolved entitlement details
Asset Pipeline Refresh (id=137ec76b16fd8f54f831d2c268f064dc): Total: 0.030 seconds - Initiated by RefreshV2(AllowForceSynchronousImport)
[Licensing::Client] Successfully resolved entitlement details
[ScriptCompilation] Requested script compilation because: AssetDatabase observed changes in script compilation related files
Asset Pipeline Refresh (id=7f660b822120a2b40bbe3506dee9e050): Total: 0.272 seconds - Initiated by RefreshV2(NoUpdateAssetOptions)
[Licensing::Client] Successfully resolved entitlement details
info: Microsoft.AspNetCore.Hosting.Diagnostics[1]
      Request starting HTTP/2 POST http://ilpp/UnityILPP.PostProcessing/Ping - application/grpc -
info: Microsoft.AspNetCore.Routing.EndpointMiddleware[0]
      Executing endpoint 'gRPC - /UnityILPP.PostProcessing/Ping'
info: Microsoft.AspNetCore.Routing.EndpointMiddleware[1]
      Executed endpoint 'gRPC - /UnityILPP.PostProcessing/Ping'
info: Microsoft.AspNetCore.Hosting.Diagnostics[2]
      Request finished HTTP/2 POST http://ilpp/UnityILPP.PostProcessing/Ping - 200 - application/grpc 0.2080ms
Starting: C:\Program Files\Unity\Hub\Editor\6000.5.8f1\Editor\Data\Tools\BuildPipeline\bee_backend.exe --ipc --defer-dag-verification --dagfile="Library/Bee/1900b0aE.dag" --continue-on-failure --profile="Library/Bee/backend1.traceevents" ScriptAssemblies
WorkingDir: C:/DEV/NTI/2026-2027 Programmering/TIA 2dshooter
info: Microsoft.AspNetCore.Hosting.Diagnostics[1]
      Request starting HTTP/2 POST http://ilpp/UnityILPP.PostProcessing/ConfigurePostProcessors - application/grpc -
info: Microsoft.AspNetCore.Routing.EndpointMiddleware[0]
      Executing endpoint 'gRPC - /UnityILPP.PostProcessing/ConfigurePostProcessors'
info: Unity.ILPP.Runner.PostProcessingAssemblyLoadContext[0]
      Current configuration matches the requested one, skipping
info: Microsoft.AspNetCore.Routing.EndpointMiddleware[1]
      Executed endpoint 'gRPC - /UnityILPP.PostProcessing/ConfigurePostProcessors'
info: Microsoft.AspNetCore.Hosting.Diagnostics[2]
      Request finished HTTP/2 POST http://ilpp/UnityILPP.PostProcessing/ConfigurePostProcessors - 200 - application/grpc 1.4759ms
Asset Pipeline Refresh (id=58a3d39ec128df2409ca62c2d73c0085): Total: 0.029 seconds - Initiated by RefreshV2(NoUpdateAssetOptions)
info: Microsoft.AspNetCore.Hosting.Diagnostics[1]
      Request starting HTTP/2 POST http://ilpp/UnityILPP.PostProcessing/PostProcessAssembly - application/grpc -
info: Microsoft.AspNetCore.Routing.EndpointMiddleware[0]
      Executing endpoint 'gRPC - /UnityILPP.PostProcessing/PostProcessAssembly'
info: Unity.ILPP.Runner.PostProcessingPipeline[0]
      Processing assembly Library/Bee/artifacts/1900b0aE.dag/Assembly-CSharp.dll, with 142 defines and 323 references
info: Unity.ILPP.Runner.PostProcessingPipeline[0]
      processors: Unity.Jobs.CodeGen.JobsILPostProcessor, zzzUnity.Burst.CodeGen.BurstILPostProcessor
info: Unity.ILPP.Runner.PostProcessingPipeline[0]
      running Unity.Jobs.CodeGen.JobsILPostProcessor
info: Unity.ILPP.Runner.PostProcessingPipeline[0]
      running zzzUnity.Burst.CodeGen.BurstILPostProcessor
info: Microsoft.AspNetCore.Routing.EndpointMiddleware[1]
      Executed endpoint 'gRPC - /UnityILPP.PostProcessing/PostProcessAssembly'
info: Microsoft.AspNetCore.Hosting.Diagnostics[2]
      Request finished HTTP/2 POST http://ilpp/UnityILPP.PostProcessing/PostProcessAssembly - 200 - application/grpc 20.3751ms
ExitCode: 0 Duration: 0s626ms
[581/727    0s] ILPP-Configuration Library/ilpp-configuration.nevergeneratedoutput
[723/727    0s] Csc Library/Bee/artifacts/1900b0aE.dag/Assembly-CSharp.dll (+2 others)
[             ] Modification date of `Assets\ShipController.cs` changed while running `Csc Library/Bee/artifacts/1900b0aE.dag/Assembly-CSharp.dll (+2 others)`. Old timestamp: 134333508803896236, new timestamp: 134333508813440210
[724/727    0s] ILPostProcess Library/Bee/artifacts/1900b0aE.dag/post-processed/Assembly-CSharp.dll (+pdb)
Processing assembly Library/Bee/artifacts/1900b0aE.dag/Assembly-CSharp.dll, with 142 defines and 323 references

processors: Unity.Jobs.CodeGen.JobsILPostProcessor, zzzUnity.Burst.CodeGen.BurstILPostProcessor

running Unity.Jobs.CodeGen.JobsILPostProcessor

running zzzUnity.Burst.CodeGen.BurstILPostProcessor
[725/727    0s] CopyFiles Library/ScriptAssemblies/Assembly-CSharp.pdb
[726/727    0s] CopyFiles Library/ScriptAssemblies/Assembly-CSharp.dll
*** Tundra build success (0.59 seconds), 5 items updated, 727 evaluated
Reloading assemblies after finishing script compilation.
Reloading assemblies after forced synchronous recompile.
Begin MonoManager ReloadAssembly
Native extension for WindowsStandalone target not found
[MODES] ModeService[none].Initialize
[MODES] ModeService[none].LoadModes
ScheduleIndexationOnStartup MainProcess:True IndexOnStartup:True
Mono: successfully reloaded assembly
- Finished resetting the current domain, in  4.658 seconds
Domain Reload Profiling: 7271ms
	BeginReloadAssembly (1635ms)
		DisableScriptedObjects (177ms)
		CreateAndSetChildDomain (740ms)
	RebuildCommonClasses (24ms)
	RebuildNativeTypeToScriptingClass (42ms)
	initialDomainReloadingComplete (204ms)
	LoadAllAssembliesAndSetupDomain (705ms)
		LoadAssemblies (345ms)
		AnalyzeDomain (340ms)
			TypeCache.Refresh (18ms)
			BuildScriptInfoCaches (263ms)
			ResolveRequiredComponents (56ms)
	FinalizeReload (4661ms)
		SetupLoadedEditorAssemblies (0ms)
			InitializePlatformSupportModulesInManaged (6ms)
			BeforeProcessingInitializeOnLoad (447ms)
			ProcessInitializeOnLoadAttributes (1020ms)
			ProcessInitializeOnLoadMethodAttributes (391ms)
			AfterProcessingInitializeOnLoad (43ms)
		AwakeInstancesAfterBackupRestoration (1533ms)

Asset Pipeline Refresh (id=df2aba41f3b89e54f8ef7cdd1cedfefd): Total: 7.805 seconds - Initiated by StopAssetImportingV2(ForceSynchronousImport | ForceDomainReload)
	(Values over 0.05ms)
	Summary:
		Imports: total=0 (actual=0, local cache=0, cache server=0)
		Asset DB Process Time: managed=0 ms, native=4912 ms
		Asset DB Callback time: managed=90 ms, native=1 ms
		Scripting: domain reloads=1, domain reload time=2791 ms, compile time=9 ms, other=0 ms
		Project Asset Count: scripts=980, non-scripts=1925
		Asset File Changes: new=0, changed=0, moved=0, deleted=0
		Scan Filter Count: 0
	InvokePackagesCallback: 7.564ms
	ApplyChangesToAssetFolders: 0.526ms
	Collect global state as custom dependencies: 3.036ms
	ProcessAssetsWithTransientArtifactChanges: 4.719ms
	CategorizeAssets: 79.533ms
	CompileScripts: 8.865ms
	ImportOutOfDateAssets: 4733.863ms (4676.364ms without children)
		CollectScriptTypesHashes: 2.951ms
		ReloadNativeAssets: 2.227ms
		UnloadImportedAssets: 0.497ms
		EnsureUptoDateAssetsAreRegisteredWithGuidPM: 0.774ms
		ImportSchedulerStart: 53.953ms
	PostProcessAllAssets: 90.073ms
		MonoPostProcessAllAssets: 90.065ms
			UniversalRenderPipelineGlobalSettingsPostprocessor.OnPostprocessAllAssets 25.562ms
			SyncVS.PostprocessSyncProject 22.060ms
			AssetChangedListener.OnPostprocessAllAssets 15.608ms
			BuilderAssetPostprocessor.OnPostprocessAllAssets 14.475ms
			AssetPostprocessor.OnPostprocessAllAssets 10.962ms
			SpriteSlicePostprocessor.OnPostprocessAllAssets 6.246ms
			WindowAssetPostprocessingWatcher.OnPostprocessAllAssets 5.098ms
			SpeedTree9Postprocessor.OnPostprocessAllAssets 4.595ms
			ShaderGraphAssetPostProcessor.OnPostprocessAllAssets 4.484ms
			RetainedModeAssetPostprocessor.OnPostprocessAllAssets 3.414ms
			EditModeScopePostprocessor.OnPostprocessAllAssets 2.794ms
			ProjectSettingsPostprocessor.OnPostprocessAllAssets 1.966ms
			ArtifactBrowserPostProcessor.OnPostprocessAllAssets 1.724ms
			SpriteEditorTexturePostprocessor.OnPostprocessAllAssets 1.553ms
			TMPro_TexturePostProcessor.OnPostprocessAllAssets 1.312ms
			TextAssetPostProcessor.OnPostprocessAllAssets 1.162ms
			MaterialPostprocessor.OnPostprocessAllAssets 1.015ms
			InputActionAssetPostprocessor.OnPostprocessAllAssets 0.903ms
			ShaderReflectionAssetPostProcessor.OnPostprocessAllAssets 0.824ms
			ReferencedClipsPostProcessor.OnPostprocessAllAssets 0.759ms
			AudioMixerPostprocessor.OnPostprocessAllAssets 0.681ms
			InputActionJsonNameModifierAssetProcessor.OnPostprocessAllAssets 0.529ms
			SampleDependencyImporterPostProcessor.OnPostprocessAllAssets 0.523ms
			TerrainToolbarOverlayPostProcessor.OnPostprocessAllAssets 0.483ms
			ScenarioDriftAssetsTracker.OnPostprocessAllAssets 0.458ms
			SpeedTreePostProcessor.OnPostprocessAllAssets 0.430ms
			PostProcessor.OnPostprocessAllAssets 0.418ms
			SamplePostprocessor.OnPostprocessAllAssets 0.414ms
			ConfigAssetsTracker.OnPostprocessAllAssets 0.399ms
			StyleCatalogPostProcessor.OnPostprocessAllAssets 0.398ms
			AssetDatabaseCallbacks.OnPostprocessAllAssets 0.385ms
			AssetEvents.OnPostprocessAllAssets 0.377ms
			RenderPipelineGlobalSettingsPostprocessor.OnPostprocessAllAssets 0.244ms
			AssetProcessor.OnPostprocessAllAssets 0.160ms
			AudioContainerPostProcessor.OnPostprocessAllAssets 0.139ms
	GatherAllCurrentPrimaryImportResultRevisions: 0.176ms
	PersistCurrentRevisions: 0.134ms
	GenerateScriptTypeHashes: 5.254ms
	GenerateScriptTypeSerializationHashes: 9.363ms
	Untracked: 2863.586ms

[Licensing::Client] Successfully resolved entitlement details
[Licensing::Client] Successfully resolved entitlement details
Asset Pipeline Refresh (id=99b124bec60b1c64686009972cb70d2d): Total: 0.015 seconds - Initiated by RefreshV2(AllowForceSynchronousImport)
Asset Pipeline Refresh (id=fe6ff80d04c7ece4c91d994510a77293): Total: 0.008 seconds - Initiated by RefreshV2(NoUpdateAssetOptions)
SpriteAtlasPacking completed in 0.013475 sec
Reloading assemblies for play mode.
Reloading assemblies after forced synchronous recompile.
[Licensing::Client] Successfully resolved entitlement details
Begin MonoManager ReloadAssembly
Native extension for WindowsStandalone target not found
ScheduleIndexationOnStartup MainProcess:True IndexOnStartup:True
[MODES] ModeService[none].Initialize
[MODES] ModeService[none].LoadModes
Mono: successfully reloaded assembly
- Finished resetting the current domain, in  1.497 seconds
Domain Reload Profiling: 2365ms
	BeginReloadAssembly (644ms)
		DisableScriptedObjects (157ms)
		CreateAndSetChildDomain (325ms)
	RebuildCommonClasses (10ms)
	RebuildNativeTypeToScriptingClass (14ms)
	initialDomainReloadingComplete (56ms)
	LoadAllAssembliesAndSetupDomain (143ms)
		LoadAssemblies (113ms)
		AnalyzeDomain (30ms)
			TypeCache.Refresh (5ms)
			ResolveRequiredComponents (21ms)
	FinalizeReload (1498ms)
		SetupLoadedEditorAssemblies (0ms)
			BeforeProcessingInitializeOnLoad (79ms)
			ProcessInitializeOnLoadAttributes (320ms)
			ProcessInitializeOnLoadMethodAttributes (148ms)
			AfterProcessingInitializeOnLoad (8ms)
		AwakeInstancesAfterBackupRestoration (532ms)

Asset Pipeline Refresh (id=651f75d4960471346ae041ea08177635): Total: 2.552 seconds - Initiated by StopAssetImportingV2(ForceSynchronousImport | ForceDomainReload)
	(Values over 0.05ms)
	Summary:
		Imports: total=0 (actual=0, local cache=0, cache server=0)
		Asset DB Process Time: managed=0 ms, native=1598 ms
		Asset DB Callback time: managed=31 ms, native=0 ms
		Scripting: domain reloads=1, domain reload time=919 ms, compile time=2 ms, other=0 ms
		Project Asset Count: scripts=980, non-scripts=1925
		Asset File Changes: new=0, changed=0, moved=0, deleted=0
		Scan Filter Count: 0
	InvokePackagesCallback: 2.101ms
	ApplyChangesToAssetFolders: 0.279ms
	Collect global state as custom dependencies: 0.926ms
	ProcessAssetsWithTransientArtifactChanges: 0.118ms
	CategorizeAssets: 30.575ms
	CompileScripts: 2.432ms
	ImportOutOfDateAssets: 1529.899ms (1503.887ms without children)
		CollectScriptTypesHashes: 1.005ms
		ReloadNativeAssets: 0.708ms
		UnloadImportedAssets: 0.143ms
		EnsureUptoDateAssetsAreRegisteredWithGuidPM: 0.373ms
		ImportSchedulerStart: 24.765ms
	PostProcessAllAssets: 31.689ms
		MonoPostProcessAllAssets: 31.684ms
			AssetChangedListener.OnPostprocessAllAssets 15.608ms
			BuilderAssetPostprocessor.OnPostprocessAllAssets 14.475ms
			AssetPostprocessor.OnPostprocessAllAssets 10.962ms
			UniversalRenderPipelineGlobalSettingsPostprocessor.OnPostprocessAllAssets 9.367ms
			SyncVS.PostprocessSyncProject 8.660ms
			SpriteSlicePostprocessor.OnPostprocessAllAssets 6.246ms
			ShaderGraphAssetPostProcessor.OnPostprocessAllAssets 4.484ms
			RetainedModeAssetPostprocessor.OnPostprocessAllAssets 3.414ms
			ArtifactBrowserPostProcessor.OnPostprocessAllAssets 1.724ms
			SpeedTree9Postprocessor.OnPostprocessAllAssets 1.715ms
			WindowAssetPostprocessingWatcher.OnPostprocessAllAssets 1.654ms
			SpriteEditorTexturePostprocessor.OnPostprocessAllAssets 1.553ms
			TMPro_TexturePostProcessor.OnPostprocessAllAssets 1.312ms
			TextAssetPostProcessor.OnPostprocessAllAssets 1.162ms
			MaterialPostprocessor.OnPostprocessAllAssets 1.015ms
			AudioMixerPostprocessor.OnPostprocessAllAssets 0.681ms
			ProjectSettingsPostprocessor.OnPostprocessAllAssets 0.676ms
			InputActionJsonNameModifierAssetProcessor.OnPostprocessAllAssets 0.529ms
			SampleDependencyImporterPostProcessor.OnPostprocessAllAssets 0.523ms
			ScenarioDriftAssetsTracker.OnPostprocessAllAssets 0.458ms
			SpeedTreePostProcessor.OnPostprocessAllAssets 0.430ms
			PostProcessor.OnPostprocessAllAssets 0.418ms
			SamplePostprocessor.OnPostprocessAllAssets 0.414ms
			ConfigAssetsTracker.OnPostprocessAllAssets 0.399ms
			StyleCatalogPostProcessor.OnPostprocessAllAssets 0.398ms
			AssetEvents.OnPostprocessAllAssets 0.377ms
			ShaderReflectionAssetPostProcessor.OnPostprocessAllAssets 0.337ms
			EditModeScopePostprocessor.OnPostprocessAllAssets 0.251ms
			InputActionAssetPostprocessor.OnPostprocessAllAssets 0.235ms
			ReferencedClipsPostProcessor.OnPostprocessAllAssets 0.234ms
			AssetProcessor.OnPostprocessAllAssets 0.160ms
			AudioContainerPostProcessor.OnPostprocessAllAssets 0.139ms
			TerrainToolbarOverlayPostProcessor.OnPostprocessAllAssets 0.129ms
			AssetDatabaseCallbacks.OnPostprocessAllAssets 0.125ms
			RenderPipelineGlobalSettingsPostprocessor.OnPostprocessAllAssets 0.064ms
	GatherAllCurrentPrimaryImportResultRevisions: 0.127ms
	PersistCurrentRevisions: 0.102ms
	GenerateScriptTypeHashes: 1.855ms
	GenerateScriptTypeSerializationHashes: 3.241ms
	Untracked: 945.694ms

LightingSettings: switching bake backend from 2 to 1.
Loaded scene 'Temp/__Backupscenes/0.backup'
	Deserialize:            1.169 ms
	Integration:            180.128 ms
	Integration of assets:  0.002 ms
	Thread Wait Time:       0.066 ms
	Total Operation Time:   181.365 ms
[Licensing::Client] Successfully resolved entitlement details
[Licensing::Client] Successfully resolved entitlement details
LightingSettings: switching bake backend from 2 to 1.
Unloading 4 Unused Serialized files (Serialized files now loaded: 0)
Loaded scene 'Temp/__Backupscenes/0.backup'
	Deserialize:            0.916 ms
	Integration:            137.773 ms
	Integration of assets:  0.001 ms
	Thread Wait Time:       0.126 ms
	Total Operation Time:   138.816 ms
Unloading 5 unused Assets / (0.8 MB). Loaded Objects now: 6623.
Memory consumption went from 0.71 GB to 0.71 GB.
Total: 10.669700 ms (FindLiveObjects: 0.520700 ms CreateObjectMapping: 0.575300 ms MarkObjects: 9.531700 ms  DeleteObjects: 0.040400 ms)

[Licensing::Client] Successfully resolved entitlement details
Asset Pipeline Refresh (id=c4f5ae3e6ef30f74a956189e2ac8ebdc): Total: 0.020 seconds - Initiated by RefreshV2(AllowForceSynchronousImport)
[main 2026-09-08T14:25:05.666Z] update#setState checking for updates
[main 2026-09-08T14:25:05.753Z] update#setState idle
Scanning for USB devices : 51.732ms
Scanning for USB devices : 2.078ms
MonoPathRemapper: Attempts to remap: 144429; Successful remaps: 0
Serialized file version minimum: 22, current 23
[LAYOUT] About to save layout C:\DEV\NTI\2026-2027 Programmering\TIA 2dshooter\UserSettings\Layouts\default-6000.dwlt
[LAYOUT] About to save layout C:/Users/krank/AppData/Roaming/Unity/Editor-5.x/Preferences\Layouts\current\default-6000.dwlt
Input System module state changed to: ShutdownInProgress.
Input Polling Thread exited.
Input System module state changed to: Shutdown.
[Physics::Module] Cleanup current backend.
[Physics::Module] Id: 0xf2b8ea05
[Licensing::IpcConnector] LicenseClient-krank-notifications channel disconnected successfully.
[Licensing::IpcConnector] LicenseClient-krank channel disconnected successfully.
Lingering sessions upon destruction of worker manager
AcceleratorClientConnectionCallback - disconnected - :0
Cleanup mono
CodeReloadManager destroyed
abort_threads: Failed aborting id: 0000000000008E08, mono_thread_manage will ignore it

abort_threads: Failed aborting id: 0000000000008C34, mono_thread_manage will ignore it

abort_threads: Failed aborting id: 0000000000007550, mono_thread_manage will ignore it

abort_threads: Failed aborting id: 0000000000008E08, mono_thread_manage will ignore it

abort_threads: Failed aborting id: 0000000000008C34, mono_thread_manage will ignore it

abort_threads: Failed aborting id: 0000000000007550, mono_thread_manage will ignore it

debugger-agent: Unable to listen on 4316
Checking for leaked weakptr:
  Found no leaked weakptrs.
[Package Manager] Server process was shutdown
##utp:{"type":"MemoryLeaks","version":2,"phase":"Immediate","time":1788877590183,"processId":30248,"allocatedMemory":55199883,"memoryLabels":[{"Default":251661},{"Permanent":15516},{"NewDelete":77189},{"Thread":4197560},{"Manager":36325},{"VertexData":8},{"Geometry":816},{"Texture":24},{"Shader":855693},{"Material":24},{"GfxDevice":55328},{"Animation":25643280},{"Audio":1544},{"FreeType":8},{"FontEngine":736},{"Physics":2146},{"Physics2D":16},{"Serialization":2968},{"Input":45280},{"JobScheduler":256},{"TextLib":27478},{"Mono":48},{"MonoCode":64},{"ScriptingNativeRuntime":1740164},{"BaseObject":1621960},{"Resource":1208},{"Renderer":3080},{"Transform":4685},{"File":24788},{"WebCam":616},{"Culling":32},{"Terrain":11442},{"Wind":24},{"STL":40},{"String":12122},{"StaticString":3808},{"Utility":2674490},{"Curl":48},{"PoolAlloc":2264},{"AI":80},{"TypeTree":2680413},{"CodeReload":448},{"RuntimeInitializeOnLoadManager":64},{"Sprites":102},{"SpriteAtlas":120},{"GI":7816},{"CloudService":9944},{"WebRequest":12858},{"VR":47114},{"SceneManager":608},{"Video":208},{"LazyScriptCache":32},{"NativeArray":33156864},{"Camera":37937},{"Secure":265},{"SerializationCache":1576},{"APIUpdating":10320},{"Subsystems":336},{"VirtualTexturing":57888},{"StaticSafetyDebugInfo":278528},{"Analytics":728},{"Hierarchy":1176},{"UIElements":1949136},{"CoreStats":13688},{"Identifiers":6768},{"Gui":268197},{"EditorUtility":315322},{"VersionControl":8},{"Undo":931},{"AssetDatabase":4607186},{"AssetImporter":40},{"EditorGi":328},{"UnityConnect":35337},{"Upm":1988},{"UpmDiagnostics":8},{"AssetCompliance":64},{"DrivenProperties":72},{"LocalIPC":260},{"ProfilerEditor":9746},{"CoreBusinessMetrics":3480},{"Windowing":456},{"Licensing":776},{"AssetReference":32},{"IPCStream":32}]}
[main 2026-09-08T14:26:31.251Z] Extension host with pid 15244 exited with code: 0, signal: unknown.
